vib_peak_hz,vib_rms_g,vib_centroid,vib_kurtosis,magnetic_rms_uv,current_rms_a,temp_c
49.42434922503642,0.686838444545592,811.3405970290061,6.735214062269851,72.6504004689233,9.56756582166727,104.28482234019417
53.781537925078624,0.6857953195268028,794.5405702844316,6.180943229598679,73.9922886054694,10.274862802187021,96.66283827637918
48.94448803486669,0.43168336643188976,828.6822973207129,4.608988495615516,99.53434393311169,9.23516495563033,98.8153272402825
52.731535551620034,0.6818874502108452,785.3871704973513,6.670249100522631,76.75472898283799,10.523071997366001,106.56667691013156
51.18545823087,0.6625017505573041,818.7118263536506,4.949072671928688,82.82334850493618,9.525721419019543,99.14029338742858
49.15472774652648,0.6851606254978008,681.4285021440546,5.071198037478423,79.85474120999552,9.688947651691528,101.69847243253659
49.993202158285946,0.5823099012636099,773.0983317237307,5.662518756780808,78.91243074090578,9.544751730785643,106.43856806226972
48.79962447924888,0.779019103992861,713.7243583824958,4.1172004388382195,79.19617271995406,9.612489143963277,110.6329553796052
44.122369746889746,0.6494651946482668,821.2841881666061,4.986350752589,83.00723943223998,10.020147035449154,105.51616776132134
47.9888463156199,0.6941642610768143,765.0742116729787,6.351127275527912,70.61482215804637,9.10139734345646,103.37843746357362
48.560732730711045,0.761329224473524,793.630906237792,6.591086710787605,73.46442914973618,9.390841997718798,104.57025470005856
42.005543966979566,0.6205358014618723,817.8412622481214,5.370012311062834,67.12240055803575,9.167240099780674,96.89175394679737
43.579730801166036,0.7084942876525905,831.1635605492357,7.684956519605982,64.69179310657084,8.166895349663564,100.91137273462208
54.29317110372958,0.7048506991615359,821.6803818246633,6.711930068440279,74.8723352935081,10.725511751521974,113.70552054293537
42.281530384736016,0.7319193001324226,845.6214182476895,5.707934456788335,78.42424850491865,8.064099496706337,96.62996303667936
46.428260100268034,0.6352929222333952,702.7445586803641,6.085017234660601,95.69414460625839,9.518442427520483,110.38316488127455
68.07307774272567,0.5742834294951833,698.9921781685348,4.702091759810593,79.64013693460001,9.739693413546556,107.06501269646428
51.220346314724516,0.7057267372900223,624.6142802788963,6.188854306324654,71.70483945245782,10.750594024056873,112.25723658810337
42.581629050388976,0.7716599850579493,667.7849298952624,6.10051034557304,85.00233555182216,9.82090995934693,98.75403524663969
53.91356225988562,0.7029264949752717,793.424992779381,5.711246025699029,93.79863854848185,9.934972493843343,99.02256904417025
44.6451971297623,0.5952388223878973,978.3909332895591,7.65102186987772,75.26631048651815,10.009016944966204,101.9030489824886
38.726497597641185,0.6647696945456608,738.8383010315534,6.807077911024869,90.20523129638583,10.545430315631801,105.9017685587703
59.408390907809405,0.6965757819033004,777.5598477476898,5.230686253853415,73.64019709744095,9.866275393457622,101.82502614687736
50.63685847223458,0.7807460878812665,701.5216799742842,5.88024195028558,81.77152476041852,9.355390299983146,95.20781573554106
41.519842379577085,0.7031964047506851,736.1526619727255,5.436462668273883,73.40200023397746,8.981663754904911,110.10191832987321
48.472989221487076,0.6700465142852,709.2781637802011,6.231959283700461,76.74688270443454,8.034992510827758,100.9754539770121
46.14616327617026,0.675815198658777,872.7736024853302,7.12990961990955,68.95709910592298,9.45498043692268,114.17523196331584
46.32952428705106,0.7663577214401934,866.552164931777,5.117575331884191,81.21895516370054,8.931015068019386,107.29977210790666
49.9661887843171,0.5362970205953161,773.8799934124311,4.636656760437297,74.66341358587532,9.521065220168573,106.13314549099452
37.53097319482976,0.5857071875397377,799.6046830675413,6.626606528139615,77.79259773280522,10.672238962743172,100.22736635437799
47.15226340386821,0.6970594897790318,593.0626596651998,6.029637781483553,82.06100378991125,8.538982825062789,111.38950436673028
43.237801113963314,0.5441636501229031,724.0216167539983,5.736639303093286,69.20164555017945,8.554026186466213,105.25698644445292
45.92356910454215,0.5854559442780441,823.9751407264148,5.602621643414918,74.02270205079482,10.119401285388093,113.6831704697159
44.080820273228845,0.703615518667143,539.1723455631343,5.720503882378471,73.69553551985106,10.010704935459936,111.24624433533803
54.45741629416755,0.6541043444143759,813.2581705445981,5.223559040135717,69.49326747642198,8.938915161038443,103.68394543894183
51.71292795130773,0.7619383076453653,819.6455126526014,5.726514206019399,77.89996233594991,10.53517637991182,107.50109140602999
46.96993815056354,0.7549874432531892,867.0072065488756,4.327815285093348,86.47628510994589,10.763071532004084,115.3048559072827
52.87473818224811,0.5318356147082755,832.6792109059878,6.468716564790342,80.76192420540843,9.865167642970626,106.50852940754028
46.44095502378608,0.6471077632143011,834.0101484202697,5.619789351768091,73.18140912589924,10.013280330536121,102.25601905351577
52.924609480245245,0.7942759417252071,740.4797560093509,6.134402052594069,74.30920341190354,8.94850874922359,98.13221899426927
42.315252730728616,0.6421478439574491,761.3460263403888,5.372718987044047,77.22152924231266,9.100648446699932,102.52288859874056
45.79491587807353,0.5786170267974844,709.0744302348901,7.072580862408809,77.27744596887688,8.441527441260954,107.46622938963095
47.17818834797509,0.5452158713511255,796.3188542877224,7.04072746638762,80.515413296017,9.042734620917305,101.61095250826837
47.687540004575055,0.6217511322435375,791.5865866003528,7.98290779034104,80.9357034722763,7.284490134642185,112.06149505821249
42.701326250658575,0.44253336172701363,870.3117174174736,6.499452076187372,64.87850251808726,9.172155560892255,113.4450449970196
50.03552894098388,0.7374048076842188,814.2625538776936,4.662051104728831,80.33444223719829,10.159047409599728,105.98969559211628
46.40514820082914,0.6767126816064435,696.2117231418949,6.427078471272789,75.38404189078774,10.544206442211426,107.0272898558464
52.10447983239084,0.6060114455242068,903.0925617019752,5.184360336396614,83.3487787356056,10.472759800404209,101.59399699122793
52.23919036293182,0.6505648079998655,730.6911690139865,4.799740871195073,94.4651440241178,9.89242342744471,103.01888879366298
45.84162925323598,0.5312184358295495,869.6123211125433,6.189202584446087,77.64622828704678,9.749205698434402,103.71163730385445
47.43980257461301,0.7030181068227281,856.6809514067473,6.552163821281352,71.20702024431918,10.174056461072444,104.04432943443702
43.84657447084299,0.5440267030422286,896.3770525550358,5.125346096871254,64.39718637875413,7.575158821734517,94.1639676090119
41.396323221202884,0.43150955193212737,817.2940976647046,5.866276204707128,82.73281379939986,7.47449555699186,95.28184735497895
48.26121847986006,0.565195481159191,686.7254224789358,6.746166250161631,81.40334582950769,10.646387868968572,110.34321595585678
40.64187397908907,0.7718673672950394,889.4627935214655,5.982483018882983,71.06129315213812,8.99905918938035,99.22199293265712
47.761632022521404,0.6677295119034113,779.2803198569142,5.552816658093226,69.20659669311361,9.181965331410852,109.06005659305295
36.444522475321556,0.6042427112552635,959.5879866094608,6.3749910840978385,76.16743576961026,9.267233371239792,103.81518946754166
51.96769844788461,0.680526272112154,772.4878214136603,6.222218278033719,74.30869014618519,8.657828492856122,104.69060695680747
55.2248423577562,0.6137625607609017,756.4262491647971,7.120283530784217,62.53140782368422,8.0327159555277,105.70419694495955
49.77487640480863,0.8341304434413385,854.0528680094833,6.299666749291097,78.54344044784992,9.971386644349717,100.02926036241801
52.67565597368453,0.6665143202381874,682.9220216170705,7.152669222744938,82.24449088897099,9.140466285061253,102.80738671004183
52.17074339015985,0.5248871021923447,748.7396924779453,6.770251232642751,85.45600546453005,10.795889796350364,106.12318409293287
54.12641329277989,0.87953668406092,784.750236152371,6.369984916037925,70.26176095439409,8.929417122631246,107.05176502226213
57.415513497869824,0.6694276279763999,773.5124770986761,6.267137487673824,67.54837930113904,10.117978352559843,91.75534999726366
46.41834068924125,0.6671979224062572,767.0412822520174,5.441007124795284,67.71198756403257,9.212408401253656,103.4291667894427
47.61110322490547,0.6248995682636702,781.3096918218479,5.486017030995155,64.14546564730007,8.79136401020027,102.5267244830534
48.91293757714157,0.8277515420001609,778.3428364688234,5.183920270513088,73.11372752723003,9.087308293369802,99.68239703808783
41.729436965268356,0.6558691484399475,796.7652936811087,6.529337213352917,89.0835474128848,10.55673777958079,94.39232215416581
45.62102682465602,0.6269882397362323,733.0977899142672,5.329776609887206,73.37796481693537,8.859955194520051,98.16993048052372
50.392953120556136,0.6302005867556479,773.6023906311053,5.758650567422825,75.89398031854414,9.129749616284768,107.56188707235023
43.379098216157146,0.5699630087145597,704.4363811555902,5.634129567857581,97.67493304581004,8.484102681544426,111.74876124550325
50.729750822397236,0.5548691632400553,681.6875648618599,5.883065075310372,86.17421747621592,9.313758853230787,110.19940222522395
55.42177523090179,0.6254188100660552,827.8252702061918,5.985158549084721,84.04466422071073,8.094243120779549,102.23149163244159
47.017683116144866,0.6492441497599725,766.4124269613216,6.765211312633673,96.59747457581473,9.375782537693226,101.80370134042732
45.87337611629847,0.5950676848341196,811.8860313421751,5.529575540294155,82.55024527834718,9.375594081447899,109.63123594330673
49.050347614073665,0.7619640931735696,799.8145543779438,6.488220124410292,89.47454799821722,8.550059369493178,102.29236041771341
49.96554563932807,0.698604953174258,822.3611880120537,5.485313710962168,83.17546573081182,10.05604417782886,97.2330230671583
39.07929132337361,0.7149081204454893,594.2806274529023,5.322598898680588,76.6496543630409,10.29176870205255,112.37882415358885
43.84800012318411,0.719758373044089,903.3653703267083,6.2923220827985995,85.51627252197206,7.93790860406609,102.44434263922368
47.71057132974994,0.5720411533565027,782.4525957765496,6.442688723898403,95.9335909471044,9.656984652394948,97.70044289503095
44.45612166457889,0.7672985362947469,671.6635694029766,5.345121016841442,77.4404331999003,10.36366862936899,104.95033488664599
50.19779243477106,0.6641068108442904,733.6113736132725,5.450441118824955,73.12757019318812,9.51030174748697,102.00517119083662
46.49896577781607,0.6901556195992912,731.2370004128471,6.479227347719204,75.8983204310317,8.61539230146857,109.29538830812233
47.31284811036967,0.6289809707329119,849.6086910610628,5.7579469523887665,87.19570472004644,9.72063822793634,98.24943032844413
49.97235920527649,0.814255380482273,753.1811796746698,5.964139944648103,85.24132568076644,8.343088308841052,94.78540112921186
47.79500513525704,0.44521989395046063,639.6367870384784,4.976628230728659,85.96045550511218,9.769422557510286,107.97694136125983
45.366093287999306,0.4437128202146708,775.6408934828488,4.875859124622001,67.12515449971511,7.462400939330797,114.2401219965617
47.15292485463913,0.784890349289995,700.1617565313696,5.807021431800824,62.57088116415513,9.059366109277672,105.31619871970811
53.87187492637388,0.5829094465144,796.9041906070057,6.027388536631738,97.5139386414583,9.971744125875027,100.25608153090177
50.94092195984203,0.5280615255572897,795.0777015958712,5.52006058907246,76.72619800109078,9.783507566714073,108.33260101264469
41.66462514500685,0.5499871919754147,613.6912391929717,6.137512975649013,78.3484879337587,9.625284122496664,111.06961912308599
42.960692801506866,0.5298117432997183,805.7766989482511,6.785171430401094,71.75256500325331,9.102776090936814,100.23534039690028
48.995988966904086,0.6689924610113904,780.9602045032124,5.0508584153958935,64.37048818455378,7.748124795212615,113.39211307874372
46.55412878649311,0.7240979123556982,784.1550562667894,5.539563658542885,87.29840818741606,9.965101903671828,102.41984277664464
47.42442080293453,0.7121367507321393,770.4407183161733,6.59498110223393,89.95679437127004,10.341105143578494,107.8917839469493
52.94018258153311,0.6599582204707604,830.7966254904289,6.436044287450241,86.3511189218438,9.389681654920754,109.20807272567883
40.368486801745924,0.6331319288322104,633.0254647380933,6.917461200805815,93.37277302122365,10.682630082519376,104.25709721904165
40.9203983534849,0.5588581116077531,871.2895954057725,5.101563814913435,82.2635985317595,9.034886367160967,102.49276753484955
49.2817487523152,0.631239438191281,696.9045159991759,4.997514278055836,69.63318400900127,9.450127728149354,103.57398904278207
46.401593704245656,0.5900112453934483,805.1544344999492,5.311443475763993,70.00714725171628,9.54425486073523,110.01590682567407
49.805928662310826,0.6035723431815384,795.3577124176251,7.079768317525863,77.58584628394463,9.490085472395645,111.34295250695054
44.24087037045486,0.6309044161048583,816.2406680162267,6.531789861288973,74.96686179480278,9.285291312493875,109.49948713832882
50.161009092557116,0.7272069509669354,898.0330243647477,5.400426583496219,83.43682418311614,8.7343401448142,98.15494246973167
49.529717909679924,0.5537613267833444,811.1208430860256,6.478926875973972,80.303038619363,7.912473140702664,109.97271252839535
48.86620991894697,0.7468429390060876,895.8449361471935,5.418958845577986,76.2656530617029,8.776577297654864,104.58650453765108
45.43951290848419,0.7395783018453033,805.688558918683,5.395325014905401,91.8964491075414,7.745148980791847,104.49120154128366
49.04006560749612,0.4654457551923874,715.0463555710297,6.037823384460415,73.72811362129373,8.805935604819924,107.24434813972829
45.35894850191911,0.4569930976033725,657.0091007454859,5.236722622399517,77.60465468743587,9.704317425762122,101.535002596662
50.45863284951246,0.5473016622709155,796.9912377313964,5.850433041112469,74.46947205185471,9.206886101226473,104.54895709680451
43.063350918165106,0.860405756527956,662.7942011666032,5.798869103167401,58.51405789717941,9.50628061118548,102.09029887907549
40.55777444557035,0.747457717324625,729.8184810247532,5.914240491208784,75.97935880412251,10.2255795883886,100.34047402136798
45.562878975824596,0.6297454242027081,756.6208874051404,5.639944296765854,88.65497638310731,10.713493932716187,115.05233106265746
44.79426358254834,0.594238558890702,769.1458991195358,5.150076836659924,80.95143215744567,10.287303089361831,99.96941963534086
48.16045850858046,0.6954871752472009,855.2969512807001,5.449052802223324,56.10566969172125,8.979769523121494,109.1983432514927
50.34550090352946,0.6456128132454412,728.3913962866934,5.250760713447457,68.93544956070336,9.351676036080816,105.96291995801411
50.17937351286311,0.5040632962345866,836.6236039854076,5.347848045744846,74.73258059765405,9.587745820797085,98.48259954239305
51.33566891338658,0.5500246445815729,897.7396323594387,5.884487715345609,80.5560847032403,8.83243182320978,103.09471573747945
47.36918417164835,0.5192313380667716,833.5095056487276,6.231843256140645,65.91355741707852,9.986264235033634,104.73793151806677
45.88848720283382,0.6552549393601165,774.8722972780325,5.055184841103487,68.02329145044418,8.607499499840797,106.5674889569993
44.785745042635575,0.5586585377188624,783.0169774036291,5.886564231594463,93.33837349120041,8.948412483005189,106.687843449907
47.09464153823594,0.5615787470404643,617.7587236655495,4.590956400009915,80.58642206194854,10.07543742520839,101.84494011360565
48.369189060740645,0.609518331721834,801.4595793077715,6.3378891500827566,82.71446286894674,9.886617748514057,110.80547452774172
48.132638384347,0.5898261137413318,803.6172385027471,6.283214637388513,82.93435498307856,10.63857933194588,104.11736020411828
53.7365183566162,0.5425043866894184,809.9186458367093,7.8485888000459125,68.50813546272225,11.529642145664091,103.87119962345608
49.80309600452242,0.6408645129497252,788.0841945695477,5.216502237527344,72.98378811326623,9.08381060947803,108.64995077192948
43.10321327014201,0.6964787874270708,890.1092746840816,5.993360230123309,88.13616523663465,9.77062157960772,102.34145671953705
50.588113406067706,0.6280743027207673,859.6416268013613,6.588806365907358,66.46087731888292,8.042714135317476,99.8633260601304
42.27647245907383,0.5927174257377253,721.2735482886492,4.925395985534547,74.78147952685657,9.458333773581032,101.17173433133968
49.32292477089747,0.7377061193434136,738.210944089171,5.3083844678566425,76.69038873033652,9.27946356751759,105.71834229554612
47.60778027187497,0.591698975089781,893.4973818111886,5.7115584876261005,72.9956371571514,9.04724728450535,100.96841416892931
51.806889180195185,0.5300104585284512,850.756813420858,6.200951579644769,68.88459940073733,9.056255788147029,103.67013641024808
43.66440754877712,0.698185826154518,766.9997575041418,6.425708441179704,83.74029990729332,9.23216098431287,105.78031241783665
45.346797743484764,0.4493377147266864,624.4564564757488,4.66315871486175,74.4911817358394,9.198757558943868,112.06419490643525
40.50432974348462,0.9023866099535772,741.5538350379143,6.320386216104924,77.0112512668255,10.347564859541475,98.41913609645144
54.09785193494153,0.7987187672773214,730.1160412240713,7.761957763944443,78.11889461196733,8.969418608144858,100.57067848608297
49.54571691921879,0.6959732645860756,835.5435850787509,5.922897935642325,67.65951983201595,9.76507714001208,102.03385001732154
54.45202355790635,0.9884329030309716,999.2236898039093,6.09884386018842,79.87014997507417,11.099395902520174,106.88759216390399
46.961160271338535,0.7586316843188946,662.07382631416,5.5523115146273785,62.6816909752792,9.884114366993481,105.30294612706119
47.79996258966253,0.5778084123045585,583.3489214813652,5.688663018504437,80.9718471036467,9.341493044687379,110.28292201680158
45.07721985188639,0.7657918599450061,890.4979447457873,6.5715158095256605,73.97534569834039,10.350609569594493,106.25308306883694
54.34764165848155,0.5527966069581184,699.0430170268631,7.505961908765155,81.79709461211307,9.995472579290304,104.12599560973496
47.36513604512213,0.7779854992657309,863.4573770552431,5.1189812879266805,86.67701849091841,9.076326302147017,104.87461025339506
50.985615871552646,0.5489070370748583,904.8573528030057,4.694777306796026,80.09172148903858,8.816231801231861,106.8713810666682
52.16265439793875,0.6770718704374743,818.8693585422445,6.2604356256717315,73.1126887324074,9.433834452071782,97.21899534701546
50.64774778208616,0.692233412276082,810.3805479929,5.997149187466571,75.92470334613019,9.611487703762377,106.24708051885602
51.64332336667277,0.8010003324373852,971.8969635805987,6.359547663759457,81.23145495645169,9.124080995539815,94.39266242337315
51.88101764858421,0.6752314514953643,843.8164360527741,5.880879131345634,84.59239717702478,9.409418174312215,111.62463055978627
54.738555585709825,0.6648573818315877,763.3039573166966,5.64047385055746,79.84701423428595,9.056408003058529,113.54101767739976
47.50731038618305,0.6115031586626828,626.9486994129807,6.24210232259486,82.505676865269,9.149121098369267,107.05862944868102
49.6372738846551,0.5910156736739535,820.1702385189519,5.1918761746811475,77.47621659557655,9.534106219586938,99.7168518859538
52.47605815546527,0.5259193025078933,802.5839556832768,6.579519167435045,101.86386319705815,9.358678069064569,107.36731750338005
52.72224350920826,0.6979996543357253,865.768714528054,4.865833663591386,91.35844081988296,9.759654848852339,104.66995231715347
53.50223437011003,0.6810556244599444,728.4355802197551,6.118844922982877,80.45026647129345,10.012709794915102,102.78784169052084
50.03360903193724,0.5503162657994375,831.843321257915,5.276849740311201,77.72173539348448,9.015113783941887,107.06681248979157
40.59763526891584,0.7333415766012777,749.4144224274127,5.700107253656918,88.61131560574921,9.432219645956671,107.88488821431731
53.96749217084331,0.5933456769419571,785.8915576666983,5.641792651790082,73.82389427178494,9.271902729525339,100.94273501477117
59.855973469385304,0.6340279770364958,918.6352505968572,6.15726008296604,72.26627276496619,10.8033846162227,101.68710269621897
50.29396052920383,0.7647905672257832,758.3881307709189,5.787701028227742,72.70885949768736,10.277048079617023,111.50874085282268
47.35244767125086,0.5904837166101488,735.1900871718855,6.669207000379389,68.6835402941122,8.513873400302812,112.14557895165
37.66726481470477,0.6033848483228971,676.652565489353,5.3240442869433515,79.23531553488509,10.124594290243316,109.04552495204632
48.175170855064735,0.6383022736039546,762.2277289212352,6.189060418358527,88.02188027405413,9.30226998845662,108.48714167765259
43.87976902663884,0.6416712962169306,702.4400801729736,4.458858888919224,78.81850967898852,8.792169746947055,101.26082603200385
44.88755873990357,0.8310916018267391,889.5487901672744,5.430829198791505,91.25913345853245,9.985895389702806,103.97781948051937
43.262260719673236,0.7007936624612418,751.5247969432488,5.159022306867716,80.91610807357299,8.232350217066637,111.74494338685048
52.467510337741864,0.5048384920942175,741.9816410230419,4.948710684591692,87.50606462108048,8.558390423425276,106.0792098378147
53.32819368716544,0.6464359489538094,693.3656142468469,6.06897634151368,86.12265918943595,9.664284399686919,104.16172213359744
45.62697868082746,0.6864736955640015,783.0723288144062,4.894972584832538,70.31298779782801,10.379149525154862,111.8106977125504
49.094632221400325,0.5306447617196125,770.1889131778287,5.873348117467183,82.36322496810274,9.208874471171155,115.00380301789669
37.75627705979792,0.6645616110671649,827.7742804930867,5.686456277068231,93.913601247839,9.559561142740808,104.19280799146333
57.114384139577055,0.7808641723621568,778.3530078745969,5.965758990367937,71.09965519765817,9.687412654183442,105.79717615469897
52.83961798158725,0.6493370649539005,1002.3116357763586,5.522431650047013,80.05483500837681,9.45113583393172,118.2043167253139
56.412862469456954,0.44817073896459825,827.0458555954503,6.809152484087909,77.55562858570721,8.472320313579525,100.50070743935703
41.54338549250061,0.8101458372266379,789.8109057835029,5.618404476433009,78.10874475224897,10.417257221044776,102.64574785870188
51.77924932288043,0.6256959695070183,718.1548467641787,6.32085357522815,102.17873005740203,10.459252671767219,102.27739648633603
56.30609889202582,0.6722955827054714,739.9948485288086,4.755916869811286,78.09445498575641,10.05499177962488,101.51829616507148
44.55863749807393,0.6724111293366233,939.6942999096584,6.056673654432173,73.4831040912287,10.475968759426657,107.18142955707742
52.292245211934365,0.6866041051534185,778.4805211388348,5.992944286235851,85.32627297174427,9.21618156928842,104.46888771118152
53.250878041774165,0.4333489309815838,852.3983017654101,5.384999171778595,76.41454780535877,11.344066696765278,102.28389089886392
48.74435854706674,0.6905090588470377,715.6169917605014,6.038591216536914,80.60798524193468,10.374236162132409,101.9330888323807
54.6469823941121,0.5815317390606128,767.9111328255151,6.357778534245622,66.21721458979353,9.60091588256516,101.0874615374251
49.98139964425242,0.7045615499686936,812.9573253065141,5.224164897104321,57.27530591555268,9.647156431700807,102.54089722104611
45.893610343597175,0.7099204192713985,1003.3869322076775,5.952453716921795,68.12840619514465,9.848607391623682,111.15114396908945
56.484338620686295,0.7847077100745551,804.2586603976154,5.275948010286818,58.68925459050402,9.799758322602141,110.31675682367356
47.65448613158866,0.47510176022948636,736.2471642592922,5.712337041327212,58.87110756359136,10.11933821309839,103.9673057898968
51.06595939823996,0.7061272866190129,780.1408197657829,5.24693380650771,65.9592453786207,8.644327107836375,104.32878172499088
43.78036191383474,0.5568240346668645,834.5338081550948,4.758589317032898,78.84504343787317,9.508871556350725,110.63068940108703
54.228507096895385,0.6432701675205398,801.6939011240437,4.618276580288201,79.31606761884422,8.551310884855903,103.9066718278009
51.023696039059,0.5062743632160714,733.1936517818252,6.058706185674579,76.95445940792386,9.569674293393316,109.4098972406434
45.45853214539257,0.6069922245693765,796.5140915651773,6.262740120841924,84.79450472608481,9.842904735387215,105.48122981084632
51.03346877729403,0.49485829990283803,938.4377305511044,5.894640157264996,97.01311913653771,10.42542849008108,95.23826030418621
54.55486935464394,0.7650815636583524,776.1194681295597,6.426361938599486,85.19358359955402,9.948944895673042,96.05513346374322
50.2019045348567,0.5243789620567232,729.9426417256115,6.346371087872426,72.73638777942571,9.600923644003267,103.64391741354993
46.892759359015855,0.7030830190766885,886.560044304855,6.625534019264193,77.15213778799223,8.073853106152864,100.43274323664832
51.68613001084209,0.6466257234180124,903.3924812064806,6.5308050672309905,88.04719228359515,8.915836297402183,101.78348349378612
47.0587143828895,0.7093630881398808,892.6508552662465,5.868374544063654,77.8821697778434,9.795628966185356,96.04171854972765
42.07119527179983,0.6229317445418396,795.2104796003998,6.164414758926166,81.62225509765749,9.856730606113187,109.14429574666867
53.357065266320674,0.697222834400374,733.920373292259,4.55624909967309,69.915071919101,8.753813249900332,103.11059340795374
54.18945061546151,0.6115727846044152,717.3487735543004,6.356733809259882,79.40221402699548,10.821429709500762,104.18822007272797
39.95791212674425,0.5513835804923632,695.1249056009655,5.087299308202249,73.74362911724258,10.160171465347098,102.92043567829286
48.361511774003844,0.8515174117983342,746.2475493718996,5.815869457225356,80.88533019176127,10.424789046770966,111.4266420315245
41.72325132063533,0.6870667912930128,879.7860126584787,3.9026383285465607,78.16179275866497,10.914619422471137,102.26175355105444
50.14951154643705,0.6333168439830724,514.1764257647737,5.371734898120905,78.67004622740292,8.987920987503992,102.32798053984203
44.963150354895255,0.5541725065095098,718.2646616857826,6.915818439950032,67.10519238573603,9.783896459865435,101.47578077827035
52.91664441624803,0.5422077281453048,750.760525410237,5.969613410010931,80.87549734600135,9.082911106882452,106.66959306536947
53.3039032692772,0.7085993191471874,683.0017206845359,6.479417500530084,67.96496086366122,9.61372229352162,100.96931303249549
50.45634926057017,0.649483806763461,800.593299933119,5.112815293294741,84.86406234166553,10.263244062461993,101.62257002734559
56.473924371201846,0.5669742127982126,669.3801164549317,6.054628222162921,78.30486273272126,9.573153440297157,104.55967434050656
52.95845747946331,0.6476420728406109,915.6827631547167,6.111651751846646,75.68043009754396,9.020275278649486,102.875868451771
49.19145908723185,0.5909109645751434,837.6832018485845,7.080573234206254,71.92417968228942,8.741659460336992,103.8062083188355
55.128875110538736,0.7039699911885319,649.2389680947483,5.564610295601841,99.77877161744593,9.105915134556732,105.09867192319608
43.91047150539872,0.6259010881484032,735.470232688149,6.1842832459484205,79.34585673531538,10.186829481601054,103.21220625483281
46.88835967223254,0.7574876334883881,675.1752827138521,5.8421409235287545,80.30288141162755,8.031615616505997,102.96941806358274
43.59829645005926,0.5427972229559793,851.1929570613195,5.808687414625117,88.32327058549973,9.596172310569523,106.68571584242528
50.85365353111565,0.6559912218051581,874.9297728063277,5.234673227239176,70.45132960968557,10.094709867566534,107.57589470290083
45.0653871299985,0.48472458372898647,637.6729743696219,5.317584287592619,85.03464131570658,10.60451435462262,111.01391325811231
48.33268083334342,0.657333914608889,828.4101959580984,6.212682248526559,94.46963145617187,9.777710976506334,110.8957281165768
43.906111195732365,0.5567475727780717,810.5410942626934,6.021254600825716,58.60583928865351,8.97140609191895,97.68441649606665
41.977627717585115,0.4827139328296165,750.0483451030374,5.997077905258699,64.9325227197116,10.503073514343534,94.85222210920608
43.21318277899632,0.5645904311538089,759.889413265421,5.896639953579789,77.90064388389214,8.764202604740381,111.40200688025251
59.945382467621855,0.43524220864272195,829.1657191951596,5.163172592564401,80.88232595951528,9.943856087617835,100.93546432894318
41.629891525569796,0.6138067141623087,757.8844009349003,5.224937274810949,68.9943969764984,10.590521780515624,101.55956537907657
47.08610084910117,0.4519970457552934,782.4082754238193,5.130055787369711,77.96255507155622,9.120133934836588,117.66570631837546
46.92576507900439,0.7008190657581214,720.2629888110912,5.953481690217128,74.71363453213247,9.132667765823637,109.7482337001141
44.60132002808219,0.6518667332853559,813.2290529647748,5.558488070679878,81.96657603986188,10.957374466381799,102.34103336089555
49.34513445022164,0.5528306625465222,799.3822590885997,7.005708658980669,86.64025413045327,9.248019600121209,105.76086312345444
53.63124447954634,0.4812600447842684,854.6232568952153,6.9388907774420225,88.17345455206313,9.62059781056285,114.604282544405
48.80850879316327,0.6410932178831965,764.1794187152119,4.699060359442754,91.10948729579422,9.512583423677617,100.2945931306526
53.976431922880295,0.7159814425728241,765.3720875246626,4.886745642318595,94.1345773913307,9.430866496263592,102.29590412807197
46.98908560769934,0.8393730423242306,756.0383929558778,6.084630308455454,79.59475187999588,8.64282237921434,110.4899099219244
46.964327350445096,0.7107963634688198,783.924840516185,7.295255574296104,86.48485864209344,7.879286699427694,108.68747458115706
52.324789510724344,0.4097816315486254,923.4755096346951,6.10347315015605,83.00896036336236,9.440793222514776,101.56593372038455
42.381065015814066,0.5942017431669089,804.7543334994771,7.293202380663903,71.51372694643769,8.257572759049271,108.89687028487016
56.75503801320606,0.6442718611847108,819.5671469116631,4.882072608324479,88.90041471172336,8.679732497753605,95.19409389189742
44.97231565779833,0.6685538826247356,728.9640491498004,4.694311280784295,82.88170639365055,9.601380163532575,104.00328900379407
40.83357252376445,0.5141779005817058,971.4971817775204,5.490710509005831,85.4682554813391,9.617901060788014,103.26028463466835
55.57398429737749,0.6597009815246039,851.7390222897515,4.825059397992141,75.14933088729602,8.837218040418003,116.1797785534908
46.03143390422705,0.6287072215664566,741.8483102788409,7.847212972476832,73.64475963243571,9.743220951510605,105.5116230688718
47.885291216180704,0.7254075488232855,636.6826409812033,6.4100685069093295,77.71405044715367,9.691081288367068,110.61162443725658
52.26940060834229,0.4907892962763262,874.278363671785,4.888320693722055,81.04250117905208,9.66947090435118,104.60739836109379
48.26200167122847,0.8498573329618682,727.5088587956607,4.922327364131064,78.84563712878618,8.940067239199534,100.66568115863318
51.84937210144229,0.6426650967484988,808.0406715720497,7.1988134023803925,74.07710636455042,8.881393106533462,108.33755110312477
55.90015221476423,0.6722346033380215,690.6292701437236,5.549645393325279,72.73228714648731,9.803460484563763,107.45145162614952
47.03438578666003,0.8090505270358266,825.1223023039713,5.295046905773711,77.08759679194434,10.128912434489912,102.9078064839529
51.618335658645265,0.5541661611385222,815.6181676675824,5.5054137751152386,77.79395620639508,8.862385882192235,100.93842717921146
39.525200179530046,0.6064299804917285,744.2927979241982,5.199168423308047,65.75654682661292,10.828689171196823,100.85640896189432
48.42317307162866,0.6297171716808171,781.6405476392065,7.153228077892111,74.39117156155167,10.953803478894208,110.5574777919933
45.75734560034267,0.6332071221249823,862.0752355969605,6.789700928984909,71.33652625563158,11.77568703226359,98.6442919439889
46.32449009730487,0.6795886300391201,760.1630661455254,5.746007091143146,76.77496406265985,11.54743784242835,112.48985402381741
54.41307129322591,0.6021633738275982,585.5704114398817,5.819327046374683,78.17005617325225,8.610788914994952,114.40888329141221
53.87483344238211,0.5287102591283587,854.120553379907,5.77251209019044,82.2226825876181,9.055757905852518,99.11860003696802
53.386420582643446,0.650563425688151,801.8513980405015,6.432592910739768,64.17055417273285,10.190329163010041,104.4810059442971
50.26437641051949,0.7734427464073022,793.0927071543912,6.478413472347383,83.83851441490424,8.99587219513779,113.90847976135423
51.45830510687897,0.6319520818160708,584.2166999523206,6.5834550761345145,76.39693378355679,10.688428026160981,111.13679324394596
45.59904467765171,0.6740159499944531,898.310121237219,5.445065475984613,72.55940282471448,9.90034613294338,102.9829819234122
43.72117615744727,0.7004933012190369,770.0321834291964,4.344410673347932,82.12478366520655,9.998848157284906,112.28741370141329
46.965432892610096,0.5349969768171081,726.9301458366291,6.703917098677302,65.93399653213655,8.200144583824445,98.85034991666856
46.07767565346517,0.6265354170206763,684.5084500703061,4.859367198993563,76.5771963840338,11.225553717557705,108.29652734578866
49.81482343581721,0.7086508189076408,780.1726015376158,6.600742150442913,79.13688785816029,10.521697016485875,107.10375424622175
47.56919026354787,0.8092320664724713,826.5567918006193,6.300445896410662,75.68875397544683,9.672293873948988,112.39327005972139
48.861634074773704,0.7141983946660262,754.317759361969,6.0776243718037515,66.80331697291041,9.374118143006985,105.4728160867761
50.37824309663332,0.7454235095082291,737.673239450121,5.821947272580388,82.79444861038635,9.048647802459405,105.56861383018406
48.324835024306495,0.6745167331793223,803.8964509411126,6.650459578256687,85.09937940026956,9.27386761802694,101.80694645609643
42.101830922033656,0.6190925410513243,848.5754303439919,5.526177520022444,92.83049659271033,9.63423222240207,106.92877987780456
48.28946698597623,0.5893311441260871,832.7157031738251,6.56044272090335,69.23016502005126,10.490997145093237,108.92625110880206
49.8502799344136,0.8144537291773664,651.5488007453013,6.5112887104869115,85.41284387162858,9.246839232996978,109.74465066472014
42.054861188010584,0.6413473709987602,810.4025222941813,6.753660367518306,65.4274791931072,9.56688384657959,101.61717090744878
47.11275001247494,0.5428009056753416,778.9349104117596,5.727267456355894,94.40305905692387,9.455433748592277,109.86570768351181
42.61840043838839,0.561191319904067,864.2287992633719,6.155771465738627,67.49382225134424,9.796024761683983,99.13092840982245
53.186319553125344,0.6548880803813952,723.1056085176699,6.918479232691951,76.2554653719091,8.919441804395861,105.03577397291384
52.693701790959565,0.7554219606182191,687.9851355286721,6.473366242755976,90.15859056751464,9.878417503410988,98.8941382252479
50.93722623793779,0.5402768851200471,803.1060832414339,6.040575042808551,77.99321563246265,10.424843750207998,99.71132958080968
50.352213320714434,0.7604211482606031,886.1752692226014,5.40069239439605,76.33592926128424,9.027916618660186,109.88756743753132
46.150984254706664,0.7640779552095027,841.7887557898257,5.533925302919108,88.08012945993059,10.262635221185153,112.81927898092323
46.006320471317586,0.4898134546230912,880.5430454782628,4.569588787067561,75.46980051956646,8.948909540084601,96.65808707562353
47.18525925764764,0.6732625997859176,771.6841570951865,4.959371538198633,69.46122949472286,9.57150997104359,104.6787265326893
47.669278286590604,0.7814141579347484,754.7523727342316,4.797802831398716,90.10392428947716,9.709016691564193,104.52527988944408
43.14327989983139,0.5941960465543402,896.1663082509689,4.606003188492997,98.69408753332024,9.901227989995514,101.75866336368816
34.88488182160684,0.8175988539451791,768.0993064414992,6.589199467656026,83.726418489666,9.156787215323138,107.53332224766244
47.59792337190675,0.7305304572244641,721.0380547431804,5.641882734581855,81.11115289987322,7.958811442995199,112.55386882937243
49.557519253673476,0.5230410510294048,802.5364656350401,5.585307065205608,92.56739992527878,10.062469282047726,104.30135395460582
48.47925477756581,0.574559157403314,787.8621254906684,6.673149364669355,75.09457539166135,8.730567368770423,101.30651002109977
50.5737055197293,0.505521329249903,808.3587160625756,5.030887621626094,73.26187785604982,10.396368279539466,105.62972971188415
52.767487953916394,0.717871677276578,567.0684807037248,5.271351833763663,79.98698730063782,9.200329294310697,105.09979558346753
48.15468274696182,0.5975659280958501,862.2344420691685,5.899109866594054,77.58705898460072,9.045216483371092,95.44080131836245
48.947007927513816,0.6363713745908677,822.3564287155688,5.698965433797557,82.73210580920075,9.861241313947891,105.84973832340219
44.65809524058873,0.5678093872600569,855.9364624534967,6.195934482085571,73.82827160050547,9.483643103185534,102.46333208849069
48.7643906131312,0.6949912926319359,732.0443270100075,7.047916047605328,90.73290957441576,9.924511309553838,113.84642812255024
46.532438695694985,0.5469704326184677,744.9829770885091,5.457896625457446,80.30948599678352,8.715268931170181,107.86062501646919
46.556436595160484,0.4240571624481212,888.7967010351422,5.601384576360634,81.06286721949306,9.827562106614332,99.21853663218016
47.076160798820354,0.6181365240072446,598.6912091021971,5.922163036098222,48.11369407664763,8.217830861211743,95.04447497583044
48.97732417153701,0.5936754248753174,649.8070907159279,5.675787006861663,75.28309212119089,9.14275864499521,102.79386140635779
45.939562204362744,0.5656455066183098,720.2310481071017,5.8494279416034765,78.3922469682183,10.796845246752863,108.73561180701056
50.87130846704745,0.8358749459756226,825.078813447023,5.046382978842675,87.51722924968763,9.36121222483147,97.55547333287113
43.64621130074707,0.7656220024120304,729.8895271115157,5.137184051018794,79.88866902038497,9.272765715816362,110.75641324219364
39.67025834150837,0.7174119624204729,797.6044432925218,6.16578770245607,75.22789186544071,10.610333050673146,100.9072334650604
46.70982137140109,0.6648199217929713,737.2575015986226,5.54987746184864,79.1446147082278,8.956687025298098,100.58209192362031
36.82389935532747,0.5894826953392053,689.7315011743667,7.357644609502833,80.87465718510666,10.685224376940557,106.76426470377295
47.498340468886475,0.5360390869919879,870.1221096049345,5.507506885359691,61.413767748727984,9.219456151036841,102.57951915861429
48.318460077263346,0.6820204732332464,793.5069419954739,5.939010443864237,70.35331351771694,9.02349957680701,113.52987805779708
45.21031553962088,0.6928959462673421,609.6235856620186,6.3749797522924325,76.43752579065057,9.22153065182498,111.88102488169287
47.072691555861695,0.659238908230634,830.0316271850669,5.852689760856379,77.5588962185707,10.007598579343416,109.60933131510613
45.54836926506792,0.6952980021140798,844.5558193732553,5.493885635625927,88.75770133264956,9.411894818540326,107.32349211258106
47.687146020253095,0.6516767316246236,804.04777106597,5.09099275415911,76.39052481683875,8.73306243345581,103.47759057029259
53.228704173528264,0.6301924217948683,796.7256978947744,4.415718789721973,77.47934013002443,9.426384309775573,98.94031704611626
51.32425821691737,0.8048117839570698,891.4096192361363,5.295679762895367,85.12156687969583,9.075528844344412,109.05330926103034
52.377399486101304,0.6080167420325626,816.5011511207382,5.945573608025614,70.71759924195345,8.836795003555103,101.6026759617781
35.98092584602893,0.5402226784143469,712.0423388930126,6.050527927134864,76.30606948357124,9.429981820550777,124.58988029990074
44.8183539734072,0.6263477321030656,715.4294239960145,5.746600120942458,91.33716641836834,9.327243224763137,115.75404459147232
45.28459766056481,0.6732477755988026,793.4531218417312,6.12617354618682,82.42430869726903,9.722844961761782,110.17253390082497
42.93096921157555,0.6356891380489504,698.1820756602382,6.494712039930999,93.29338884387894,10.857802135516271,98.98292663652052
41.731457557445985,0.5584438024895866,723.1315281853521,5.999966529424733,79.35145303314178,9.778570119773391,102.34975680829304
50.573433809560996,0.27804475598236345,871.6114537087356,6.465711107260167,66.70710858365574,9.53788841339946,107.12924714634154
49.971857550718354,0.5947263518916128,796.688259118444,5.669883466398504,59.141376093864864,9.364630980155074,94.86217415154928
47.45854679632092,0.6817626507731629,771.4937404370775,5.4645869399447875,78.17693118530865,8.484573883628048,99.33104908440849
55.10603105349794,0.6200234777297087,773.9459391868481,5.718813517928887,58.23997548143786,10.801861266388377,108.62727223938357
39.62458178100664,0.6548702294270053,629.676674747937,5.380419853263232,82.63036123954926,9.516721576991324,105.06579528500538
44.73274890826445,0.6915759544329825,770.8863909683723,4.851028099946832,81.70211356273403,8.905367283858665,106.69929726345717
61.77391097284573,0.787795828108492,803.6190106197588,5.58178709114333,97.14652472251836,8.843844054001751,108.52194796462398
53.76067570774696,0.7404262761410001,691.3850179548934,6.008720104269878,100.77993769685241,9.245340312153948,101.3560432805893
42.38168847659749,0.6368377158761324,886.3461747429211,5.364011990691304,75.02876797358846,10.811675921068211,108.47761437511174
50.27292329978847,0.5865847046634176,821.9881924063942,5.280091326903115,98.37468220607212,8.95952042860513,100.30208166843352
40.418925738036116,0.7268523975962125,775.3111801922947,5.985953908726403,74.15530940847039,9.812938235060622,98.2315447503978
43.351660437098666,0.4677895080155843,875.3810610882167,5.516376340895391,78.05213051851106,9.296858591852025,105.24788990475294
49.1598106570416,0.5535175956755048,759.1408983586657,5.858429657514426,71.29544150714327,9.173040341682004,104.69805231457934
52.72676021897985,0.6158385070667831,864.891745084421,4.840209499938935,82.24336170394764,10.551087304049434,106.71200371055835
51.8929171844128,0.714041394856427,841.5629578765875,5.784348003122158,91.85942361394987,9.47837633418222,101.39829827025368
52.073194643696326,0.8208370036291084,850.2104174741344,6.031939458721679,59.28283449085184,10.05437792767134,104.97061776360367
53.38832594711781,0.6413670006652636,800.5840609364823,5.621116506581498,95.124135111817,10.41507034498627,106.27228725033797
50.29694255610934,0.5729214781036335,902.5280400038895,5.233968453965594,80.41110383268001,8.205548482536887,104.50082715530696
60.20302545552056,0.7827800909827745,745.0885067052412,5.496358462597884,78.40094848435352,10.230473197503969,99.05276742501908
52.270955438061335,0.7612651513558198,825.0206882774548,5.134577317605815,78.77919835864105,9.878793081265194,107.73321572829865
42.80497835196269,0.6157643509383662,728.759041484396,4.493775193889386,77.83639489213,8.186579432227486,107.35367300153011
48.20902238261342,0.6395063484026584,735.6583843536458,6.215185297939312,73.30242074539034,9.41737019675943,103.8036368579496
45.90215906165129,0.6932916090934482,776.3106059178558,6.463756767886978,69.17468964319465,9.361580824781852,103.05278735985618
53.1141895143128,0.6398515806588375,680.4865892578182,6.5756645971553205,81.53626345082459,8.174768371981495,108.45839389540393
47.71575985600476,0.5620632365191572,695.7761300188282,6.296649719937823,83.81707241315402,9.360153772422752,97.97494531025941
44.78095281365621,0.6884931501258199,864.3052334244626,5.666855126874301,76.99607782333385,8.39240799708136,108.64593756300776
40.27322158917284,0.6289946911376175,863.3890865865883,5.675363848453585,74.00118911349905,10.07836961856308,96.33558883599609
43.8802648357435,0.5117379011649694,794.2280136466259,6.739219173957036,66.06443818135723,9.509661091165169,100.31906001009665
37.95406772045724,0.5259460655446934,785.9320524024729,6.054607941965821,72.65541793715312,9.357635255366528,107.73604634707111
50.139734149107284,0.5819894873803377,781.0242768162423,4.718312577307991,81.02760156948627,9.3993557408551,107.55867639328771
46.84033794129949,0.7434947779967476,849.0782226663093,6.120562703297334,91.38742753233407,9.312270656149872,94.33522525037225
47.84035502476472,0.8089842268641184,596.1039787194755,6.58018389189866,61.65886121462974,10.110891666796359,110.2145153590359
51.51939882523941,0.5598969026834731,906.8525138400888,6.246869769907723,76.06659449360369,10.501110281192915,99.09484986949822
46.41588908057139,0.6217389546414374,764.4638198965408,6.403066268207365,88.63434602015704,10.930999525350142,97.19751816191582
43.20446942879566,0.479565554889402,772.4324117540157,6.101944893055996,80.43841558835568,10.073081021078648,94.01139566104203
41.23349256354875,0.39108448806006535,935.2846467140076,3.8192190694492147,67.43248235781036,10.156980763363961,105.53277139440806
48.58048465272309,0.721254225894113,807.9323245167928,4.789300451694204,88.9446652438121,10.16782013412747,105.44926846271488
48.90747979730826,0.5753773359298164,730.8802549544808,5.152432334463404,78.25491714515115,9.88403429106206,93.79603800226427
49.39790973068866,0.716179814504031,740.3346644037081,6.071956871751959,89.53665910799675,9.589168530770607,113.6567057897427
48.50622953188306,0.622056940391615,935.6697059770946,3.6662852486847575,83.95025632444056,8.849188412682949,106.6812073946793
52.37603804516325,0.8789959554575426,882.6155961412755,5.976216879398737,73.98231304006968,9.190686307596899,99.62097741029727
45.3838152593593,0.6485649618736121,709.7306099820562,4.62667090060338,82.79159847411356,7.156920469532556,98.7278142016361
47.44514078297508,0.6048387401793877,911.634620507828,6.321579513142511,85.76348655527481,7.453859248438393,100.44193538447239
45.40912819927107,0.6643377922264516,884.9480924461487,4.979712530743303,78.06221256772824,8.08867941795165,108.2898254559716
53.29184784993121,0.757720480751192,984.7982459651199,6.376965879274197,68.02375092437032,10.449276020765549,98.35486324069355
50.815366656133406,0.6805130565363342,967.9618850684219,4.289738848970396,77.57951281211656,9.05554689982832,105.59276142297351
48.94331709793932,0.787917164775551,788.8430774169346,5.85346177620059,83.92997404852659,8.599397497340252,94.7626316094809
49.10705009160431,0.4627882097306456,744.9774529174189,5.850973783300793,73.80161081174505,9.789802729269002,106.73693610228732
56.45098941541637,0.6054735556290836,745.4870854457366,5.510482924225527,57.23022713280517,10.047998068404306,105.00172976963651
52.32052849577868,0.6758284098456815,737.9226704616051,5.922332429746692,74.40670019365682,9.885640798796441,104.7712770211092
46.294959049970224,0.6298903583639406,743.5206812924166,7.083077453125371,88.95020235391127,9.845365240069505,105.24202096962954
46.55652732706364,0.713938043641963,580.6491531531406,4.2837336641757,77.0130623759256,9.352712779272192,97.28734773582829
41.524766215059955,0.7467563526958326,743.1140741771468,6.355856741321387,86.36715094786956,9.291088336628578,110.33362836180387
35.61449233480201,0.6029534196838566,750.2338133904187,5.766882811460334,99.88458560371029,9.383223108417265,111.53804586141314
42.98049338197722,0.7618768136909739,739.3440833682436,5.829981384453323,72.62552314098224,8.768199431870231,111.26963362636612
45.598823723689456,0.6485089926927485,763.3048292266254,5.3902079609642115,67.8151830299889,9.99952460352652,106.837423610335
46.54125713781232,0.6159899653425926,720.4278680017371,5.187133766460067,79.04215328713705,7.69994558507371,103.74736741982886
46.81508308463366,0.7114891236923647,860.7093939219722,5.32539567989798,82.49337106369545,9.31882052489787,106.53840824775622
51.10501662729029,0.8048488184992404,605.221640698561,5.248397993513289,74.19230272675796,9.668150788117261,103.43731049941557
40.6751512934314,0.7624685338559002,862.908506923962,5.126179203840402,58.302936554812334,9.011647262835552,97.67472632315423
47.30513420438959,0.5498998744119418,750.1492809749777,5.079112412002381,86.49924879908316,11.550382028251448,100.77181997949793
34.528587718437734,0.6284362499336295,745.2743326080871,6.179277638213456,77.75913574251251,9.43613205525043,102.53345430879705
54.0749544067772,0.5691866672534547,786.6263296888369,6.137840322994458,74.21291114021288,10.416887422039636,103.07801664900562
38.84383180425735,0.7999964706158568,670.8487042135293,5.7741304516556236,55.91456256489416,8.00976232733622,98.53191541843461
38.27998728968819,0.6384369088396757,843.706496181722,6.186867716064677,84.34759416454497,9.913881851778449,100.79272431874115
56.51562750247997,0.7641591715423474,739.153547378484,5.445022806393459,84.07324395277917,9.045197551302042,107.1495756340967
44.600688533002526,0.8584921341441942,773.5828439649904,6.532844921606822,67.40704700206643,9.334234512723878,103.84800774739941
52.55414965837957,0.6494471007361639,672.0601346245546,7.727634412688381,72.24134283913945,10.882555779815805,106.715955858045
39.40165430573532,0.6437135012711054,787.6484562514187,5.611600724678952,72.7534840957547,9.719826893539828,113.33223020920016
41.99284903483727,0.5692842641834458,802.6555496855369,4.092997857747972,79.51483095278634,9.476652871615684,100.66146255334435
43.31817461663646,0.5334309496090446,791.8420960463886,5.225825086270975,74.10360372512822,9.721172694914868,103.21995573611687
44.53528149775246,0.6003645298698107,751.9076350156656,4.867753513151979,77.14624797978203,11.348924833933415,110.12467260269577
42.174657539077046,0.7473664524327904,824.8372658435516,5.832307893235191,66.27261088959565,8.93141437224193,102.42575638241951
49.588936536218874,0.7193586074744552,735.6356676622418,6.088022999870941,89.10745003502154,8.447734405091575,102.99667240329184
53.66295427370382,0.6009730236516584,748.5912985176013,5.515763315142144,100.07624790074898,10.31590286637423,105.37074360794041
39.62254355928699,0.6824804363556971,671.5487460134777,5.195123041377051,78.63446669978818,9.266565010280875,100.2589518203672
49.509192283693196,0.5212344957507026,736.1993099155329,5.408909044077338,80.82420042839294,9.77160223498096,100.33878400602511
55.23792212253337,0.8076990726229425,833.1440755159476,6.457464391724633,79.27175974266567,9.367689580681004,105.54963801336505
47.96209653592606,0.523499744817179,720.0237329424172,6.335762487321235,57.469774169906096,10.136229466800096,99.15758121176586
49.32118648898446,0.8429278409963202,854.2174162963333,6.3468880496625975,84.04456424147008,8.226837638677884,101.18227005882393
45.30573724162258,0.7729997721282303,892.0232173619062,6.031430758599855,74.5418910115075,9.515588105728964,110.68903331190508
44.596371062128085,0.8138399471820754,797.5339306461663,5.744282385498717,70.88039438976651,10.560616674547775,105.7658843869385
43.234120347019065,0.744621975517509,577.7120827279155,5.549790761886337,95.26485540005672,9.50426305791448,109.03173014445572
46.791734690605146,0.7393999337445961,797.4045115374958,6.437624543241061,80.35387124194921,10.632419705014335,103.2492919816859
47.293994989306746,0.6333436629204516,801.782244792299,6.905921695040137,74.53265126889329,9.5317204046857,105.42210015124923
56.58148535930427,0.743480939653355,676.8183779562908,6.5181414771249,66.75476324358804,9.304851843480424,106.9786106923898
38.37152199714714,0.6506289150369096,812.3009553066611,5.855264234374723,88.09767252894356,9.19652334501722,107.62566383444883
45.76117318645887,0.5105274039667834,710.5813494824263,6.114586665069014,76.7753707891232,9.770330092332005,103.7931117624824
40.4973842524431,0.6839958566863971,722.9131720199994,6.014185566658627,83.95447863701466,10.105276290659084,103.80651664268755
49.27074802024726,0.685044795968679,874.102312428389,5.860972841082121,70.07785088799194,9.581033519311967,103.99002403648676
49.51044821572337,0.5854413081955637,706.3687030783306,4.9783703024782655,74.48008570346198,9.793468035411086,107.57204245795002
45.47122659837849,0.5908333365122042,771.5409885405427,5.56458365391199,92.92084785889205,8.70114630652165,104.86487941923352
51.014620827873124,0.5695331758880673,725.1251924229199,5.771738705585146,86.73129079621756,10.385622539119405,103.26044806015645
46.919260444578875,0.5365741817524604,663.5621619530457,6.438685280764311,86.11968446359212,9.689768983211763,102.25235164694267
51.35029007853817,0.6729674696242406,834.852170902678,5.982158679307502,80.08417252695854,9.410017811337111,104.88325732582747
53.9289754057628,0.7100158121007778,696.3543371881395,6.5157768715601225,70.99425772027115,9.855569179990628,108.56038767669753
41.89911992761769,0.6059603571016088,788.4160356061384,6.360159725938039,82.07355374687643,9.035249726196286,100.50501319090377
53.25160196531836,0.8498439171576024,783.2294653141474,4.735901713866019,74.27330089399737,8.742286287500047,105.93106793357218
47.37707735776905,0.6256577528640144,714.5457756964172,5.3501539953471475,87.84956798054796,8.792273418323491,102.62998004659121
45.865185022751994,0.8353424636498178,895.5461184836458,7.757968468434675,76.25583572339421,8.809394025798454,100.50171949442809
51.911772822848796,0.5382874800675954,731.1878576522367,5.8456773283377945,63.347590823209075,7.707446889294843,107.40038047105021
60.00108722263375,0.7067593751224324,733.5483797874456,6.728589770715839,87.54475523402341,9.003386212822509,107.14930564332369
47.81124473713664,0.5139038845663804,880.3921725311139,4.780695745810282,68.75222537020251,8.88359032024541,104.9234129561179
43.36949720968201,0.5849661537619261,906.4754461185084,4.734700150965237,76.64661500058821,9.23908719433547,111.52850678881538
37.609231746763115,0.7692543669828849,805.9819377817278,6.029458512267879,76.2465545244751,9.503635195179308,99.54866042863236
44.202897157773144,0.6499865332540086,692.2401130886107,5.854786636817337,76.06823780677776,8.697382222024716,101.60286018169327
49.0666006031841,0.5080925763762584,920.5359148470143,4.99214160036855,81.47177456821899,9.61877040842746,111.73322703156121
51.09041989112714,0.5252705168075629,846.1882967788513,5.956290496764298,79.6752951283324,8.950739171813249,103.18282057539493
39.029000132446654,0.6567744331089421,679.0938479298693,5.360249389161614,80.62274590280393,8.309826326937579,103.65558769933298
48.63672266643806,0.7614630065955341,864.2979704291217,5.9590495603379345,84.17745377783835,9.610673609536544,104.02460583653495
48.30582124903094,0.6486988353952077,761.6889863546072,7.622064238488845,79.78864451498819,7.519298589654063,98.42323484026466
48.680014873108085,0.6344688766057484,673.8988974744957,7.760855000328871,81.96398349687372,9.823568684724709,111.41817880570285
50.46077851530835,0.5652348190482487,800.6167521479335,6.277257083890007,76.26743751532521,9.87427957481614,107.13084914036563
48.98429091439171,0.68040692933073,773.2971601850932,6.080241908078608,89.496423107478,9.901918807621689,108.50447061369123
44.986229428505396,0.7158383530073102,730.7249089563448,5.89692899370147,81.08261860353036,8.864662265598945,98.81858274085197
44.409850597852326,0.6230666453929316,815.8865730803665,5.986346413563186,72.70270003036282,10.229035847689946,110.04911735473164
48.16779707491239,0.7132472590221091,912.1958406426417,4.968234859084405,83.27346247755797,8.815424199045601,101.88500883499916
42.37478211430554,0.6169310310969974,550.6046406672563,4.929547387437949,73.9511939681509,9.444672870807276,100.20453041734535
44.704914739876536,0.6360630850924327,868.8954860895253,6.998157482680516,72.53978028010373,9.62180663777616,98.05128643934123
44.641013080033325,0.5104307220649495,826.7429081307358,6.121615030949911,71.33779945573232,11.46057801290467,107.67858140460581
54.53924104837538,0.7690644356367784,766.4777701156585,5.922615159079241,83.47052888360565,9.041845790161021,101.08013832684775
52.03628950612684,0.8153837581978036,853.4298296096448,5.837220629023336,71.20117200807546,9.207116474731572,100.43250612318604
50.026696722638505,0.6794033964647181,773.3977742014856,6.502019646383679,61.34992363448372,9.612011765423164,103.46802742986735
43.499055409243894,0.5275748781467744,776.6733211348818,4.6014693000112254,77.42870248763506,8.46641909777417,101.84730122130378
41.702334588839555,0.6476127885466199,790.1110326263923,4.507030271712337,84.7072095007565,9.779053256347481,105.0205129725927
53.69198772840012,0.7402475558831827,805.0987348452177,5.9865260996722025,69.88994663467645,10.54090788816819,111.19395543211833
47.30724227408063,0.6225260783356433,916.1648657844274,4.668611944009144,63.23839720537791,8.761863528214263,95.64496782869458
56.95288803454648,0.6248759321162158,788.0850974167273,6.429894729612817,61.36702843800434,10.574273616726654,99.24684118858767
43.58786582061066,0.8034659304334457,657.4233224842924,4.348358316559205,77.81729627728103,9.13884580222983,108.94864665763507
47.39727181918135,0.7040395371826236,698.8264631384384,6.087621264225958,93.68932092326065,9.720054541919762,100.00520598648636
49.10683691280407,0.6839035986962375,766.8939341691547,5.817655891465552,84.55003039576845,9.751144929667495,112.79041013381425
46.07765864863867,0.7350188732023845,723.7612333077357,4.822136591813323,68.67095116844601,9.306553200478588,109.57857855032003
37.856178246797015,0.6304350098542422,865.5298686411061,5.333693301879129,86.60024897418943,10.084097241201043,108.29615801182534
48.80756390627403,0.5533135834337362,795.2951439865368,5.574255396678515,79.32780539998512,10.27315804045806,103.70457751497696
44.13460099940254,0.8686366250780388,759.5066760244433,4.727104198712795,95.69049034755125,7.593005706074373,109.3245696407521
51.965185030768694,0.6830097806262957,843.1466389557494,5.455836584119196,73.9447062256676,10.29538680591828,102.52278184140911
35.62510163505678,0.8299548972938151,780.0441483817223,6.392874059399016,71.89820826915827,11.157886487331877,106.44086436034722
44.43601084843209,0.8515531700226237,734.8988936275844,5.657897192645105,57.037265261969054,10.244896302787037,105.60082749344822
45.4881797933262,0.6599450996082372,704.9345495830402,6.544415704904746,80.57124479824971,8.689392832094832,99.50056377712313
49.91849070519124,0.6450654655303572,936.9900965369565,5.740088614759353,72.83578529570215,8.90399557687413,103.64841134254252
44.56308118177805,0.7586183451496062,787.0186307810341,5.528379898416653,81.87732142989955,7.813087936557372,107.09403713890323
48.17960398866136,0.6932874586193741,825.1368763807135,5.61779896496549,81.79791976022123,11.153929163926053,97.68802593003787
55.808642376681576,0.6504352107100754,791.6219022282252,5.9188253629724095,74.22796593204275,8.738471149956018,98.22951047774438
45.91247888398041,0.7752193731186741,649.7571593185312,5.145972543545521,79.48937401964302,9.185951510797993,107.23031070947981
51.35416869853467,0.5081402557420283,849.5380367176197,5.190462517426129,83.69847224654508,9.286715390422948,108.47475623457908
54.03562748549925,0.8252180300287187,634.3304004484474,5.671216638036398,88.56163940947431,9.038022802556016,101.25937905426588
38.274028364218324,0.5578175804190271,826.9938445895066,4.977516059683511,72.87736453261901,9.398952445561672,110.77828276629832
46.85571299563541,0.5755390417646513,920.0063489832036,7.39217399150442,72.75500813265776,10.407821108883974,114.5148681231333
48.86094689954721,0.5494279811031745,821.3216330305657,6.693374225575858,87.0300797044647,9.300566069926088,109.82467873909756
41.85507913334918,0.5257282891947377,975.0979011250414,5.566905915240298,86.22743794201172,8.744559270464654,110.24284635751887
50.594482647271576,0.5692035185921426,833.7343786234633,5.325558878906929,87.94518489502533,9.23647325246198,97.65984509405928
46.408257256559196,0.5359427389851851,766.5694874669259,6.586328785110577,66.83518942320754,9.780949140557194,105.42601408986322
46.876499454967345,0.6973170156658184,845.2309696346484,6.792025106269478,86.60778906014784,9.454755633782408,98.09804470659216
54.47971642120953,0.5442965062718833,808.4936597947376,5.596558369100538,93.73439109235738,9.400693400713703,102.82467924801722
47.73219814606643,0.7407046969115794,809.2003538292711,7.112763334408381,70.45066243646137,9.427168105900492,111.45543278345316
55.195731349084696,0.6202845411168314,726.5478412601224,5.658691623144924,68.96847807253297,8.503068752966346,103.28087290178392
46.41299900643294,0.6268123335052738,838.7258995368724,5.499668445691436,82.16795678110488,9.427791163013078,103.53652982509377
48.346314472961865,0.5821359505775393,780.3276241684006,4.888632693284451,89.87152335814773,10.65097906071995,97.72652564545481
40.21543449110157,0.5963603457454562,711.9121279335602,5.781606499484394,97.42276992749211,9.18003729404133,104.5931607823992
47.96940111520527,0.5203121636814872,718.3492065421889,6.841117246292205,81.89791448435635,8.399767397589816,107.4227770999437
48.650346709067385,0.7106180867484788,773.2379812905019,5.160045160655008,84.54710212856023,8.468987525654853,99.03997623456485
46.97475532718146,0.6218646511161051,679.0817579116768,5.527255489378296,72.4803910257942,9.636717723507527,104.50807958881238
42.872029591048666,0.7506671419047888,716.4281882721682,5.695698053537974,69.84247235944872,9.152949456647944,104.34700703352598
60.309504164558376,0.5368095061203224,786.3533312402192,5.933232935990327,93.037955766242,10.022686079566254,109.79244962144166
46.37462442894965,0.5202553136159914,863.0119600288023,5.3451612097487775,83.3064424415396,8.049982193041107,105.212141733029
50.810142990969126,0.8228842675090303,792.2280821304031,6.36144080097331,84.01561599826053,10.946259475917069,94.81242693911678
48.83120073018785,0.5498517839405346,817.4409579820317,6.285220431127448,60.71758356375585,8.812604821152563,110.32510657337157
52.962372574161556,0.837028808167526,627.5988532682334,5.313559440611372,75.84881047229513,10.288940760678004,110.47097147325381
41.68349380881757,0.6079788053557835,896.8841535585947,5.229752291543657,81.93525402837189,10.081681778933584,92.98866563852305
50.76976643080814,0.6611846027282708,698.7214211495607,5.077177975450211,93.03956936899903,9.283386221406008,105.64114642544038
48.266775070763714,0.5933747060980988,754.0577743891096,6.079615142391124,69.61971027846317,9.660468850733299,105.91654939507474
40.880371268476516,0.6248361464329001,780.6200595366172,6.450248207975745,81.38324025023296,9.332757671204062,106.28873121463369
45.588389105592555,0.6966182479443452,745.3693827497527,5.53061195049548,99.02007859943242,10.644840007451837,110.90821415318207
55.19550568425856,0.5796709699979021,625.4543357631296,6.14902763607279,75.37148401454738,10.766972010280165,106.8920348210505
46.14046702359873,0.8366243441175566,772.1651752613776,5.453112650065603,91.42368432198636,9.137864781863422,110.52445270047471
45.95955491542167,0.6172692923443637,690.0879522050656,5.116812491367664,78.31176524721917,11.555499108071615,108.15062477157632
49.78105870344429,0.6260541721798226,744.9490152295667,6.431345703808128,86.42221334732027,8.287748183355994,108.84227494003157
42.87529318735911,0.69286045290433,734.7628810457448,6.394121733792309,73.02548753134279,9.461101206560997,101.03768606755341
49.709915279107385,0.4120687230807094,751.4794006367811,5.387601837992297,74.39659763721988,9.253917420081068,108.44082996951384
54.60556604007691,0.5102624996565709,671.6986059389036,4.691250443655863,61.651650304339896,8.762015509564606,104.14730294384724
56.67017930531157,0.5380218996804281,838.3016316406048,5.568175601104886,77.56907493542803,9.97447864814135,102.94877586782073
49.48819410142148,0.7571518401687716,665.0447688703086,5.524064761220104,71.30208096963204,10.479117110077318,101.5733034440204
44.77655489380969,0.6249039948127015,893.3594549894664,5.517583365319914,67.1681017079348,10.254561332946565,108.54746213220523
41.6893910166376,0.6184562333930683,741.5599991761798,6.4464485794862405,75.60154719282659,9.778952512599224,114.74657760251482
44.55004777292332,0.5991648583499347,765.19977712006,5.826424134465892,82.07544230287259,9.389963795631134,102.93688233845656
57.87189988834615,0.6523126857560803,673.1013967058137,4.55775826390926,62.433645933284225,9.36334413615479,104.92148315284035
37.111053698962436,0.7595607419002169,768.4977618600973,7.224442216371108,79.21840307850935,10.310198135963962,101.9805593027913
50.3789279487208,0.5220255901468298,695.1905721898106,4.50743491320695,60.12657688445786,9.552797805888071,106.03827338189124
50.04379101625487,0.820762350439504,747.3277017611554,6.359396420524229,95.31897621490162,9.546754551788714,101.41265114803531
45.08831926325608,0.7382694435505938,773.8839958525713,5.643750941627965,78.43182143711873,9.404932774231437,101.6904972097813
48.173911325070186,0.8031893328975098,796.7957204974283,5.55124324734204,87.70200593981214,8.540665398607835,106.42651035699154
47.64030243395293,0.7942772685305464,886.9929557311564,7.085491910494733,69.4708271808001,10.821969441312401,107.95378442476901
57.571166169646744,0.6476273446632238,680.5260977874108,7.314268429842731,66.60984866547136,9.456154460130692,107.02243704544162
39.1551547729582,0.7192872993504722,816.6399543844539,5.499974976168051,84.73937723496829,9.180901591259712,107.09450231529432
53.37495370494651,0.7038788650051254,677.2920226097414,6.467635799998669,82.85774707896972,8.82367690980859,101.33787707807497
46.41534023398914,0.925980974704286,698.0585086624843,5.902471173153032,78.79541036849668,10.1360172495885,110.28414154301775
49.64041224155256,0.7660492249364442,809.6746735987439,6.373299770272043,70.84469921386385,8.929961462487137,100.08092743445482
52.386390351188254,0.5935095189890353,814.5058708341934,6.174390704562353,77.82494545794988,9.508643694019254,106.85450617410937
56.07791706044446,0.8115612952145379,773.0203107242805,5.258071991916126,89.77855360976295,10.036409737373951,104.06091877018493
42.76580018536598,0.488006197329108,761.4005920431063,4.871083326414682,76.05129870260717,8.28202329962576,107.34616916805548
43.76343039039202,0.6409802304732439,665.0786787789172,7.401488229595047,72.02001360332224,9.430688063179602,101.58890053486631
53.53605577497997,0.39398316779444914,752.6640329817939,6.7118376091173495,85.05680806139779,9.462133840071065,108.92187090308697
46.02106784987424,0.6895137800809293,819.6028095365532,5.703637447501526,67.15621789917758,9.570100433986408,110.84345293152938
50.24533919190067,0.7916045533420903,696.607825689851,5.143054704117175,74.47245190331549,8.698933494421675,103.89600845716048
44.04890434978981,0.5200571575023532,780.6089794013963,6.68782740247831,71.2569415354384,8.355115099894299,109.63541997855033
55.871776911819204,0.6091572522806981,745.0004787232518,6.450854606964373,92.34585463452245,8.824344373844701,116.42480734492372
50.85466619438034,0.7308372546979213,828.8839025823627,6.085725518121839,82.41473804859751,10.749830331557714,107.68262237870447
46.59451605613753,0.7107238011919317,823.3136142181994,5.4470243232351345,86.02313607331736,9.53705160969685,111.88221403339399
45.139200240858074,0.7501811082887955,844.5478791657509,7.345656028764406,74.52848321962199,8.532229120632834,113.68523649539665
52.03916626229776,0.7185199299923688,833.5922021114592,5.657840950671373,84.74342189369551,8.64921275125502,103.88910805178452
45.1707126700809,0.6851412328586665,758.0288415141621,6.218531295507659,64.10326222345789,9.600404669317985,108.9598369122048
47.71165812035634,0.45937750228750673,962.7036931416468,5.0350821700946655,76.88268437896642,10.026177915503006,105.85451707436786
49.36535482466318,0.5976716356755877,622.2604642989323,6.191678674993678,85.16945011207663,10.127293996889732,105.36930658790688
60.19559295116855,0.7660472997250553,685.8274850427565,4.9961938730726345,77.50163227010712,9.745829019803676,105.34683189267464
54.11109650365271,0.6596371533097874,700.7116618577252,5.188126890717812,91.94041335953844,10.32064796802508,103.82266972692967
44.00716340718185,0.5879782088370289,791.3345535602796,6.574055327332395,74.8129483263668,10.16359698504623,98.76322543998336
53.18865261501772,0.705339449011217,776.4937076683374,5.752230836889063,86.5452769791429,9.452671480771853,107.30186194635408
51.973053572125984,0.6357258568844997,694.0281735009528,5.135708370618381,84.0099928551368,9.503075951933036,118.0101844643333
41.34598527707851,0.46806674280074245,806.5370557483648,6.682571831617243,59.43046215631514,9.612341414279962,105.53833953585836
43.261990059885626,0.49324079001446264,720.7292837850648,5.260273756981203,76.5674438967929,9.399345482785481,98.86400775542103
46.02027215801351,0.6369086101433092,749.1338450364418,5.906385467208577,82.31666681659331,9.818457000157446,99.07692426996162
47.396712276288724,0.909564733578109,922.4988394570657,6.277530293270012,87.86762559286599,8.80968289083499,110.34516408665263
46.95671418770994,0.5710840427877826,693.9249139158967,5.851367782647638,78.46973376319048,10.399322073705045,102.49646819182048
43.22857761153859,0.6093674774354119,958.5862268134131,6.253410626739444,70.02490606779867,9.718360477097656,98.46513241670813
49.572314813648156,0.6129330839091149,950.139535118513,6.59002282152384,79.96678755019556,9.150343739223528,104.85004728893
48.93763983848708,0.7944138883241518,891.4048049134689,6.1792069971696915,85.89532936593982,9.352511254815184,110.91248661304279
59.04193631477446,0.7367440359366928,831.2446985552035,5.168758892350159,70.48410311800309,10.960328298420647,100.69050500885731
50.266589483419665,0.531679184146983,774.2782539481276,6.839829474201407,71.24458982500758,10.067663221612822,110.3219850315163
42.44307303254212,0.7674097886287164,768.7167818553698,5.527429977060147,87.5899911898355,9.585699340747913,100.56899501384397
48.04544461475871,0.46108170520243075,940.3812266819284,5.65471179628323,84.80133089683095,9.500762407752918,109.0722994899071
50.479128256084365,0.5119961556680845,962.1065572021444,6.360642977985995,85.98505225883059,8.939018311462881,108.12559146290846
49.82387799599077,0.5657465806561216,789.0639729556437,5.714341196032572,66.70923594683174,9.835485811707933,99.44952825393115
54.011674644795825,0.6767798368662765,774.8942039976075,6.0831362525654535,83.63512438799853,10.410107684446917,96.58991080550213
49.58768169149248,0.7778323760441848,750.8927030513496,4.814570262096259,66.08828277831617,10.045054544193862,98.96331247082566
52.612689698474306,0.49974561739549106,770.2538317051045,5.0296249924683565,71.2112486121696,7.416439532618636,105.76609596193389
41.513734645425934,0.628485162946073,569.6777621466886,5.342511151593156,86.01692681184751,7.822107238175468,106.45998706021274
52.54658968491988,0.7644182270590112,881.2443440523238,6.084631307828608,70.90680459173115,9.004103677340662,107.013368547024
42.18905415237558,0.5853518945819585,728.2454586232623,5.4032004983648685,70.7030569276296,7.636993452680938,98.84041571728673
46.085697036995626,0.8809091382209053,755.3936002070338,5.874967213628591,61.900820686479236,9.273495488462292,111.46917266440451
40.61225384759642,0.530449274493188,676.0815846805995,5.197585519737396,68.66465870866911,8.613465621843357,111.04186696122653
46.898711065421544,0.9595711141352604,747.9312017274423,5.779386898604008,80.38391468481828,8.790117248994067,114.34671696905947
55.503957487246524,0.5483652170157248,829.6371304016176,5.20641924747529,82.96564156851267,10.978147197942343,109.29128816113595
43.92435985235204,0.7451054450555277,767.486973156001,5.858440166078036,84.711032535217,8.482220370522423,105.79580550261913
39.91000056414441,0.723975646157141,596.4140322442136,6.454485402946911,79.12208838976633,10.071220309557384,102.02216500171205
48.54401076438756,0.6861283968291647,730.9065349002723,6.05705984888198,81.78875769559616,7.596085384147817,100.13963898580907
54.91514327023682,0.6165678322379108,786.7606921203768,6.650150895265334,71.1550172165448,8.51977195887572,106.97107703419846
47.98054770668613,0.7924488197216203,764.5454175257661,6.154267391445886,77.14006618926967,9.54676345468416,106.62872741473974
55.67519664213797,0.5986546165509897,782.0518628242451,6.361998976817166,70.6652954072585,11.14678558941424,104.19831100751635
48.209615112233706,0.6979910351326355,796.9212836516335,6.640733299003707,78.79045755988092,8.719804057414834,108.71213463953212
43.302632987331506,0.5925850659353196,874.7196849616666,5.158972873318915,79.82314948231604,10.852150359532361,98.25473302112616
37.87687104395599,0.7626961717044632,806.9369749305588,5.548013941960054,82.71930867155241,8.6762563891163,98.34494794182433
49.65227349130048,0.5865919491877005,823.4988779265972,5.794456182482918,79.71991452353608,9.690813029991238,100.40617308502871
47.158841762316335,0.4694493905444975,770.5203068684302,5.346539466999522,85.0008163872472,10.573937158468862,110.06960463606184
54.631788296003826,0.5388145779439653,794.7743571658925,5.457603454235259,96.66783949481041,9.835511860865424,100.57360583834043
46.28625899555678,0.6886363691945294,695.1031400756374,6.88064503403897,77.38415133061413,8.746612517403523,99.57887635277562
49.64832963643434,0.6991317437394267,879.7464639363568,6.773664700093983,75.47527294958587,8.988939397451178,102.69434064474973
46.34268117562819,0.8004244849976683,730.0082072647087,5.363241153539244,89.75138209529149,11.3103234642661,101.34676150582207
51.85114628905269,0.6532215199720031,939.3315060313165,6.999787571168145,70.84703038823932,9.895460234034838,110.74144163635303
48.67160123370822,0.5379610749153919,670.6802845267484,5.871377888615877,79.16810876453617,10.625167212320251,102.39655927535865
46.924712679684646,0.7704648361781179,852.8429513251992,4.9443679317734714,79.29566810658613,9.63324725491623,99.9372728176151
54.02835992614594,0.43830096393172857,838.9521685607427,5.435558558133661,70.95753891617369,8.441633182602226,95.13854928640757
58.79954170732947,0.5703647641817458,788.955929718949,4.917593918984397,83.21803513488813,8.737315710210952,104.2363409156391
59.05596936967238,0.54925447995608,740.7744281572027,5.049432819416325,62.61146253449857,10.763830555520695,110.56269664200777
51.29082710903846,0.625081749646995,831.6220158323271,4.505343850489849,78.29119994290407,9.709783776531008,102.65857692983371
52.90913904932867,0.6816780562710764,734.1825985424509,6.662707794005421,67.51674845091772,9.894563428213884,106.62816753791489
39.197238582614304,0.6298806847043703,790.7527564693755,6.848714446619451,79.93422299694959,10.082486489619113,110.84761027555088
43.65957797745666,0.7716775767318513,822.0814482261216,6.25565774554006,83.26932677981074,8.44232631714933,100.01772896726669
42.225819126136486,0.584066307149336,701.1611367541049,5.4555054040371775,77.88945024772252,9.152928788469666,101.55673173875225
43.57220204990237,0.675598416134954,717.0787300887376,6.203330926144062,71.1789018393528,9.553328348719878,113.3242517433888
45.19757556562744,0.630393462813227,864.3214819194343,5.0948225375389296,83.2245647680446,10.130892901061882,105.53284807711381
43.94485446057671,0.582563086916301,674.8806137077612,4.540461571057452,91.86960064885086,9.658024612307909,96.74561634042382
40.250350041428995,0.737799415603077,749.5648353309367,5.56550680613624,87.93066629763331,9.906495236800291,94.8219755862703
45.61466254669757,0.5236524519649151,830.6071567142496,5.8130856703519,76.14382957031623,10.757146086273625,104.6446898934676
46.639180174078376,0.519344452612339,825.4139175381167,6.479616023344912,94.42699509731193,11.895975152108345,102.11734215683532
48.140350323620154,0.6728574386752159,776.8403843360571,6.326336990591819,77.50924727833963,9.603620526564656,104.21036758812562
56.364883801851114,0.5318726337963652,882.6393333810893,6.087795891003218,80.94747014650264,9.157496259334021,110.5343732144077
38.36439601253039,0.504413239128616,830.9684516275747,5.5502018876505925,74.44171284662413,8.873046498740816,107.86045154633771
47.38532893161534,0.5175480130189626,759.1795881703791,6.194627605784326,70.11409359008718,9.246783884763047,101.87369089522578
47.21516853296612,0.7100471171078631,754.7819172430461,6.102809744189438,70.18116089713655,9.533487390290443,101.28883131816059
55.070253660058526,0.7483989330008597,793.7000971424353,5.9295251945105125,70.16008395549167,8.905768091081486,97.94519166866677
41.176225710127326,0.5292043798962421,828.1680041470818,4.807582617049611,79.57436421441393,9.75871776661773,103.60782482517793
47.251597731508944,0.5399757933712329,829.3735531269286,6.9658478550477385,75.3025181963398,9.729299734248295,107.21840408205534
52.44192396139069,0.6286147808954009,889.1911579760442,5.6062528670328176,77.53077742331045,9.481748771158683,97.00425631275255
51.9391857078932,0.8382752401248517,843.7062944450336,6.53356325908612,72.00986048901908,9.621583214128137,99.24565871697119
36.37377026385287,0.5337921758128535,822.8875741194711,4.41594990640864,79.0739481705973,8.109197794213415,106.68064430837862
49.15969304844386,0.6263212463046766,793.5948920500457,6.327255777367171,80.03860331833926,8.87485134920581,107.62486186653936
52.050042869740764,0.637206498611111,795.3963509919424,5.780551833317969,69.93290765001672,9.366025125291129,103.32750166659561
46.325741314481,0.6647684263137331,825.7038947945995,6.15456527297183,81.66834566960537,9.937891736069457,98.79848778169448
50.19136513334397,0.5627548863241199,840.8183427860037,6.8124806776747375,78.95358315586282,11.113442082795231,106.9095659218531
50.51428173277067,0.5504954571893329,789.0910902469693,5.710249688631361,89.79838782693832,8.479225736623999,107.08691448162294
53.52834933803937,0.6088051754054924,754.5570043013923,5.7257782073256545,80.43362857455493,9.254937773238936,102.07551385543121
56.682016165121006,0.6911854106561833,738.2224526925448,6.148215436573502,77.1440397222947,11.320975534690126,108.83934523433422
47.991148678346775,0.6437568977077127,702.2099532669105,5.439138613529299,71.41951197285603,10.341907087245868,103.9903996945237
49.66124363442947,0.7107481327666245,719.354698868089,4.998274081810431,73.72048627146465,10.598054341822206,112.05273182706331
53.18523607966663,0.6513301273761047,719.306773912679,5.973865629916949,83.05894948122852,10.38045902838092,103.53923514236988
58.58309922916222,0.5307244843536965,927.8570838536918,4.9120776532244435,83.72723735722656,9.059896200491824,105.19507317559585
49.385432576758596,0.67122432128402,837.3544321007489,5.7375057553920685,85.3430684525118,9.104522342150071,102.28712715495641
52.42263047503735,0.6247161184629443,756.1577572303069,6.164553418612314,83.47056538496216,8.33977205569061,103.87714072219201
53.93582211914757,0.718629733841881,916.2035360438464,5.746552271980511,86.28794423479816,10.435196100368092,106.38166881175515
49.99026099628306,0.5969663939068348,904.3456864999475,4.847934957879975,90.78768136475091,10.047158019999744,108.27036816484893
50.437897917250105,0.7249801865806408,763.1235606443727,6.974133308466673,75.71698328280145,8.448281146192539,96.96366242385602
43.05217887600904,0.6932476214428139,892.928443668754,6.004573178311275,77.87652092164748,8.577602474401266,103.10116288252807
45.75203226661498,0.7689937291693905,745.5635416098044,6.579208051092025,82.97388668845151,11.374352328327479,102.85387153371971
58.44196202282638,0.7163039886367826,711.8888340133049,4.718772456635158,63.32693014875049,9.304092484622055,111.4912601663405
46.077403603298215,0.4683132968950626,688.188307596772,5.890047976164216,79.18474486492958,8.889088858334764,101.254436988315
49.24222043539135,0.6778781120769988,759.9609482946981,6.271236719941919,68.14929645652558,10.232503388070022,106.75246182337013
49.51029359724371,0.7624212418128098,755.0770447045944,4.9646045073401845,95.35260368372228,9.990312257315892,112.66274070032209
41.767502306658564,0.8076471040482738,781.3928618959375,6.451341663831912,78.65422004604483,10.226579492149384,102.77953657068456
54.03917881231986,0.7870749727948039,857.3858792135896,5.243791773014242,77.4135294414651,9.009121875654795,108.43896124872713
50.284481827794885,0.7916730546881374,841.5834370972852,5.936354256868209,90.18387766210084,9.150640530968735,111.32410889419258
51.06863876578609,0.563259786871257,636.519686598051,4.580486741585419,73.9039363356095,8.894840457883786,99.65152334556278
45.84283494766284,0.574229905944454,643.1268681040928,6.154640057581338,79.78429798790162,9.728717066808938,97.78871689940958
49.79120940303702,0.7025230585721959,753.4225073127138,5.348611516507192,76.61902773254711,9.918544016444464,102.88406203831025
56.29938711529748,0.49796782003099876,984.1797282630114,4.178290767197532,81.72532478984756,7.616428259877269,109.11104957825353
52.146498703940324,0.6503021644607321,654.1202938824661,6.158981750856917,65.03157565024682,9.876113563661189,97.41421366647675
56.2531653388467,0.5292412476042793,782.3927865012264,4.372450821308442,84.36021632468034,8.073111717813077,96.98691137285998
45.283733518751085,0.5854317372803527,768.8257415325988,5.485534889732695,73.18763288906183,9.284126185849106,112.12029606550347
48.74605872429455,0.5935995983011099,769.2988352893657,5.63446301413862,71.0893649532378,10.284051574096477,109.77754501210048
47.46673378613466,0.7493707663265213,717.8885755017092,6.233751169399262,63.1788188816474,9.633052348178147,100.54817912674447
49.82078789848313,0.682398237105664,720.3552736928765,5.668782760608668,99.00885576213565,10.695267352605377,101.89099364899042
48.58032618038224,0.5199730786347787,861.5125804624695,5.3104754085831765,77.83091701101391,7.82043341051002,100.81014739515567
47.479721249674306,0.586025786116865,797.7859037287938,5.809545254491569,78.4016822291111,10.202759512233392,99.24338095273356
48.747560697346444,0.5368462794394977,809.5294237542798,5.352445294265678,72.69378400236184,10.466579187866984,97.56742634486211
50.20018599211938,0.682840575097889,764.3242335048442,6.139516264876129,91.50606814850754,8.675611398719479,102.86946527198575
47.17283243074953,0.9329919410684002,774.9893224014734,5.537296974165571,84.59438580440751,9.874060392320152,101.72198564052218
51.823341578782866,0.48594336412634764,827.0539232659398,6.132088613967601,61.79274023916211,10.598673511993763,107.89634437273662
40.58446928864557,0.7228485830175924,851.7617907696605,4.72196635437257,78.98620109324119,9.471830770091415,102.59033546318375
46.0142092563889,0.6328200135418495,666.7984600343117,5.872084839415066,73.61254078362202,9.050372743885742,96.45294813186635
48.7541766400087,0.4615820161388525,759.8711680094368,5.433533002370786,74.53882919549744,8.584009846381432,93.12295715764408
47.123464885617246,0.546196049228673,836.5186020932643,5.891371878174611,75.50010260791731,10.570866060038494,105.86277266832865
47.98931011703461,0.673204442298996,794.5536543202434,6.826668997789966,93.37925039720223,8.127777333444897,111.54962872269425
38.809591065131585,0.6626419293998022,853.9898936226735,6.043733993201206,68.11580904548808,8.902667800551509,112.05365315588139
50.42532851496372,0.7727142782616504,787.8288688460417,4.562014086641994,66.71195004875845,10.346292380772498,103.4849702926012
46.21597403284957,0.6461006049984572,897.229770286496,7.289763958672929,60.788647285462574,10.049916190885911,100.20445443382943
53.314831900136994,0.7016490724364107,926.051980119643,6.048768624105981,86.13241857020827,8.922174270147883,94.46439060615421
45.597216178899004,0.560236263050136,856.7654692401172,5.230705132533339,77.40417007931703,8.433320682358275,112.6178229250578
48.37478536869831,0.8544653698140525,870.4816970162557,6.314514282500547,89.037402348202,11.241017278937946,104.12579026357746
50.92609258962547,0.718217069611543,726.842618564547,5.099021984512539,71.07291430294194,8.37502059237969,105.11749241851781
46.65885778937605,0.674772724307747,813.9817092157276,7.119073603139389,70.76659825153996,8.918521196220285,116.03491589560976
44.03035915470824,0.6818522068844497,944.8959244695997,6.0286858109096615,76.5882412858914,10.13648050389261,100.2591884764084
41.71743930253742,0.6198209473561821,673.0703995818822,6.7222936905317585,80.98317707707257,9.866985348739226,104.95869346733205
54.58255328441601,0.6642760220133687,637.8844113301533,7.037736732811672,84.54544465334149,9.864871931754264,96.69351508384165
47.8670126870325,0.712165358722752,910.6409360113279,4.94992587174706,67.3420010048679,9.309662806799198,107.68918198167862
43.39509472522932,0.5189190248586887,776.4918377697064,5.9718321519627375,57.536908327039136,8.559729416711596,108.25442958587738
44.09902940097466,0.6052959790619711,677.6399733904245,5.559341408921072,77.28136220912953,9.187310971779796,98.77652102166459
35.99871787804564,0.6161045305252243,752.3320373345879,6.002022385775322,73.3565181169706,9.935400785921896,94.59097368553508
52.07097511665129,0.8246791716735582,841.0853790336439,6.028090737833942,69.85102327920113,10.212204503713034,102.66771953983057
43.04416509767082,0.7538193068712378,786.5884539533839,5.110739492330803,64.11763599162003,10.396977346863826,103.07247343941495
48.59304874244856,0.7793997672239152,750.1557864256087,5.959953223484121,82.3107385357908,9.981549441077174,98.98013263919673
43.287061119115755,0.7436936449743978,704.1611860014144,5.307472706901775,90.86288567944287,9.166390323746128,102.30598999151209
49.948577966490674,0.4585501663094837,859.3015793069848,5.28337878223211,74.37380797141347,9.145256469637914,113.55066979247013
43.790213049853875,0.6989210398401093,819.6144000518126,5.451430234937543,86.34568521333992,8.229297669500582,97.625739771602
46.389210672862625,0.5405830826861339,800.09667008882,6.52356001694106,72.31414791833532,8.779171884330871,103.85733041297662
40.513013935981334,0.7359241582535243,722.8379111309922,6.872576253313721,67.4280041078472,10.121001186687474,99.67153771927156
47.66992345075987,0.6218122493419732,619.3408980766953,5.932663889140706,77.77371228165845,9.95404957370769,100.00021444795446
47.886732560263304,0.6451114371239375,725.7257633054953,5.762771155134394,81.58094728310726,9.394892609579854,109.27533591527128
47.16562084735936,0.49366274739979155,704.3560346271895,5.9152999118093,58.20770419249082,10.1571984401947,103.36655474822298
55.3074444310294,0.6968856308552291,804.1653994601454,5.075509804976876,79.40168739392159,8.790365896479964,106.05460278529509
42.36008803285294,0.6178819540913694,810.5304124000269,5.540505688418539,83.15376782395029,9.315924341719883,104.83503822388097
44.84147939044548,0.5151103082450242,812.6748357532477,6.586566088625855,67.899460989357,10.229217106917204,100.78313651754922
47.36124794881344,0.7157389493426807,712.9021347749017,5.166189702310791,66.35190640852203,8.642514863010287,102.06307716309853
51.81500157052329,0.5855421614027612,657.6443183223128,5.64951900543926,91.6409927078966,9.057606082125394,105.73293420326391
49.2432114766392,0.6508266328872042,954.3101316117238,7.768113051349376,78.69059617107851,9.83572688365602,96.55204204382542
50.78132885080482,0.615859544269397,752.6183612454537,6.174926853959975,81.50714824519407,9.166549737831838,105.42859837397177
42.27199221651155,0.7069861999298074,764.2656202941365,6.311637724688088,65.3347640270062,8.635919915027314,104.89320594153904
38.82644956994669,0.7205708457504033,606.3760435575919,5.794045740963136,92.72831231654311,8.453439444275036,102.7864806227794
48.956250132350974,0.6040080056557215,746.131756541121,6.368740983452696,58.794216020204885,9.1176095580371,96.9206881050761
52.51864768046768,0.5150381288024485,845.8410072946899,7.639726633179526,66.99755049043691,9.637691231348771,102.67035580385416
46.045137902603415,0.6287988440380481,774.9722204898443,5.864714622726409,82.30299225816866,9.916009618720796,102.71071222284783
51.438263262776964,0.6094731320691249,882.9817999691545,5.245846259913314,58.74410842555757,10.028640128595685,98.33169421722339
53.992258938809144,0.42526904668709864,734.5703808182398,6.484135323463351,80.50956662187933,9.693320052319685,100.18021039031595
43.025630865013355,0.5652737997261651,719.220498906927,7.127753136703088,82.42025476180399,9.558709890991668,104.76351284085126
43.64970723474248,0.49257022487528723,671.0860523053752,7.669443086961226,72.8536457850558,10.775579019344757,104.11514278891323
52.03298792273262,0.7086980781572437,767.662579195977,5.712322853717583,96.12662407052343,9.630706214410084,105.15856962295744
51.69314241083934,0.6075835859559268,773.1682082903081,6.245943011287967,71.54123635518758,8.297754002952825,104.47057629595248
57.04753635763928,0.7540412998366481,760.9510022143041,4.789806167412252,80.21176732015192,8.790277083945446,104.34998971643131
46.474580859558856,0.6355972052486567,859.5097478427023,5.464312396410154,98.25842902352709,10.378638977822678,110.53553386820816
41.63492700626213,0.4445023815530449,827.9496474774901,5.6329218100945795,68.77653320655766,8.826431116978009,101.07115161324467
52.40602542257455,0.4656250037836691,805.2872259063986,5.293120346725299,77.16626202180439,8.83453963181694,104.41144390180902
54.83708947107013,0.6472304115829022,872.3674226028979,5.466917868901665,81.67400179614954,9.694871199862842,112.67131581866869
46.473209652618,0.6525124270375054,778.3202401250453,6.464341108997385,67.04486381193745,9.259989497935535,101.9905731470186
51.43346105113345,0.5752156842801079,741.2737440142404,5.822917927076489,67.66619175995697,9.56344716808391,108.70684179075562
55.259991743944234,0.6563261536659072,830.841225656614,6.789422298881317,79.88806873911317,9.692777898725435,108.21460149847408
45.48954766486848,0.7369466899578254,773.2657417887856,4.972064644033335,80.11505009329022,11.3087172573972,104.48711908810559
58.04191477504612,0.5328390757769869,876.9412144863722,4.533274837236856,75.4832976773365,9.28119209021954,112.9873660542029
47.13940264240926,0.5708980871290985,804.0243236220768,6.762247039957057,74.54339747791703,10.155857454543556,95.37389808513969
42.69689469218834,0.7331632713137954,713.8766211445209,4.4623749340960925,74.84558736993527,9.380136695718019,105.52620908841124
54.493759400952726,0.5943236627143714,884.7859180637413,6.755440455072703,82.1609636048278,8.89541575677455,102.94768341784572
41.92973459326605,0.6232977283101246,942.2110365360982,6.226532341130259,87.0819754769035,8.014077521028451,107.43463015761853
47.19406868076173,0.8329652970149164,732.0225407784151,5.935629637030774,72.48494372515124,8.630549401067597,93.4855668164846
47.8828398131122,0.7310767037219988,880.4994073179029,3.745818011213755,86.0034019703385,10.333505755655967,106.69131792476739
48.00495322874207,0.43623334837404104,876.8707882462459,6.0753917903238115,93.06865594322099,9.826560917841274,109.17746030106359
38.587597093768466,0.42908590177893213,702.839029459169,5.549358432040364,100.89140307073994,8.969738966594441,113.1587118293595
49.36082054603353,0.41545779312176456,785.5404056876977,6.988713922790467,85.6562423280722,9.150805178418622,103.0550385274214
56.07630690407411,0.6356309019857268,762.9676039477996,6.18422255659051,90.67146768205252,9.183147902542217,98.7474037883577
46.475167505539424,0.6271196594097795,733.5778124809749,6.475808405170541,76.5531242034601,9.835214122154992,102.87305128144747
55.51908939547687,0.6198196155806371,781.6559844032087,5.782960864557977,82.22087722192475,9.766010970775415,111.72774296053856
49.073919879979904,0.8006233872639281,828.7778307039656,5.5010320091130405,60.99895291269753,9.17607936894133,99.74523361688135
43.62119891710547,0.4777208327468172,781.7833468167947,5.544774285481871,80.06819210873051,9.049254054459176,100.333182103791
39.566780672134264,0.5240115778831291,772.9911164213204,5.88235175843393,85.34759363612929,9.532663536071361,110.72579767347261
49.55605962710021,0.7464007910946393,611.4407227161715,6.845629263856228,75.68775317598494,8.893312644439316,107.42221986704347
48.750708776862446,0.65528907946926,753.184752244573,5.371416889151397,88.59918696642251,9.993794713337351,102.64294656874034
40.31123019853505,0.6171021034542671,744.1024196142382,6.673933133378535,85.99687933766624,9.161462379463865,100.16395784858685
53.42339335497935,0.5383381899797292,791.9807628572886,5.247346901659852,74.38515619332237,8.671332218595081,96.57047500480766
43.52148851276635,0.566588868668253,751.0148282284697,6.2135790273598115,69.70654698032834,8.914092439818305,103.776944909236
52.988795896251666,0.7084901368899945,750.579780879927,6.6601317998313725,89.45302353277688,9.655151757534382,101.0955039108706
47.441246296899955,0.8255760963798005,804.0709357102104,5.539615034260243,81.92431153133441,10.113520234801978,100.6752226417543
47.748016005948855,0.768481757041288,792.1282665749042,4.803517513420577,76.3358265137468,9.966933964854924,105.22570028263553
55.046013798200555,0.8583092990260661,690.0697692614626,6.384882786199784,56.003072931459506,10.227701063148782,96.31810344686386
53.951778257846684,0.547648003512734,737.1926060665234,5.5493230783933045,79.32362313132181,9.849013401778691,110.04517007689543
51.59475660639298,0.7564337136892862,835.7095299816679,6.604014695907476,77.9243582244424,9.276481176517466,102.11344857099739
53.22726326135408,0.6737844547895975,888.422407800623,5.311029751456497,80.55163229015031,9.324894136792544,100.50345840520255
48.78487830015358,0.5155990366818263,797.6760042262591,7.057014294015813,83.02922256801877,10.739298257230278,108.28254064409575
49.551032234346394,0.6447794650055736,809.0629504276496,4.655091299128214,76.12108640962332,8.526070109210394,101.82842412773243
37.43400907718681,0.6276823221722971,718.125704596356,6.117020757462261,75.09212481694384,9.863700639840793,100.50432567177678
49.75473553502547,0.7945013986687556,778.9291190797377,6.318471745287563,73.86667286220181,9.327120399329482,97.24866755004764
48.415637029555946,0.7637728212139608,644.2421478006179,6.171195723081884,89.76480125507436,9.94041830513106,104.32606061968785
45.18264043490556,0.6979551937843523,889.926640861165,4.816808148003958,77.638253347259,9.49113544450464,107.04043800956637
53.51267109784186,0.6742448260690956,608.1885914488518,5.153891896894135,68.75893776967263,8.815927562683305,95.98191069679683
51.123191413359834,0.7002544795800817,813.0214481524381,4.983217926917794,69.76196047883668,9.268243347877043,101.84178998228478
44.161131011912936,0.7698976616108794,937.9846778777967,5.600588938718281,77.01546660502923,9.453173732393976,108.74236951634161
43.17846824834236,0.5523579070250741,727.163370751016,6.027699652427237,79.45849688722994,9.648001567697694,108.2098897679732
42.60862521956008,0.7446655122897129,639.045174932731,5.848883099180209,74.54795518700384,9.146635501475659,109.54953305325296
49.2973091518977,0.5914828543359357,740.2943169884993,5.912871487754412,64.62280986306376,11.979448412260657,101.11103630940175
50.04859683743796,0.6350762842746943,785.9090462703006,6.4231032110233945,77.08590114120034,9.755904909232159,109.41274084043474
50.829424869977544,0.6799337846727714,743.3364970929213,6.854946184681113,73.29947351582672,9.19509953785913,101.06196470016937
45.50641572520161,0.5781474352017554,660.8794379080906,6.178998226782516,74.71090880190447,9.428939188925868,105.54588249316751
51.843060535250736,0.6510885519983233,767.3971601292961,4.7194921107032375,81.33303394947706,9.550752998178549,112.20689141897498
48.15226488078687,0.5475697062831218,746.1875603501358,5.567371535371648,71.38825151618059,9.160961215440413,106.30124250254039
52.30465552362317,0.5294304316872132,791.0904704712743,5.96696650894941,80.65365784539792,10.900350821656044,96.62228848114357
52.99918035246705,0.734086732794598,798.8058096039431,5.952304839752385,72.91201668820275,10.170473683767543,107.06547808846929
46.36245556594959,0.6407698449585807,896.5724111015736,6.509393016209681,79.1958352189787,10.191685360466293,108.43121671470402
43.26462668392254,0.8061123027919763,778.2083474826799,5.575454220361781,78.69467204018355,9.748489515443199,105.95506552857728
47.50075239834193,0.761374060711561,825.1143368392602,7.356700889881944,85.8116523019502,9.179199635663336,112.40711695094117
48.2853346041563,0.5450896771812251,735.4676283465268,4.946720564777442,73.46720061280612,8.488334632345087,102.26185382987504
52.7400764488889,0.6039681830248813,758.6335938122223,5.040324192477268,72.2902634505722,9.170694353058632,101.983597163245
42.954849831235684,0.6183130920240913,853.516925603384,5.788968411497512,79.59780850193349,9.977918936572033,108.49287990214432
42.01604503113407,0.703524426129615,723.5294274313411,5.526420738073756,77.90318389576349,10.42409397419231,112.66726769605167
50.75258846332179,0.5782010343566362,738.6478069944538,5.632788527643692,82.15972960612214,10.168080547412254,103.95460770646578
52.1112291600928,0.803638702387011,713.4273823791161,5.960961188994434,71.8527227659511,9.757302739954893,99.70086761165828
47.20061199731491,0.6491882381047661,891.1462897502777,5.340084514113553,77.45271083262251,10.291625980642262,108.94069147896491
47.61850446038016,0.8199188739740464,776.2483938038819,5.7885225998849545,75.96362687564609,9.139355543759253,105.408965808037
43.59751492488951,0.687356883565103,770.3444539191765,6.3244278041039514,62.87207646427772,9.046901469953674,111.24358401214242
56.1098760097682,0.5561618102031392,761.7883039130006,6.066486884640988,86.57645849734678,9.232973394018455,111.1714446413676
46.00897459218056,0.7712415568385904,657.9661555105123,6.314223566511507,77.28354876904133,10.196543055775198,104.62148794298912
48.39320154365226,0.6282519582872174,767.4603572991186,6.232774383375952,91.08549106138682,9.584944264997983,103.19845882925571
49.30389641703646,0.8919575260386681,792.4318959314755,5.085687149175636,84.87272598728504,10.470105873166986,87.36883183972333
44.86040706685516,0.5047598061420641,782.3556999350392,5.32424552688077,85.00240794464463,9.833239871943798,106.17498248941553
43.72208073275185,0.7202109422349953,695.3142181643982,6.454482285819014,78.34814999805864,10.086080908318145,100.41648227355762
49.34784231859034,0.5832313315634812,678.2647457577913,5.935232964246023,81.42429587623188,7.87620374295269,104.32081792021074
51.44093870326571,0.5257991194312654,719.8906412408842,5.595571974300185,86.47591795950073,10.295230569138493,100.94947990690095
56.66317102702135,0.6709533308146908,738.7878696331554,6.648798031423504,67.67126560837508,8.410390446605891,110.59344467082951
46.84328694125418,0.6891367907360294,806.6824970467835,6.351601720187473,70.43431601622817,10.109682396060112,97.20275123406273
50.75120055388258,0.585077582243164,824.8460526220355,5.933395148566163,97.11369966966315,11.287105397965188,105.49601184525908
47.98977543183795,0.668327368074768,808.2061120815354,5.751006595451951,79.26414982367989,7.671267207282595,104.45949623024985
55.074325828219955,0.5193661714541787,736.0721165666998,5.790971657682596,61.1745429099775,9.320269907837298,104.06481197508461
40.61362132674503,0.5959490142574083,878.5041843683709,7.3279617136240685,62.93097961351024,8.504760771147087,100.0112697516678
57.8985681749306,0.4343189221301341,702.5806853921841,5.899088920364391,80.20731534963737,9.519064505510375,104.501053575219
39.96125667248637,0.45029714572186297,834.8283179238886,6.427541529944256,75.65456488350294,8.821685429808815,104.57254271126187
47.83342125368168,0.6389043473127733,748.2042506027627,6.635558977376768,71.48302615352775,8.985440400542483,94.55698160954239
54.65360860698189,0.6502257169248579,761.2065151468005,5.019439679957137,77.9657559494021,8.065311064721921,99.64494956851559
50.09607014410279,0.5621620344559994,784.8474640894863,5.382763227723956,84.2690884005401,10.827380387077529,98.27080462321614
44.855472896032374,0.5495380536017631,896.4295481178849,6.124652064200033,86.41746711588709,9.394688877045427,102.0300668798186
42.56833080639873,0.6449509699676924,822.0965793648757,4.9841828029019135,77.14260050762468,8.91162099423316,99.5463622770111
44.948782940576116,0.5934630963786914,866.3276153835768,5.391314163763719,85.99574302121198,9.618620067533783,114.36354194730883
56.3080231333593,0.6028267232091087,814.1299326706317,4.998894119803277,75.30438686148315,9.229992169453812,104.2689306553894
41.01358366718264,0.37861429455137147,883.1916706786333,5.127570113965152,77.71127547280354,8.821407286935845,97.18432431739795
48.72548662288528,0.5656993707238951,826.670928695231,6.517005089585956,94.89126034011711,9.136952105414643,109.16471439244502
53.73983242192919,0.7621537961129627,763.6817821003842,5.277455337077514,51.91877178796654,9.130285348270501,105.03069730301829
49.31666354946638,0.5474919512392054,789.7067163629035,5.363424155481264,83.01899559037179,9.718381801233368,103.51592172136192
41.984443664404225,0.6205779722660643,711.1103157322143,7.460232642395626,77.28222658076565,9.424222422271647,104.7693061304215
55.681196944766576,0.4999942696476102,814.6930599085151,5.43998639532499,77.50873523096439,9.56526163930791,100.35792539936607
50.50643062665177,0.6455937546837426,811.1224424371851,6.599116507172052,81.16102885878786,9.749082796697296,109.55588010636306
45.928167372097626,0.6900717402524553,857.4515907084088,5.119891221319789,82.0614805045439,10.802733720167666,105.561341161546
47.14419667627167,0.7360251645803209,822.5803145350305,6.2569744030231025,86.73163732748533,8.737973390578867,100.86303154707944
47.14101513327857,0.4786842202459216,868.7031813013631,5.519166261324033,77.78927951757139,9.789054383875083,106.17432160804246
50.515651589885444,0.7170821939825552,886.6225031768776,5.299464533611056,87.55970068358342,9.028114647205136,100.60451487338179
47.184137825396846,0.5090609241066985,798.1759937298598,3.7375012852993246,76.93551871999881,9.704738629166968,97.36421324301222
47.76971120119731,0.725089909821113,858.1574529985139,7.114599185701567,74.94497320512579,8.971159058478909,109.39354712627716
53.85900532917893,0.5736141857562518,738.358546927903,5.652358864350769,74.0342000821028,8.183221685594138,112.86848609486249
53.63882309851073,0.6758039194309895,754.7904125428116,5.903426435825211,84.41504316252254,9.346576137004792,107.80368479762488
52.26456846861702,0.5357696233879456,863.4403072639669,5.523415457005562,86.61529987704294,7.713575352855638,103.88581851453584
43.241177236254046,0.3730858760060848,744.4054371054327,5.605968029732062,68.51068514755447,10.04865269585637,104.42032259935827
51.06889617722756,0.5698443960421979,768.7742983405013,6.379731504080266,76.23307329659606,10.254265699237333,94.61280605287297
47.81887622566514,0.7435710979939084,683.869751420824,5.865691383118422,68.84882709021065,9.560456722078953,94.95832656039416
56.897507728085635,0.69013943139369,773.512923547457,6.6053308416360705,78.25905140236881,9.105635628676126,103.01559558068847
52.35684351974444,0.7541943370993784,708.1706826729044,4.799344595405257,85.67558926898847,9.141924273479743,109.85183549133426
47.520726507353906,0.7600492484183039,778.1020421996448,6.432170129239498,71.67153976632521,9.97647796577369,104.92032102436515
46.893535875812994,0.661841844463251,768.9275734443719,5.398928401641336,70.49511673951484,9.251167493598388,102.65587194010567
49.36597455027444,0.5922460211756275,736.0792946131244,5.890864205121684,89.77022639492294,9.244633767406981,104.47926600681805
40.329459766058996,0.7315165021569925,827.3153136871847,5.094836284834901,80.96297131820862,8.460918162578212,114.14861204689687
56.28924934872741,0.5963397405297222,745.911363720163,6.872316258857072,82.85728696169485,10.041467209799338,111.92232822391652
46.36518458514184,0.8555769960016473,882.7682659268311,5.725174443894285,60.18496803612134,9.070649943171151,101.67662403252059
46.44216357749512,0.514393237265516,897.5595134864243,6.045916888499772,82.28021050024762,10.285211627586415,98.29833944601701
45.5239547096964,0.5820162198762272,671.9065208770769,6.815959307642528,71.07080888663477,9.443620770100804,98.5753124816981
53.448202298353685,0.7735905960279655,749.6866747750762,4.516212938343022,59.40690750035627,8.997557376178614,107.84548547853919
43.84205496075867,0.7212947260037574,871.7610208904727,5.835601706326204,73.83000302891598,8.8637138468398,97.64162646594612
49.31142216738881,0.7050255332879289,757.7522120688554,5.156132048461031,65.46752877434739,8.912710113623305,116.2595555572295
52.72043292803294,0.7020652484561513,724.4318718742795,6.3437869639294835,77.82375184223814,8.513647807388672,107.98888993282533
50.41319097650903,0.5696649708984634,789.8460908462664,6.124535110884585,97.26428595225644,9.856193039077322,105.47138415016347
39.32086379258997,0.6283671541597827,788.6551770033178,5.632084107249457,71.29740840253787,9.862894170254005,101.64359790577106
46.33713669156122,0.690769267988856,746.2394205854384,5.67781194018345,78.76706555657961,10.011783245614676,106.36807896758461
43.28050147886643,0.7747600318711065,888.3469009061857,5.443078605370901,79.72691912800599,9.376620126210803,99.78277530688672
45.66375945325278,0.7466074511044889,681.7905392448364,6.5592102838819075,88.01071540231872,9.741674037158736,98.01410138131158
47.77956217710284,0.5867000188844574,790.4854315047793,5.833592389797766,65.05225524444076,8.12413021199455,101.84641188381458
45.13777706247772,0.5659049139755347,666.9225903792906,5.425164032409079,64.99584243901799,9.633420177382748,103.90025615836016
45.106734232547815,0.6532649887554486,626.4719726488875,5.050545972986239,85.96536949980236,8.336159502810347,107.4777871207682
44.6707619260778,0.7583664805271129,762.1987109472939,5.497821372042545,74.99083745468086,9.323165256353157,100.00958053914063
50.69035418911909,0.701719782861354,725.3158336086246,6.909018132719342,65.5978635394106,8.592676054891934,108.49560772497274
49.638940160012936,0.7270414760402858,711.2943487758253,5.361115720456158,96.67461533416257,10.162856550234705,108.27400588733776
48.17903239306863,0.7400512072030915,710.6707185590024,5.557743981646009,78.08900869466315,9.642190737699389,99.79747061434952
39.738088692882215,0.6612766470448572,898.9362555386773,5.852714006887,77.67196495462592,9.296849463104406,118.77236727553552
46.821227105293694,0.49249207196793254,861.6532534256628,6.121081201860508,91.97236942344591,9.177776304762288,120.15053226524
42.44334511809335,0.5729241530517215,897.8932435782973,6.264998903089037,87.07827763243405,8.559773806976091,106.9652068539755
37.41836313753754,1.0180112910007768,883.6402022119165,5.750744745809009,75.40953960619275,9.767032939562696,101.5113024935774
37.40742435477731,0.6659684425520123,695.3978747187392,6.027115619051282,87.67799198850497,8.13053910021991,99.50511837939956
50.231169444796535,0.4618447821662568,784.1436885918678,4.87405462279804,70.87289293344985,10.321770232622724,110.02947539107043
52.0258447533959,0.6515588934817245,804.8610271016042,5.061220827671269,80.67258346177283,10.385661049645101,102.44363182590767
50.92282128754946,0.6500343268936133,760.7485293312229,6.3116329628720536,84.6055745611873,9.148907417924466,105.65383292600113
57.23469682742437,0.619411702722009,934.9846004254335,5.971959325303708,73.98356465555128,9.808797770013367,107.05000619752337
46.04631572892462,0.5566458234942526,731.7796201854622,5.990653013844504,69.7788962401531,10.192948241494655,113.70721415802944
38.89213512298957,0.7282954797682273,719.9654381676152,5.728172867024745,89.05177799927144,10.59015709125274,108.30021485658764
45.756167158274444,0.6119796628142069,737.3158297691759,5.262133043479524,84.69845472414121,9.43190743239302,106.43864167332129
50.690866303916096,0.732153442282625,718.8284945022843,4.703176909392698,92.10842384245166,10.250578240081744,105.56877985655959
57.04097053500866,0.7536825298402847,821.0232096730185,4.882960942883485,83.57263209468545,9.515112742212782,104.57471377453953
50.14102993972165,0.5780571955148744,774.2857565859147,5.88661888809529,74.28597566199215,10.19809637956374,97.27344515591989
49.66514998761523,0.601312978619646,669.9925677909396,5.533972583998578,84.88689283064693,8.321494399892405,102.5241743486222
53.43262619815188,0.7107827785524515,798.6550919389189,6.002864538802089,76.90850690588016,9.63791793782015,112.40341488278828
57.801843494798725,0.7827979390465957,911.7255622189475,3.711289629543409,72.20311835943569,11.188742672843714,109.03265950989645
59.21594245280127,0.5484190137929422,788.6832898675681,3.851298829985687,81.67176544421022,7.570013109027358,104.97690273941811
41.31668810501137,0.513285750460727,794.7475939755709,5.4712780598925885,66.30415899222072,10.498946438000155,102.29583026943618
55.658619679028504,0.5929956992413427,687.5630663830879,4.83498679641049,77.10177973765381,9.364751444999298,105.08538447169421
41.950493494320426,0.7959207625125977,784.2538101806625,5.8687596456762625,91.5799932688916,10.003091820961998,100.29761074137207
47.46755333877708,0.9678519422334271,841.7552397536778,5.1632165975223705,80.82592669612218,9.192998775204902,110.30806014628048
49.93998197104999,0.6192089519981923,706.5934544248323,5.557254643839478,74.28625747418195,8.975571326075736,105.15618517223018
40.29869575755708,0.8347423416860128,798.9402719764624,6.914324663738135,69.08721096845788,8.872611236646641,101.02530996433096
44.96680250246494,0.562439589611581,703.5917460573897,6.395834240064693,72.81939303902742,9.190197290839716,109.07274553102626
46.21164726831251,0.5512207007923905,738.0103260598431,5.810931756442165,71.19978186694497,9.375378160704855,98.11845431478008
48.32866922608949,0.6713665227004253,931.5049646628933,4.430790469606468,78.4615588365499,10.163935031407895,106.13015636479477
49.99142253748913,0.7171812668816283,857.4338480650518,5.57716344306137,70.13184587009323,9.241496745415136,102.6349284612014
38.08302290696491,0.5063337898308771,880.8983223912142,6.568146411659452,86.29289971264743,9.192034110527008,108.47235062576316
45.82648795811747,0.6467671449580301,883.5456094996883,5.711788057679248,71.0648728331111,9.316544506792884,103.67823017307188
46.43558451753735,0.7651121745496116,1001.3310465935826,5.924477510372408,78.32615150933472,9.101979691294401,106.119936512784
47.62745962345824,0.6729259969686043,718.8330146575478,7.071112081451162,92.2873145450842,8.43568434823013,107.03632111205704
55.21884807386975,0.8399476743888914,831.1090847050845,6.154504591846703,66.97534652587413,8.878794927149087,103.55692785328255
43.8402433348015,0.5334944775998439,862.3426818763776,6.132368561906772,83.15355970187714,9.963237586130365,105.92213035783772
49.2146658554523,0.5838353019266531,833.742016085333,6.929084252149595,82.57394397787003,9.491913554958233,107.79505385396712
49.963264741527716,0.6427449237060252,707.9940228735471,5.797404130347698,75.31175225137443,9.121289540405032,107.42104258236353
37.997185740594496,0.5983106773227194,945.4562872390807,5.7130525823094125,85.57930418441252,10.934815338821412,106.22063691862853
37.324387286542105,0.7428397353404803,787.8133227707527,5.2879913781795,84.21483882488972,9.755073599194912,106.94483711398004
52.79833627888416,0.5945022823590782,873.6369357968064,6.630375496122097,66.93367986653236,8.990142463520444,112.92860944988581
46.7369584584436,0.7648283544699964,752.4938769934497,7.096092142634852,67.27583302788076,9.239550501781007,106.53115463965622
42.342748295877286,0.44853340269885533,752.6452858665842,6.35778788860123,74.25916140476336,9.910681090383974,97.03184957609074
42.63619332168449,0.4862490128617921,683.2805705669655,6.605460537118883,75.77038071049955,8.643438525948344,102.58670327365678
41.146813448306965,0.5526609438182968,761.966865676678,6.51285978498011,62.8936178186144,10.850367246283463,102.57031166695363
48.16320600637909,0.5902942054228706,611.9423924839435,6.094807326958536,66.34968358389568,9.6978223488345,109.11757050129911
53.93593062827608,0.8528971425497873,935.7625556221044,6.253311819074044,94.50552392449617,8.989397274946638,96.98976684252717
48.4653500438434,0.45237152818403403,838.0800998602797,4.986848707537238,89.20158079764691,8.650257559462823,103.66544104875432
52.69337353700181,0.4417480857413202,656.5171517929648,4.560861721160393,70.87745427808333,9.78515185803043,115.31383847539891
46.02125059773802,0.6696830051887788,804.907889594707,5.742476704487333,75.48115833012513,9.603294569553347,101.98963988846621
51.49664233061692,0.6603371035229159,757.9397900717908,5.46982338597288,80.80870106598488,11.655293957396411,107.27111628561228
42.85190913463893,0.513087685886067,639.3153982167848,7.122750840963226,75.23057702658087,10.206590385692069,106.18724192279646
47.806960308624014,0.7911623403159543,801.4685787404349,5.0312744060154095,76.20250899961576,9.069001250213756,101.46706298644656
43.73333317868609,0.6298807243195471,708.5577520802292,5.821881408010366,81.66831758295011,9.224643454132513,102.71253031580386
50.229511714940884,0.6596985127968297,704.1702472772341,6.245773425265524,103.3401630275994,9.091869358771609,103.93666372457893
41.62252911191807,0.5232344348883928,761.6406573192738,6.260025328757478,64.46984274049046,10.608408884913269,106.04379084537868
42.996090588373896,0.6626133724786307,807.0583653423477,5.599197064049811,91.60607142402944,9.908816366302787,99.39801826075191
56.76670138500575,0.7872959511008631,927.6838106583101,4.869474309331528,89.51364371079995,9.714936748647862,100.19904304250548
47.29516039827532,0.5790280615959174,755.4296894108762,5.60854919156756,67.21334553852681,10.216682494529614,113.74716678236905
40.89058707771037,0.6062727843966136,640.7322963205198,5.733025461205923,71.9640973464895,11.410348555009111,105.30215682340904
45.590444834784066,0.6947604128984259,720.3443331510549,4.895621957706695,77.26128820390129,10.585093606757532,98.6359572482823
47.42678294914993,0.7254965322322584,793.09207217105,4.843101070887064,84.52181062567199,10.284487052305145,104.72421981360228
49.248505246245614,0.5543152220801516,667.8998137622892,5.523751356310695,73.11297073474502,9.320020798297604,105.42248279727033
41.82237564975312,0.629341680470105,740.3535625721361,6.707684701094165,67.14311141296523,8.876921701899732,105.0894835194156
52.71691381887417,0.9637058288834015,715.8639438420374,4.797628160856986,85.85092064135644,10.915596320718768,107.06896925924897
44.30289329271957,0.6319765136307315,690.0216242677925,4.886802869122686,87.47314917462025,8.903417967935303,108.4002817446313
42.271798231956254,0.7847284702305126,890.7561983675921,6.281721434932556,74.75038547136836,7.3811164309561015,110.05526063852383
49.228061279660984,0.7578683761672691,887.6541215976988,6.384823227670801,70.93824517653793,10.046950734536964,110.07110771713384
46.064600537747665,0.5078479971558915,842.8351928922693,6.074605725526232,75.34968085261663,8.920893530837718,99.884066950056
37.421822640688774,0.6702818005420226,782.277089035962,6.154605082846329,72.47320100725288,10.101575059574591,108.17817121288277
49.182162268701376,0.7226419762250756,820.2323828395955,4.557045359261085,79.91604344943967,9.60610135902472,103.04568664230428
50.26791373153146,0.5866277485399667,849.766450151441,3.81477906176903,62.05967912345235,9.723124510567667,103.30459781006437
45.268556423546656,0.5175521867942329,763.1614460624904,6.086878276224218,90.1225421130831,9.970364864343306,115.43037825062476
41.90915104882232,0.6432209883038611,869.2699810586887,5.175334667080726,70.56097247088886,10.574266975128152,112.40757662279515
42.78245250297321,0.6914495985546039,813.9603890304645,5.6071203463384665,63.36796248729531,10.600760823525729,112.56271304619861
43.27667070306924,0.6755305477359967,743.7631203912742,5.244446625232439,82.6092417155856,8.79898438143452,99.19830453555949
38.68402139342656,0.6407764418979106,744.0183914470989,5.359593148772265,84.32327915794464,9.745207060416504,104.46367557066273
54.92560634213026,0.6857373075019779,812.1122746367047,6.391956152933151,85.44583610192987,11.009033474938215,106.39243761699153
42.4904998516707,0.6434180662536838,804.2634381395997,5.911447436360949,87.0425213025535,9.21327193035984,103.8362205598895
60.02643362384596,0.7409099438022824,697.2848131517875,5.081363340746548,88.31424139045801,9.887509609075495,102.31998951351265
46.682403095718726,0.6927266639175733,736.7117830877143,6.932006633443154,80.75260033504246,9.148324276289655,102.22795107485888
56.2752348170587,0.6290535106881512,723.1969520730286,6.269803315655783,90.40123656691824,7.9534866660693515,102.96939542991062
40.88426919728512,0.680988100443537,674.4228007586752,3.9694415596068264,76.02701812514648,9.80902408519855,97.43961545923592
39.82498113696025,0.520442320525824,865.1628218905367,5.736088206051188,76.95891942404836,9.950602415902601,102.792843545756
47.28336804320747,0.5182301388541168,701.2389218143218,5.578405133956535,74.01436497056685,10.201604357876676,101.02006064771197
51.00067085000576,0.5456719015933066,817.5401250633877,5.561565515765609,89.75996113749203,9.09550052850296,97.56038441663212
50.75074653594426,0.6457096915687358,860.3341536697302,5.032720650719032,69.67995640677145,9.964491195960036,108.46208940327922
39.53980677494468,0.5830295327170075,793.8608749484557,6.84378029433295,80.03707233806804,10.23191201908635,107.01040299098074
54.62600778093926,0.7861111531619279,901.1696650584756,5.390974071724936,69.90670962385462,8.471852498355346,102.98539183261552
49.11532073750074,0.672982409961999,722.3569204923397,5.967156222931644,84.69429292392556,10.057022922756987,101.0137806692884
40.27098214046029,0.6752544311776639,858.9999910597999,5.562643500284339,71.01223643675173,10.468069171153369,105.10837156279412
44.60789324023665,0.7391379832979552,828.9913667190974,4.962780633045502,70.53988667725866,8.982488880592717,109.65434624994698
44.08683931472398,0.6745106638050621,768.6181025857891,6.32294210267222,89.98103080949832,8.860521567834475,109.39130658536449
51.446046737531276,0.7954896298071799,717.8550026750928,7.2267263399096295,81.53179078656677,8.690291387169937,98.04461027433015
56.409675833142046,0.7717468341740515,752.5955542317008,4.918586966570738,69.33720702691161,8.989437744651902,100.61566158828444
54.55290092233827,0.9155177610699592,718.8589003216407,5.724164896139409,74.11598128124028,8.622139633039613,112.88745039675204
46.40816044198033,0.6826861878871464,675.9537917083879,5.5898322339126985,69.43275471323233,10.196590064732021,105.98850971878994
49.833607102246894,0.6491588961646767,709.1496884067863,5.10094653742946,93.01106911578475,9.367171371914171,101.77997238212636
52.59912295774554,0.7212116549574286,838.0959559647528,5.789580836283674,69.90004904880917,8.794244517651611,104.82959340477159
40.52815472234198,0.551793331563749,932.2919832391881,6.77934866632436,78.13682683417026,10.47816749297139,104.19190102489004
42.273954493957355,0.6292198281047567,816.1208465432301,4.853599574238837,75.38210941175105,9.389849905506107,98.14748224505988
51.11700914793723,0.9243446599701803,770.7201000591799,5.11805776871742,86.10797116451425,10.258820906481734,103.38726158536436
48.20140049725929,0.46212531661146655,891.2629288324429,5.897617192853216,94.84507250098257,8.140170062633052,100.10005432851167
56.61539263843716,0.522120339844865,646.600604763017,5.847049997681644,83.6542940886153,9.043535369352755,100.2448643669727
37.379043521774214,0.5208036492267099,746.8341707175164,5.813817755586461,69.47708461853568,10.072538516032488,108.46948619251174
52.31547879250771,0.764730587951552,959.5449930352156,6.2830158909031955,57.2979872479111,9.969536134956671,105.39273361494051
51.27080886087294,0.639802613427251,835.0736199873189,5.240351002953451,62.123081654115225,9.701581008762616,107.32088611332544
45.57836016384592,0.5273963275968669,883.5746826266036,5.675587920637152,76.61562231891921,10.139022590916532,98.19009900297796
60.24567764154402,0.5059402525999966,744.2973181711604,5.904269845920612,59.70348930972706,9.399294807242137,103.50753848898898
44.56966178015784,0.5224778840954354,773.4665373135595,5.80277980776931,77.93855670926321,10.06929327370874,104.60211327971811
47.95756518157575,0.5939831299082026,800.2955488103008,5.917690563127497,98.03545149094752,9.667610912190057,100.15929361282942
43.019934680923804,0.6194421159225597,825.990195015477,5.792160886841007,71.0181391521845,10.297607184754618,112.41455807581139
46.76666482728294,0.5402708618447882,813.5936401886469,6.192616974184065,71.03514941560736,10.422595558686169,102.28279406908557
44.169136755506514,0.8480103926410139,878.7383236022878,5.484527451046575,78.19912189550175,10.25516089581295,101.27749701532929
46.518042782337766,0.6294829519101266,763.1530872447111,5.920286600810583,65.24746612179605,10.022230482058612,105.39497995116048
51.65983511722159,0.6799315652821005,837.8958331308083,5.713625610030851,85.76918523547099,10.165357654983262,107.69006039669077
50.75725140773641,0.7363685284393606,690.7629857819516,5.448748668855481,90.37459340185184,7.8629377220034735,104.2382648003291
46.47513526168815,0.5576962658746637,883.9598474622813,6.170217954003927,69.94876360440018,8.719316184872461,112.85529219749509
44.40404611584015,0.6731312920033157,899.67202360219,4.190864448959655,80.9251876418315,8.761099939618274,102.94771975724892
37.753823511382855,0.7421374815652275,629.5941241688654,3.4990250917561365,68.54650807512814,9.474549459109484,107.73066656698107
51.60927533892473,0.5476068638163646,759.1697764161231,6.753252182155638,74.93814978802834,10.28831792320917,112.51515326321791
40.261476838039805,0.6643809454286504,588.5013100390713,5.483652502724695,88.00482702689624,9.273483533255611,101.98016564233453
52.6364076482885,0.661402469609271,735.4386252207307,5.0001797665954095,83.92096329560931,9.584199362460076,102.86767551539184
48.74144707539144,0.7348049168314436,847.595979655655,6.142380546576016,88.60621001730917,8.87245926018727,109.72800145948197
40.9746721146564,0.8223945378307607,856.4815912476865,5.4711531847937405,92.44258911780693,10.371004746846724,111.33442804390143
48.12924394830264,0.7974866937747049,690.0270177766547,5.145931112822376,71.2046445787676,10.794410538367279,106.31324079907677
47.39895885956546,0.7877489772282161,895.9105717421647,5.77267057856528,88.6641997728993,9.4810006573301,105.16352974098794
34.84695094462204,0.5965211326447236,902.0978418471989,6.764120683701117,80.41555553462463,9.587324380766677,100.92295150272501
51.67166754496189,0.6615896488311884,854.2677002352634,5.4552216534653875,76.83824576022384,8.51092086673412,106.13176688234904
52.05995025007283,0.5447731274008569,832.6761115968321,6.8615608372179935,76.71935754992677,9.501671086667914,114.03487691831921
53.34092648606968,0.7438047733652972,892.2595300306053,6.24577137469948,79.86954234312407,10.497967168967914,103.14334541177763
45.097092279926876,0.6599714025662872,713.5691692021878,5.444973827674924,74.19136070627555,8.716957807129228,108.02388393715079
50.97203588181404,0.5832484683033051,716.7502475574446,5.451034620702945,74.85824896813824,8.840498988094474,106.93336295431776
45.46683919725837,0.7485090085526909,685.7914872916185,4.982381057762265,92.86927593779356,9.374202811462315,115.64821332821184
51.197722806305045,0.5589469118866232,886.3999924847208,5.159450970678052,86.06134431637165,9.057568817130077,113.10587860353044
57.728557610280575,0.6280886702668352,727.9004595402182,4.8914674853536155,90.97573823301934,9.34984560009531,100.84578124393683
41.38618214530226,0.6590909197470728,928.8797422278826,4.820089849128446,83.3914549873647,9.818294222262658,106.55723624176213
47.777485306718695,0.6640519862160563,741.863790508788,6.153220589313706,69.03675113231924,9.53037554691442,94.29968500891113
43.96269262176667,0.645697062034303,774.6769422552153,5.2413749052586285,82.96946599645547,9.342803346669765,114.03747506943358
56.884050879497934,0.6190839810985324,732.2234108768996,5.8930163570792535,75.19814292602283,8.792144841888428,104.25148203523116
46.9147955709094,0.722108622912423,737.4122889759742,5.699284622278005,75.69626640785663,10.279146580043347,107.15249539380704
50.36130363438448,0.6360056685058819,878.3872549705872,5.441324764306563,90.23301965844374,9.35373565575658,103.80063462609363
46.680957649258424,0.6224299386353122,922.1603260756377,5.72795075416031,84.12235033264582,9.539267052781463,101.84666463787676
42.30413198766318,0.5745943092183221,939.699929206341,4.5259153788055055,53.49064032577525,9.551716249720183,108.19370421114894
43.69950329597037,0.5744068490905551,850.3549766193667,5.4737575147590976,63.41607597798401,10.062319235534599,102.00211279386545
50.38324299780006,0.5277044497328934,847.2082562055612,7.112613129314226,95.08198229642119,11.335018295109707,112.91263314996124
52.79962384863071,0.5050515515867696,704.1685844548047,6.350590877564925,74.59363477205055,9.728820512986204,99.71053248975015
50.660248892798805,0.5812456782243179,970.8012791946026,5.891314546988191,86.83433187084354,8.95812291617031,120.10447273315793
44.186642473177606,0.8510413303562298,819.5897403019429,5.1000116935330535,82.12834333007886,9.236818541389535,102.37467177556145
52.22219395258393,0.6362834583459892,726.8150922307051,6.809553603943454,73.1899729537095,10.31358943248235,92.80286288198451
44.3711945634593,0.5690985162063865,736.301420028136,4.660906093520283,91.00018508930494,8.4127887407388,111.351422188654
51.49472861963196,0.6082299965565535,719.9831845162995,6.376362452309806,74.36816641798795,10.482768606627868,108.74216980513937
35.572216565009704,0.5762224252094368,845.2471281580541,6.3569525996112075,79.63930747728469,9.638636688143798,103.22057945694344
56.04025981237541,0.671321421975748,874.5407874568506,5.834675796578115,85.01803972984982,8.93670449518396,105.00421169986605
46.98419398338661,0.7419174281982144,770.1301082380601,5.087124822249742,85.41978160315455,8.80500106575482,111.85583538407153
53.410682923221394,0.740166748507306,769.1615922553572,6.645174158075957,88.20700902289316,9.773991169434023,97.25168139170901
42.525254409578274,0.8504452314956887,860.5958455148884,5.819753267954416,69.52458401344512,8.794257449707665,99.67829031822394
50.64142170285882,0.5000013333614999,806.1923397776601,5.236306551911101,66.92382079867025,9.435636981598972,111.34942251906617
51.04398549917238,0.6091165383192065,738.6317278249358,6.255975994101313,83.02706238253626,8.906282214196496,99.91494194967218
39.280501478888624,0.47654649953103073,758.6310459175492,6.599630689902726,88.7940213277805,9.510768801929268,99.73561316929128
36.23388528473436,0.6914626421481009,790.0948848549973,5.742559156085346,74.50223743489278,9.710809322047721,105.13531783238763
47.874131055255226,0.6646193782575026,816.796989263685,5.704664556001193,71.65140334890839,8.623468332380266,103.05203273096315
48.14091373467239,0.6750022521526792,744.5533588482433,5.062606076907494,79.6455179353506,9.344273218059058,111.31891363098535
50.361324772187366,0.5419956385447569,948.8814129596706,6.652753744671191,66.93596240145949,10.31878599407241,107.39295874875242
47.07354626406925,0.7833372933938101,873.9931260211829,4.431988902773366,82.58088844025772,10.633370893437215,104.13651021258043
47.00324709064838,0.7822180216021848,719.0138422270156,6.419855766305558,62.589124707933436,9.96657939520231,110.2777878656638
41.86121462314539,0.6780855786209474,910.9942030601584,6.086591723768739,79.29445008641261,10.373491214038555,101.01142555182732
54.29281309891839,0.6784331201368486,786.5842937133222,6.298878570383215,84.37165990153802,8.252466210922124,109.8274232477498
57.61690559691179,0.561430321014452,855.4438185805124,6.098229707646146,85.51240380901788,9.152756922558309,108.20045198542027
39.40272523067043,0.7339345354608745,914.826349833068,6.4541285784537905,81.76456312093943,8.855764916993342,97.074117478176
46.24135473743764,0.702384068074863,921.3425660132158,6.349893194222494,89.78620810484742,10.843740059668335,117.17684236060263
47.48258653648567,0.7195534142077851,721.0092066784055,5.675155531785774,84.70871617565733,9.645897775254777,110.44930685568782
53.09906963636662,0.723815100226802,701.0790595772794,5.6472058720966505,71.56421987117498,10.841882633831387,99.32071098082535
45.07180786776316,0.6198002996224325,721.9100829324642,6.240272938248022,66.8644713095667,9.90483586002043,109.29570828683018
49.75546017600494,0.7189104420390162,872.9267073014282,6.857848931264626,75.83332761919803,9.495716688471434,92.89460705611877
47.615005069692415,0.6231233423079766,1017.8906744374739,5.926781961728171,78.36794155860812,9.596160099491,101.8806192158705
44.271427655923134,0.6424971526576952,727.5396767747335,5.7632772903122875,82.68269036521073,10.925067328100951,110.67534420284025
47.27568230548794,0.5851111536246494,754.3736496803531,6.729695378240799,61.32544011001745,9.51683562530134,107.72057889778134
46.40551484172161,0.5934580583788402,633.4527395426672,6.5819175492203685,89.24174279547387,9.799111494794799,107.51127858929114
49.05860131393064,0.5131315915667455,745.1123431641096,5.150994083457142,73.00260115609844,9.126727404639963,101.4167716689423
51.867574258640715,0.6127929236561033,876.0576617000253,5.752886437426115,94.88009162272363,8.099566143129925,96.56323830803052
49.23088103620293,0.6595131256695418,808.6594536998057,5.445922892252429,68.09354120619899,8.900534802932656,96.69759288661439
54.20817024420354,0.7060924200407406,699.9103902886136,5.966278303787361,76.19259224878502,9.989346905183027,99.75535508858847
41.60934981697211,0.629046469830636,763.9912886845838,6.486294519862263,77.41348601799876,9.567734027009822,105.59307283075148
54.42098611837814,0.7765928290829347,765.7524303558989,4.966940547155133,69.10599720694472,8.524950915739037,109.70835876254753
47.54640995758866,0.6647046331493172,834.3555545789985,5.922430478040049,80.12926819749008,8.463047409518287,107.66884839756442
50.64767593719975,0.8235700675110473,612.6576043086723,6.735859851392094,74.36093831369838,8.838150279487163,105.44878391702191
59.362448573340394,0.6827310101362183,667.004680453983,5.780891325965415,80.37686470295604,9.655176692174988,99.89568696045525
40.719099832707926,0.6569668365591285,722.6415676525927,5.684078493611415,72.30568135259274,9.26740862965443,108.54167472794478
53.79986478899635,0.7402920217876,763.4186594293838,5.909053468553892,73.96722956380454,8.971571678469125,103.72867897955325
46.36952910452455,0.7100236704798586,813.4876052457753,7.558089469651339,68.37697488690506,8.710332501160675,101.78716468911286
58.55398474136017,0.5314471464327736,832.0311315449314,5.162276921124674,86.40860728636564,8.887790941844969,97.94011690156438
48.79892786902214,0.7534654292305432,805.7150048942069,4.743968599516506,84.08139166126672,9.19240485551648,105.21128432010724
58.3126707523775,0.7472929653299978,950.6845230404973,7.142858729297107,89.24390246610767,9.743883025383113,95.5835783673988
46.099228922581844,0.6739461228538994,800.633367203257,6.554290380013853,87.59405604810104,9.219030766673889,104.12257576767534
41.33085775133991,0.6669079004261346,696.5219157212425,4.606869695536086,76.52891007137909,8.37467163056916,101.41830283871317
48.16130868314715,0.7278435215055318,745.624974939989,4.9637220599054945,88.70999079215589,7.298324321475189,100.31110472489085
45.45677265755659,0.8437355933501319,876.1393828974606,6.335161725595856,71.01354887072557,9.781069154724603,102.4570866873004
48.25911207945283,0.8135020546246977,783.4868358189476,5.747548598032462,77.74928655228658,9.620587087712444,91.31123234503224
45.895836778227846,0.6059374527246684,679.9139040929241,5.9739010321022405,69.15273291060679,9.73126788021307,109.00180027616831
50.76269328562282,0.8705519004137667,991.6740911688045,6.375269804712071,78.59284245893046,10.135034529366756,101.96998837438605
48.770358509076104,0.5424505784942517,768.4644428232712,3.8565502433306533,88.8053433422035,8.999937963009538,105.3171567540886
42.914688998864996,0.48295496511423286,809.3466446142212,5.299671461456728,74.03455847553018,10.266922266030553,96.23361043779127
46.851944614026735,0.65823446045124,889.1192032838085,5.598967399765026,69.35541038889865,9.848200798190154,104.77580209951319
46.190724862457714,0.7258274896860362,837.5788004363467,4.815413450978221,97.79459356429254,10.211588747109934,99.8715275527022
40.39877887275337,0.5489622751694373,820.7403696435103,5.734453708206696,82.34585183212633,10.690113741397546,97.07837693221906
56.15755142757476,0.44327669821406745,833.2139681372529,5.835394491390511,77.68641215327531,9.17914714776773,103.73309098727904
53.98291964858899,0.7266795877308584,906.2913918030312,5.874552082326379,71.80093174320669,9.415911677867186,100.15479413612367
50.17415068189252,0.6579008217213639,671.5547285306732,5.742990891749121,76.87397433786407,10.857068112038734,106.5277750927934
45.932297335861534,0.7716347138153792,716.5045746245836,5.528077832031114,70.2819648628568,8.615855839084938,100.47030751209913
58.05923862250047,0.6229062211427868,872.4404758531493,6.446825179569026,78.79549724901372,9.82627382354605,93.73221088126105
53.8081208700372,0.6900624778389229,809.5417134872031,5.763440791363699,86.33250112387448,9.65747697361144,112.26805284710979
50.56618712218771,0.8496742297106157,651.5714721322335,5.69224989928116,75.23514811574051,10.227744094281718,108.81542046232704
43.3825106895907,0.7364875511884046,793.1633238043205,4.3481584633950545,73.86395533790088,8.503896923926176,113.07604415130434
41.96966659049602,0.6459361789135051,696.898909029335,6.467707350906852,74.49138936659965,9.576982418075662,107.79257659727243
43.56664036712641,0.7355383468763068,965.7038410703074,6.329499939795012,89.5167910221669,8.731089727090293,94.17213547337876
55.47497475600535,0.501972828050922,823.2281574782529,6.279225192689398,93.6073876360465,10.839435132982368,112.50621668753051
51.89451093073799,0.7974887132485092,864.1226279751706,6.050352375440372,73.27837644156578,9.915186382664547,105.45494528601988
60.737336020285085,0.6851720529937219,638.9387584717186,6.196907769014262,86.4907194469994,10.656024850282119,113.3061928422637
45.698681812785814,0.7190386770516861,683.3852853072885,5.305090548735632,83.7287863274774,9.925639363941686,118.54013773885602
41.979438982755866,0.6484499445048144,798.4351317068113,5.98415397563184,80.36142574274487,9.690775862593814,114.86632144711862
54.46137783656962,0.43603988242703867,843.1334668263696,5.360133905115813,73.30838874389173,9.569054629813403,96.86464111623442
42.52337804924884,0.5525146041927944,825.884732342301,4.5003905075555,95.70736157596944,9.659783915264653,99.01043814324754
48.21693122002633,0.566382968339934,891.733170354176,6.62317403271085,67.72482976087956,10.585871567306407,104.56448126554281
50.32918983975813,0.5514591278503943,751.3628249941708,5.272967964736091,68.20566703023643,10.288222576415881,103.40035273733915
49.84829128506222,0.5566493160035735,712.5427563537386,5.712244992301012,71.60592681035213,9.642330780495929,110.25858251471024
52.42226466194171,0.7703753267969713,796.4359003754954,5.884165614708168,80.63852782436126,8.66525005752947,102.25945410725508
45.91461906706144,0.7013380224011184,692.577412930851,5.550800812277776,69.30325372683413,8.71373847049608,99.03084696724616
53.59003327070209,0.7952704280926763,814.6603063149034,5.967453106661979,83.57814120220168,10.856048581163343,96.24179975399046
43.50281869680933,0.5955537985111936,752.3322104833709,4.874386700682266,80.15503676527611,9.859794825779389,103.03620635842125
55.006327479044884,0.5947079848848429,849.1188045434174,5.184157373115392,76.64078887467622,9.501814126086613,101.82240150953498
55.588072051913954,0.7665026806682232,864.9671860890084,6.462047550259806,84.00833760571713,8.680887323725964,101.42900315186493
49.972175042927084,0.7340999977883309,660.2419424396137,7.205009127272689,84.08110359060574,8.934622766741342,107.34837181015202
49.60422215704386,0.6366896138641569,744.303213350024,5.114327634067999,79.62986689114291,9.86292743199473,100.90818444119049
44.12659328631438,0.7515378257361129,811.147196557479,4.144101480670565,79.33994112322326,8.85376882742382,109.32505229132765
39.41417329269129,0.5934132139825703,742.6309201786678,4.58069824404329,80.20806758650673,9.231174087448274,100.17670565384987
39.0080261342053,0.4298101343851084,731.1139603547844,5.125238973527802,64.28162790703098,10.072767216541552,97.9803349139767
54.11862806932051,0.6596182940750922,798.1665903380531,5.369583898493094,71.70073092710018,10.760244653412668,96.5114979799614
43.622332598911775,0.5366794819464054,677.5603795917069,5.06992864023964,64.74873622521835,8.65806720135056,103.10853882152568
56.37473882335769,0.700257838775823,692.2755267681881,5.040503494582219,81.65872825398371,10.70385253700556,111.19544232290632
46.028611527722326,0.7598773480612486,671.7712696985112,5.024418473023899,83.39932548971161,9.084974701050427,110.94113833313986
52.572140303705915,0.48096042075046985,709.8122821147633,6.24011046400943,87.39241259719023,8.082079113694096,106.05544323836448
44.86409022247333,0.6213879348543172,775.5389569383407,7.346436967290927,80.08300529729031,9.53099712732892,114.48023656443017
40.654139713982964,0.6337753397749365,593.7056913617187,6.1686886390772635,88.51835369267671,10.188635728576894,104.98271453900142
58.31118523438434,0.7377732445607499,819.1855491336174,5.197151350509011,81.68344251484949,9.9474497695321,103.30669815034007
51.21811491770092,0.7105387395868223,816.9958498766712,6.278020826288977,85.90856940456455,8.048402308498277,106.83583948307876
49.11473559843017,0.6792773155193134,677.4040842067828,6.1433638638260275,71.1666329592094,9.494030478962383,107.68507180383337
55.227832822731685,0.8245504518046807,840.9740042210395,4.842283413625359,59.88898335460807,10.853728857463489,112.46123434272104
47.034180057437105,0.7810077058313053,926.971909784651,7.528445861251804,86.63093210472026,7.63723233017778,99.80383390582553
52.542272982217526,0.6721186352600954,730.7177046244852,5.917315616472691,76.26604045122683,9.769534665961325,89.87577831883296
50.06194694746006,0.685356522565054,799.726689851845,5.775765597699296,80.5098540794078,9.200696646285557,100.45707000923892
49.5266989691009,0.6416171822276304,669.3891649399058,5.725143097080821,79.26590011370232,10.073107565288733,108.17148180602838
48.9321953239316,0.5147199014658864,779.2730131342181,5.581306243667532,83.34787842802847,9.725273405153331,100.47179629351211
42.73422708143606,0.6064276938333895,759.0798397545154,6.549974973887665,78.78291555312362,10.166941806770403,104.70613628005047
46.648195922455,0.7554429294954765,816.358046516855,5.494565216165501,80.25865913462752,9.640742579121724,107.68159118597967
44.477273343143445,0.49776287039358946,744.566117729609,5.145884214427449,90.10374348358293,9.330431670629734,108.9491645448285
51.83589638997056,0.6841190364114484,868.1001928169185,6.129828454648549,74.47065838083674,9.638033410284581,105.1033520934575
54.586635222789106,0.508847669378129,757.1906346608032,6.463691147210476,80.68224311953303,9.421817397484677,101.08436373676949
46.288090379983224,0.5956876659569151,736.0228529694158,5.540288757518492,78.27795027104594,9.614225462221084,106.4405125981084
48.83491893386363,0.7236724355828964,699.3476434915058,5.655922645718142,69.93775171289576,9.273941054108993,109.96291133937724
49.49273701465627,0.5158635843325075,787.8056672947142,7.387515115381822,70.0705749742802,9.555488037199746,104.14090367663557
45.76852647349517,0.8411681442064034,736.8553531556229,6.020078484699469,70.9957487979076,8.787010397187583,103.77399134530128
58.08999043266176,0.504334251208292,808.704102687945,5.328210437749773,84.63052486699844,9.3392644005793,108.54954679351076
54.486508124737654,0.707870113194537,699.1941388308932,6.719935097157484,74.7795094237553,8.314557230610195,104.47242463388632
52.57248299988087,0.6990558973269326,910.9605851665262,4.784986689244578,84.02627365988943,9.433574903488006,101.50337363673268
42.44928547489944,0.5438810922597008,614.4370579498928,4.437777261869044,74.34703027715517,9.779857313887833,99.47672161371081
55.330756943122644,0.519439482295056,809.2329919088575,6.692856417316154,66.51306541621544,11.31009301666759,105.36023992554813
44.60343004538719,0.6773135496029585,746.447504529264,5.028601164545954,86.82697421866106,8.70685370694774,102.37713452290676
45.86535535025869,0.7493339700373317,820.8838406253329,6.163224215552063,75.08002079207161,9.967530934904843,113.20362732788521
43.66332910492586,0.7799318611945552,871.0111804264574,6.379035266050883,89.70225457704795,8.945815948745654,108.46047004186737
45.081833382248305,0.7062074039959869,818.9454564461431,6.80220930440799,63.04926209353981,9.30065262990412,113.32555762577206
44.82302706827916,0.4569805271907841,804.88436368116,6.731190032924056,88.86988558176095,9.733316209004107,108.785021200193
51.536153022490524,0.75711754564534,745.3444343509695,5.392201428961959,79.30984346396687,8.73014148906265,107.9617802112729
44.65281143765495,0.7342557711529742,675.9638687762948,5.373095395838906,75.85235418382506,9.585045765433009,106.98811865637768
46.96296014051363,0.7571608947869469,900.261956503679,5.39610824738594,75.26515245706788,8.56781034273792,110.45646976129943
58.71274298636921,0.6810424517474997,752.1008332995355,5.41462983563459,81.02075162230294,10.077770545471575,108.52185228844996
48.214620276769125,0.8001030866928096,909.6953852116458,7.304767097492595,82.85019680585701,9.124461871432901,102.43964459992601
44.99385187294061,0.4275858936058613,594.4082502595008,5.794680167986569,85.35082021669733,10.825047617991057,111.28119838401385
39.734589384768086,0.6818596770396947,801.752360975102,5.846998803628736,85.30906961519479,9.186145852151688,102.48212898657692
50.60298223111493,0.6214624410940874,883.4216543583514,5.856539583578336,55.4797576443183,9.202810744652696,99.68136669340777
41.53540662999449,0.6571050108168798,831.8341743028134,6.274384230786021,83.17844900150439,9.590463903372443,104.09862507328566
47.524752867070895,0.4901747106751472,827.0653830994343,6.939692190322893,77.14997484565724,8.560190182973026,107.71048948414341
45.13453857105749,0.6259254347031679,629.5926605026053,5.8815599864510615,72.96250466859195,8.94137552624331,106.91941900348938
40.18586399316933,0.585339747010297,907.6837241111614,5.287349862732451,98.47842248071507,9.053934034452563,111.81972063303513
49.373829612823386,0.6130169378835825,853.4551949931573,4.590690657454039,78.62437660016978,9.47515436369044,104.66585406013688
52.581688823957265,0.6305819718722732,807.5575851861507,6.431236499381525,72.43906921061607,8.678214970681404,103.71305285914006
55.61365683218147,0.55903350984592,724.3136204305671,5.757259287078515,75.90405357399844,10.184527864057397,98.88332636378901
51.24481216751776,0.5760035901423106,782.6158669222347,4.618832349937518,104.29166367081424,9.350165389384449,100.92577502190403
41.08892689532101,0.5176358088681038,820.5578517004191,5.5514474885666845,68.64159571568464,9.943297838973015,101.06130704758948
45.97769447750536,0.5529251268440205,741.0429927035449,4.80370904375943,77.60662199183001,9.7715485736714,102.56352299721465
44.11133113161589,0.6016431130390829,861.4414553443039,5.247429263316567,79.73674818319105,10.298299054558013,100.23281614947942
49.25198843336105,0.6932989494572487,798.0850279575562,5.834720109676504,94.44306043703332,9.28632322747098,113.79060437578033
39.29465051697914,0.6803330922125658,686.4422400281015,5.171108276272398,58.97620317500909,10.305104087285509,101.20222487117792
55.01278880814417,0.697028173338903,784.8756662234285,6.039935827154124,79.02937598404121,10.092075648860606,108.87891594133004
34.529416181519494,0.537384843898139,629.2227572915592,6.236656659000138,89.1903389534192,9.201365639000747,110.02403923262248
47.0944619052257,0.5441093786776057,743.9057744896697,4.88858803740298,95.46764197239754,9.547756000784164,93.83303328580568
48.49792894981303,0.3818877541264885,712.8182863329585,6.669645726675202,79.69522318552838,12.184147485593805,102.62261051213345
56.095546925151005,0.6038703492181551,912.2428634571194,6.005658446628408,80.8702678246469,8.544388540995989,110.43057654438321
43.10527819545665,0.6122811726568914,733.0913616627415,5.866730764793286,75.49415598197739,10.255847052340762,109.1637742882248
49.50015450988868,0.5927044527032395,758.8209146316036,5.051238597921314,85.46713371575085,10.214179950230736,105.08473282003776
43.08138612675925,0.7275122651479414,793.1469399096493,5.939192870914205,60.974982264141296,10.26208487793215,111.81417240999251
44.29359496116631,0.788432957720912,698.8942775086484,5.553291372193265,79.1930722773882,8.82719503974074,112.93801775529907
48.928637856166965,0.9202784705876086,703.5296866751778,5.448199991333562,86.27907220767477,11.023490596126727,99.16448185530142
55.5255978423616,0.6884481669847466,857.7119324866007,4.751799722380977,88.51412887105235,9.665935814916892,88.8312438821868
52.15200035468277,0.7034739775756308,738.0941241614389,5.257650691646058,86.41630340580141,8.856861822559638,104.46529413106195
56.60776086409162,0.4995335628727829,795.3981289589647,4.924928205915169,76.30823806751206,9.238989822051998,107.53058331548654
57.854794644990086,0.6948489746530502,728.7151375706374,6.043633061042651,65.4465599718119,9.628262564082386,97.91835835764307
58.68350312754781,0.7151531489592545,937.7924587057973,5.7240209012374095,69.01191677496938,9.562067008213434,110.3249276136829
40.17109445074608,0.830902384308336,806.4470233534811,5.4677182313912285,79.78285320172958,8.159735262222604,96.5057603471697
46.06123418153197,0.6697799683096041,708.098999354302,5.634529673121818,77.31352350425854,9.805284831879684,115.9889813623914
45.97586929298578,0.5867777233734507,658.0034858845002,5.455134369521929,72.16776086338028,11.350695018322586,104.64668813805623
45.5087608565412,0.5651171984885683,641.7417205168109,5.098954229912286,78.62521037672184,10.203466205385919,101.70051601547954
46.25511937015343,0.5364695392950174,931.5539132560597,6.378264763655825,79.02388963713103,9.343539065023641,108.56327385233395
52.01789204231524,0.7006407270659589,766.5504708639007,5.841312876246876,82.44986356964995,8.838377383994057,112.79789732307073
45.26639829937471,0.687463763201928,1011.025862786315,5.861709119072066,79.95693687015452,8.554357945890812,104.98661231134108
54.46431366933978,0.7474584729541145,995.5033559870814,5.525282967390869,75.03969815192089,9.939082155452631,98.08227084977837
47.745670857348834,0.55921387655726,699.2757458253575,5.634404312489863,67.24404730217036,10.03848132182125,99.08236195390923
42.630579170942944,0.6929200328636778,796.5551151160244,5.991494353806254,55.27424714814398,9.717820251534416,97.4995398393218
53.70612385411142,0.5375029974669564,783.713950405671,5.856936432579079,68.605481285205,8.526706521810716,95.4776609850268
49.6623469725335,0.5058776871642525,774.919751193027,5.607733242852313,62.64434979909162,9.38225468337226,110.71437392025909
43.167502751790536,0.7915834350547675,905.309721794914,6.220740544792135,74.18282798688973,9.826791668822855,106.40124159220478
35.87738976955381,0.7450660316833952,890.5870327827049,4.768872245006699,79.41516817337336,9.2355614537747,104.81437499558737
44.038687562847585,0.7721913247357455,810.8924572907957,6.05715479751096,79.92486531551694,11.277472871576467,103.16139642046655
39.670591357269885,0.7271751598898771,803.8267932244717,6.139451111634179,71.50819204772834,9.629170999390869,107.06671881125789
43.563064885372974,0.662811231669741,827.6104980857242,5.814978706162722,75.73697524044341,8.991838486553213,97.96963209576772
51.104587747700194,0.6450982149932578,868.5184262185167,4.127570622361802,80.95006598555938,9.349978938598053,101.78510651002155
47.52256675332673,0.6950874604129917,838.7131346949034,5.250077866209724,67.93588269479072,9.533298549704543,107.58784610435728
49.854366575931024,0.6751859317747353,919.0538946178671,5.662373236399031,71.61360511533775,8.98450419583858,109.05497813913772
43.837913815862045,0.7652354099747515,731.8774809799714,4.907571870833751,89.97812523775012,9.662581100930447,104.97786241000219
44.194107520203076,0.6591945623166041,669.0078722183865,5.4138505667446335,81.56380816740027,10.251805383612007,108.8450923863737
49.90309376644326,0.5587441807585307,721.516658893798,4.209383109803305,66.03887472320734,7.672036811954401,110.88225236828445
45.98422934001655,0.662505714071425,880.3153355025846,6.5831887480714535,75.89636870839794,8.406903048262079,103.03536420838766
51.091825266801884,0.6555479730016643,751.632206254684,5.814618986620892,77.39126916010467,10.513976776645908,104.86462764877429
49.17940052646009,0.8001478138717083,721.3487663671265,6.699623630545759,63.538068744751044,8.510817666740316,101.32931869520941
54.84774986400885,0.5867201539099325,775.0145801060803,6.26014892613704,89.8726411717426,10.55936504039061,111.17094321807836
55.30717899165888,0.5208169845380851,695.598541367919,6.33162791167136,101.63140127446059,9.631071554909182,103.30190955871042
59.284004498221705,0.7881618598546137,714.8868850465,6.412817080072337,67.26249229502565,9.038781573854926,97.49278964512514
45.605886033003145,0.6489947183163374,661.9332551620081,5.191933994935525,62.08504582727716,8.791023677229452,109.59868346383402
41.733129597838946,0.7844238761829432,923.1380741197804,4.587458242526171,70.28775285230827,9.414830664127638,102.40117814871755
51.5588816120012,0.7547127426033924,753.6296159504279,6.245781075426282,78.22321337066653,9.312189316988645,110.33250354593063
43.48532387061155,0.5852110940141221,729.9882858925579,6.972972549849242,75.49068805121665,9.154897950463408,110.3875074632655
49.79089998402239,0.7147299199563617,872.1836103168642,6.508309752663221,69.2477372029843,10.735706762444263,115.29514483436115
44.662290673005,0.6773369215408584,823.3477054486617,7.473987615542042,82.26903362851036,9.741696281243737,103.34250149873951
44.19269607244854,0.7888008302700663,719.0010180212156,4.942096131118761,78.16241981599048,11.755549896573548,113.59794975615429
41.86995871145715,0.6780463610184806,703.1011545439922,6.092397337789992,80.93962246184002,9.467082162262262,93.14646412043997
39.70382733168143,0.8142539977035548,777.7761118581689,6.0249185317882175,71.80877061140849,8.349130727281572,102.08621855590283
50.64181650298423,0.642839470912967,663.128870235871,6.605522188219903,82.9562735855942,10.623562221423192,107.027845708071
44.21382042295954,0.708820708620312,836.2039636835071,7.1999903741557345,62.653881961063696,8.438257199238064,104.42148432998978
50.229653805074584,0.8460992576401392,675.2549979504919,5.933540687904414,91.28283113420152,9.37227728725937,95.0994013605847
39.158469259156576,0.6354614976473455,736.0098004851543,7.221841566483482,88.90491455476783,9.149962362926694,104.22636932430734
48.110805944230435,0.49062825614408834,852.5865454766414,6.0272638629656985,74.73997875439555,9.950492342144615,103.47276359321768
47.85189651357273,0.6786064355727416,795.6436670789924,6.411894102293526,72.42124643880021,9.043700825032877,99.35416822198441
53.57449914311747,0.618825136129104,832.4982703513907,6.518762459098191,89.3634660632831,10.868223613867325,92.99997626321174
50.15450556774496,0.7147959593310063,613.3948649056833,7.010836267528048,87.93133868721654,8.722428077279293,108.70530731685676
49.46995293201216,0.6226501667292861,720.1591812951317,6.008093540901431,68.70953605974704,10.310597185829161,98.91288989366858
57.69402390307319,0.5624306855617897,682.7418516359384,6.13718186327994,56.59594082861401,7.551359089803868,114.84395433636621
42.302042245297976,0.5574939768118244,890.1400940820546,6.632439395229159,72.36860487965345,9.24974896876339,103.4518913978664
46.92243250795488,0.6285821117009247,921.1045045628803,6.113169723279269,76.70559853741494,9.971628778336918,112.31256669507299
45.67876753338472,0.6779404130256832,663.0919450112368,5.6242605396850625,74.97907406601988,9.894959172221162,103.87929068185939
45.40070734229837,0.5323610971139658,814.68954236245,5.185905263878736,86.59527113552593,8.29675990033562,105.66136241440796
37.62099408644845,0.4713304468649686,735.9145430288985,5.307065977179845,78.8994021640622,8.365008839466068,108.91250534281781
50.07944122004798,0.8564164650724714,715.4186223272252,6.31509512950751,72.9265154006688,9.531102486142663,105.32222313947626
42.78108239294879,0.6146033098057297,837.4779213072918,4.530883682615961,63.94637644666792,9.76849488577878,111.07456059715417
53.576138565800306,0.5943220410643202,798.4251636412079,5.480579170376912,74.6219546329179,8.835935365748256,103.6979267487822
49.865411124038,0.6338440293694725,1002.6077370611371,7.511206662068705,87.32718564751828,10.620029080908399,109.5154341980433
53.22061029617864,0.6801864934944373,782.6391362314464,5.826474313958805,50.58672656344907,9.054295865312362,102.10245511380661
51.23664138854236,0.6561631834986503,782.8540955637212,6.033111341350539,75.84278640982875,10.2168469096365,105.17508904500848
47.23993906754418,0.7075475616676669,787.6190368134047,5.803748921201212,79.91874738872039,10.073028420495,100.00128650484068
45.9226126638164,0.6419356588940186,589.861981162155,7.231407260974983,100.02805001718522,9.398266176508482,111.75977829853997
49.48864953989261,0.5735935756630707,919.0120245812251,4.435360254176971,76.08894360579073,10.759641656758804,105.11598179573618
46.423076432373584,0.690432626842337,627.8264867401475,5.275981306977405,80.13380737448705,9.160623812916604,102.84241070800293
49.188821190752044,0.5949360844758599,838.6706932619093,7.194020339625001,76.70806194463803,9.619118881451703,99.72028665992659
44.13148070038036,0.7069614566623207,798.0172978288945,5.034786301501361,62.93397603537264,9.612371123692071,100.87739909061146
49.00727507607234,0.8254611882689562,671.953457624009,5.533089901685263,75.31151741839932,9.160034854499342,103.7460256176356
45.55359561846653,0.667945951166297,860.7446484675072,5.183395267115848,83.37695685692145,8.33791187177815,108.36754688754235
49.65878222259792,0.7542858250010144,805.7643432678587,6.259368745683835,102.51491055801392,8.617108350936377,103.10383522775221
44.41353320675646,0.7156775615349491,728.5254635626652,6.565521331869655,80.1954594118818,9.16109187876703,98.78972619999806
51.782073558771586,0.7093061351447202,767.8111211155932,4.37903577552874,80.54074548715303,9.940250078909443,100.61648215121939
46.62763975191912,0.8104140561509383,794.4702994393022,7.7251608048777705,77.85966322858259,8.486733410886382,99.60855829571211
49.31599282861019,0.6886880810488357,742.5128186080784,5.707003036085927,62.40282828299415,10.461224948983311,107.49048760319356
43.85161286396774,0.6830255470241051,875.6878184326707,5.221816313776054,75.41835877319336,10.826180938833144,112.47139823033169
42.80477594230015,0.6860245205480394,888.9003039986469,6.129786161694034,87.49751146935871,9.56110372224051,108.94614734777002
45.54780600419481,0.6556449889529206,770.1418213359244,7.853148606000694,61.12424125462286,10.282912595163696,105.88859619995854
44.758524202115,0.6842513629257359,732.0476734897334,6.058349271216704,87.30784217654607,9.140172031443527,109.4829981137309
49.76619323760371,0.49249900709976274,807.2078346089984,4.567707945831064,91.71203496742628,9.189220348060179,102.41569506854621
47.29816071851349,0.5913477612110686,846.0379902915769,5.750485743719301,71.30696487044307,10.465871146443831,109.53635247615223
40.04499919830088,0.5582473471305515,789.8843485872543,6.347494791853389,77.35235120817079,7.85911161366851,104.82647459810224
51.5364409694648,0.5109400977010172,839.431157585736,6.330920403972685,79.09571339951195,10.282221851071082,101.93831441289072
52.24647365864113,0.6245941352106861,878.8638942823418,5.858043270501271,62.80341712819074,8.896409187878712,100.17389845990324
49.95968361621979,0.7848466063704916,833.6340227980604,5.997562505269912,67.70684637342077,8.378170749178256,106.22969656361285
35.44969714066226,0.7597566060795292,669.432237541674,5.9388962310799664,71.15584877949726,8.200537175092936,104.64409947075613
45.967065967883904,0.5606767326554859,917.2567964819491,5.215173949557041,80.23520795165565,10.08014146929954,107.63958355692236
47.04449952913739,0.7034973675618076,799.463792644726,5.474181987633095,78.46443930161932,10.85586990337776,118.37085121813843
49.21076088275178,0.5373047078273205,857.4657161683749,5.761667923459287,96.82330603372914,9.172586969996866,109.2671839534758
42.74719196775149,0.5184479837428979,633.3117172599837,5.669225563523126,86.38622501442964,10.486091719036754,106.02055783270843
40.8820876212598,0.6209634037274352,779.1753273791747,5.721249568501158,78.022915983421,8.885964564568948,110.76416630828177
43.47790459536474,0.6144177066042463,893.9731052469684,5.165128174341376,78.63823249889383,10.42771226655229,107.43159524935649
39.77637672354783,0.6796695684586547,843.1241192296195,5.618507750020631,77.13900281931059,8.449458612579399,106.90876990180774
44.39477370644216,0.8635840207815322,771.7182740130304,5.064760038266825,70.73463627022113,8.398817235016223,99.50634601213666
42.516229999356995,0.7434754360233635,880.4133122360456,5.50649422358545,77.99137431279772,10.556551025937456,101.8063132703844
59.79959611896989,0.580035391290984,662.1711295078118,5.2520483848725705,68.30348434899902,8.406915952653117,97.101207298951
49.038660433230234,0.49912626273736804,723.227346794395,6.582040919060393,91.06873922935495,9.189033911408531,99.63201601050052
41.67498785450302,0.7317295672679471,876.3433745553515,6.68938643535088,90.84695338130541,9.965719282102071,107.96814703783053
53.52936178281559,0.5051617184426145,758.6187424897777,6.32352444923314,89.04265459298897,8.74510941575333,100.9822390758567
48.82381425533145,0.5415775155557547,831.3431884785645,5.591490504738224,81.47837283915514,10.551314638822241,100.95099616735165
45.97165299331283,0.6990041348081539,868.2246925681948,5.303266120684671,78.55023650482718,9.753712745748969,112.3845025917874
52.476400786263184,0.5755183400169446,717.6903403583357,7.043099016394036,86.81634476917779,11.01354801367101,117.28243947329182
44.40519834324923,0.7050360366302139,640.7180971423301,4.53808876576084,77.95894343725215,11.54961278844871,111.49435755502537
42.69335721707865,0.6641633531997936,896.0193830468197,5.989910895051587,80.53265806241336,9.538170214808515,100.17997837821702
48.08150405175652,0.7099750493221073,820.1743548889749,6.450761148868415,78.79149383530226,10.532186060179693,107.94327616654941
44.632183761124175,0.7551180362910601,828.3132564057743,6.497321330244791,76.03476207089358,8.673663991679017,93.82675623705677
51.10715785076479,0.9319062499023182,781.9859298846625,6.101790946469538,87.80350621684133,7.7713657547245765,96.59847099442544
42.41353115404219,0.4538312670069298,807.9217505131257,5.979145292581222,71.1872116579003,8.479233536974075,107.473324404436
54.854539351889294,0.858265513232257,794.4420104713043,6.278672861994561,76.54499323572031,9.497020539411661,103.33342771340719
53.927113697437285,0.6382133155636638,696.3476175278226,6.423229949131973,83.38558501863913,8.829068700564212,96.92408426465194
49.045819705672024,0.6144996544037017,776.9435937536953,5.207625077998003,78.23946120962687,9.041938922227525,106.68482741992221
47.79452007056241,0.6752578724588079,790.4831789608108,4.750693313477771,83.18845875928226,9.479897653445079,97.81844528637565
44.399317000000494,0.6029278504033624,770.6901530219701,5.802353844405007,74.04769418352973,11.081747895105345,100.4663696358211
39.24889366108101,0.5488225600634025,797.6930914572441,6.226394549321591,58.049650443317574,10.205143924523561,106.71240527378644
47.123945220081936,0.7652598129469437,797.5741831203056,6.463418489355585,80.37693876811701,9.22003285144913,103.93264826091739
46.010607817603,0.5667081856575624,853.0258219333132,5.8973742473132855,77.52736449946194,9.198398544406542,104.98004986019016
44.17794876271995,0.5258431721343041,815.1962462761326,4.989315879458731,85.15436413513197,9.929590527460673,113.85232164478985
43.05204380940624,0.7081026571776321,787.9549405559497,5.4180167081276664,67.00677747359315,9.407329150790398,107.69825372353957
40.30506109807081,0.676910229340363,927.1792264737749,6.158243564955684,83.51847200576431,10.267034579822404,100.96053214604532
51.56246395585384,0.5355734932182724,695.8030621741324,5.143488936202769,97.26225961664372,9.3575425121129,101.31084072557363
45.327647333807484,0.5509798490526113,705.9623850052029,4.405936725492754,74.96003846988626,10.272873918543043,97.80362799396795
50.86367432104739,0.6811893092399994,854.863634438416,5.76654476088141,69.98859134163544,9.261116474586698,106.1954921598654
47.35179786708747,0.6265261931957143,863.5458828987707,5.837620721033728,83.23102817872058,10.133252757381143,99.92716252377363
48.23688839513163,0.6736246273910629,720.8194815585343,5.827258885663253,78.08477750132258,9.41930282055197,99.76934394095345
46.413002907073405,0.7385745926668619,810.1144826278376,5.070411360044812,81.07404175163391,9.65099036705719,109.40345489157913
53.40727744896848,0.4199713324910857,862.1532013718999,6.251184661125674,77.80480626208124,9.089562133487401,103.70136194617787
46.43984584024238,0.5928079363843949,838.5448527647371,5.983381778647375,83.9072186223222,7.6342057905792,108.76366357152523
42.598927900282945,0.574127783489446,846.8546790527894,5.63114692686426,58.227543913921195,9.632540735336427,104.01697255390971
38.86667224393331,0.616261955883223,667.8105722755828,5.4936312915490415,76.23349814167689,9.635249007734005,101.15446155470373
48.25171073874712,0.6511738923038869,980.8094198675594,5.9187507225564016,90.57968461784984,8.862160677663617,99.08068258738355
52.45372427021899,0.45750321863239235,815.5080313138726,5.473876297259686,74.70618161368527,9.242687279034877,99.79018676573904
54.249909418465734,0.707147422186351,747.7402618862711,6.737785416940612,80.18542944391925,8.841368349478897,94.6816559139183
46.76438105493293,0.7455383577318925,710.9293771969651,6.923268257711969,80.28128230333711,9.088297839567849,112.29401806149204
45.174386383422174,0.7025561302786543,701.2434797925149,5.244864132931957,72.88486534951753,9.653178278047621,110.52292682648466
47.25889522391001,0.510733368335532,694.5103919597858,5.208472568444741,103.42656969511319,9.40198156600263,105.09552835041414
49.242979231115804,0.762754009761506,891.5077280145563,6.692568900131121,72.38240488592697,9.888731248904124,99.33338137457592
44.79369987593703,0.6663857699035268,685.008097357764,6.482837683389792,85.40841054338995,8.544035756746885,104.47190567109979
48.77527752754465,0.5856703747090866,800.0326328767485,6.006526397051082,84.7777644619968,9.808453556435772,111.44630244514983
44.374597351005235,0.7670886966456386,667.376807813189,5.091522492624782,78.32150499348431,8.986264847368579,103.0190838287315
41.7746637840444,0.7339857949774475,636.6766543880394,5.350071126493011,72.47082019633041,9.82003203813789,100.13774616081415
50.811430386798385,0.5657038814012124,653.7201818518795,5.443496785104165,65.32812695632964,8.908833041173745,109.86857365932136
45.58713420795788,0.6602314886308982,794.5204340231122,5.924566942487601,83.80370688438732,10.813600019013101,106.94996877113475
47.8722539322381,0.597443385912105,646.1108492517501,4.32020957240523,83.12197834540612,8.556829585344955,105.73512668269925
48.98858795095428,0.5780367341382185,717.6584916890032,5.670692838994476,74.26119424262278,9.425330332224416,105.27917830340557
46.081780098410334,0.8032337875600662,795.5536066208252,4.088999407023938,74.1136477438651,9.605431657428317,99.48628755266803
51.34124757349515,0.6496823376447455,742.3488570766341,6.146363598736148,70.77759363223046,9.557765691395423,93.48822724752772
49.90681851421056,0.6887686459540503,859.5458711456037,5.951448788689919,76.58908440596979,9.770844947547337,101.81335914039366
41.960318592643375,0.7578529022434017,885.6548004495091,5.636389419797933,73.25723332978721,9.309764144349481,105.11201784495243
44.16328815028965,0.7332259379045085,764.9251371054074,6.417400322529207,81.87898148168786,8.673847950141488,112.11918750817136
57.03661029818336,0.5841121662115698,718.7603775933554,6.56881729894698,76.30465314115557,9.301744755150914,105.87046509402292
51.22003987744977,0.5393660369282749,679.0037310799424,5.224580355583537,69.96565855197973,9.809920181348627,100.19367413735716
46.72563970886928,0.5594051980065051,711.0032797625919,5.1220621201321,79.5710262724568,8.551259413972254,104.6404292753787
48.06437447287216,0.461718992407736,731.1378810365034,5.975372924329756,82.52204848119385,9.121822598440131,106.69053006655506
48.90633800345125,0.8396694765957167,815.1318328904565,6.397817983697944,80.07451612173412,10.662392206420495,106.65880585229169
46.78068646076909,0.7282425244874408,725.9506337525336,5.693874060131617,88.65301877714644,9.1814269052236,115.12117610970682
39.85334226581982,0.5973073567396513,824.7084699514288,6.254826700929627,89.81030925904797,8.419855551274505,97.45581204472956
50.40992395503387,0.7339247571992309,854.3804975171724,7.018842665075301,87.79483312853829,10.181159752646268,102.18443361725963
53.330018795182525,0.7345412382492337,701.1437560185567,5.153345312082232,76.83370075684176,9.036865235393414,114.8459573117575
44.77727076090323,0.6356760565850319,625.5611086781786,5.07329092429432,73.80274547843815,9.697211308566052,103.04630564948293
42.58664052813423,0.5823828056944563,901.6360575384383,6.75336872637858,87.19709328675731,8.648596177251406,102.20918108310612
43.397409461776306,0.7405637697789024,764.0907058588988,5.683667455570021,81.64396911498578,9.661298632801708,98.80973254031593
49.26600899008497,0.5640060557786528,682.3898802287084,5.96243017695418,81.24172201426171,10.842953652791824,102.67506438028114
46.700396709655024,0.6450340302634024,834.8619420320538,4.967957595773329,73.01188976275643,8.542771532319405,98.92523969006075
42.62671117515483,0.6109891261428125,704.6324974773164,5.336403573291579,73.6797706271087,7.433767213345497,108.17866806930085
52.48463504398248,0.5793075395927932,844.0384360222532,5.820983574989312,96.68778139420814,10.38847187519897,102.21673096625018
42.69277702237007,0.7408376204922561,863.8965963881112,5.1477116892197605,75.64540411298304,9.81317920454693,110.20362264453112
51.46525116403147,0.6571876635699132,796.0627227556943,6.674775765932537,95.30277790693,10.356835016617394,106.40282774945295
53.23980796584536,0.8147492087056988,787.08833673929,5.446191139163524,69.46134866971475,10.223104992350974,103.38684306853146
46.60195296246252,0.7528381206139853,679.7527234951209,5.458617350522704,91.30240206078906,9.048306652968341,112.15988029810107
50.23508059400642,0.6219456837592735,820.6278384439404,5.605182800743879,71.77186451151911,9.60589753262619,98.37309228048765
48.75583890052616,0.7139538920169962,760.9958254241809,5.484341021864612,74.8857700561834,8.824506124744675,110.82460005263975
51.938635852837564,0.6243707959038431,619.7016631372156,5.954695942044816,83.06538304135582,9.925949160491733,109.73554526494797
57.863223725828334,0.6654489683701313,819.1513453239845,5.961105009890987,87.09311054114221,8.272260687829089,103.72354321640283
52.6185106280007,0.6538553839704396,900.3849010897582,4.788417718556342,76.77426260772181,10.016331333264299,108.1417311301715
48.53656833870914,0.7239265234672342,743.5037258837935,6.534339388009115,71.94027733806873,8.330641448971807,105.1451829679175
50.13980720521945,0.6812566984445235,898.1290307094116,6.120231268882704,78.83362581944282,9.805401693885864,113.34764475638558
51.98128429723544,0.5893480336627738,922.4464799444332,4.745853895201172,85.13238269047851,10.279080414930359,115.81272763414685
45.43080059689221,0.6955754056829108,885.440845082728,6.040813519018459,71.69423206317379,8.364478977781683,100.86352736065822
51.77927561327717,0.6264255835888587,840.891976228559,5.495252495638936,74.49272659001213,8.553449547806027,101.64730780417463
43.5396106611979,0.5230314805859931,770.7992452279971,4.952393856880977,66.89202405449484,10.97023373036724,106.71054891499804
47.328195719972065,0.5867087352581597,772.5814837669054,6.335323731168337,69.21642247007505,9.715922988667357,103.5784368925731
47.85464332980375,0.718191621145396,763.5027726562449,4.915823182948785,63.51907338990767,9.940479543473193,95.74589726985351
48.895720200614456,0.667388152152636,724.5432002166973,6.219285660294318,84.40462381521039,9.507954027358627,104.61454736573735
46.270382014098246,0.678042529220063,791.7122872463243,5.123899651702403,77.18499855602259,9.189988163156432,103.94563317593841
54.00054486063621,0.5409065736678358,875.3396484881313,4.584466161539079,83.0107238476698,9.622386630330984,107.38043150265173
51.823888941326764,0.6305742051995639,889.0393159291282,6.282347674337405,82.99485775559992,9.13450400182734,101.3425014110253
57.39004612959391,0.6669463384070113,788.6441048891389,6.0244273473298815,91.41183300026724,8.61836561037997,102.45223504340156
46.65208623553154,0.5641837334055562,769.0562899082616,6.7852470251105785,79.33290417981476,9.868001601812425,113.86987656346608
45.108477139393415,0.6273748335641673,814.0636455454803,6.711089857090471,81.37673312035832,9.77293267063753,108.59730395478964
44.15262449808319,0.6102066134246233,745.8510179673748,5.212226987065945,83.05819615018642,8.94774150230436,113.35090138521838
52.912282885876145,0.5846206300861194,744.9655383249137,5.406025156956849,82.33247330554299,10.118874811548446,111.85795661422584
46.786789591908935,0.6317365902440961,811.9609181075493,6.69822525234714,91.30178288297284,10.61006388083478,111.0019693059416
43.386461858452996,0.5617018761309983,529.8254629405412,6.906264405330781,73.6049667396976,9.777741746513486,107.07025717377937
47.84630663829888,0.571710635404382,735.15698276494,4.760718639228348,85.50515488264435,8.745383246081,105.37156949352101
51.411410889712364,0.6642851750178945,707.9626011076896,4.703705482440911,78.25957615150162,10.092009921323326,107.52123375888105
56.30794650693928,0.6667554477845176,904.2566739386748,5.219393629091745,67.23778979739802,9.875822556297448,104.22064731838805
44.142281489329555,0.5380945175188511,795.9802651708977,5.01649048375815,79.90758882242785,9.526607008869401,110.52355217826653
48.76978849552572,0.4935508344487741,674.8618463818153,6.103080384035842,104.01881564415035,8.485008239841799,105.5028441865131
49.261050823459584,0.6591905788360047,726.066167090647,6.859994866526285,78.0902876753535,9.061612059991656,105.76765808922194
45.65450982661985,0.5715376541835743,740.5660950645629,6.994412293492531,73.38131376830077,8.987113051987667,105.57027163239417
52.35587493681489,0.755577419815342,743.059211003276,4.526801900189049,56.030713684420014,8.889956148923249,102.36391861942407
51.919966279213085,0.6547149591652627,747.7198147432968,4.684398480270442,76.32524983467633,9.641451606741358,103.27948702067539
38.746732126171324,0.7565266104056487,824.7139812638096,6.457363612044896,80.12229117115925,9.826231757684068,108.56628421073616
57.97909016985624,0.7338974243754651,856.2934248432746,5.1740274648872076,91.68604449473375,8.676402266101947,100.55559275909162
47.07218239386465,0.5874381529067761,889.0546133686951,6.0997458706606595,82.42781433157629,9.96670609653199,103.78584066361339
53.57606345204629,0.5864887310085778,731.7955649778462,5.429970445998911,74.55898982567363,10.448765137920507,100.95894103173009
53.64332169496809,0.602236471768454,868.0641788235203,5.378294264797316,64.5889231588855,9.99963296198064,101.9890950783038
46.33176453089057,0.6480269282713683,833.6073847952216,5.765015849039413,83.44130943240695,8.960884825649183,106.08271017555292
51.60028965832558,0.6665581450944278,841.7425053035569,6.380545378737375,93.1048633026545,9.316166524972651,103.30015681279997
43.84453794553295,0.6561485548052377,863.7528413445874,5.476497450691504,86.50712216042979,9.096376408198845,110.41300411693584
46.896203382579394,0.6799856878013532,729.7638327151335,5.279286310166029,83.91034612847285,10.000400278922173,110.2828143340958
49.24903279527511,0.5705546956844929,708.7799774268943,6.342683840472898,91.46917530510886,8.840124627718046,101.84415674368675
43.26645031431654,0.7878078649110394,911.9089587680387,5.545887815633163,71.79442750329457,9.079555388435148,104.22870755850603
52.95471048979044,0.6683852681883495,662.9687410473474,5.596731773165216,88.11429318346798,10.578466226880842,104.88324241195991
54.195333463356846,0.7186527119426396,857.7706717278536,7.1495960945371895,81.18519960375613,11.75660449329597,108.30142824637764
48.94847847931802,0.4995938017378232,956.5605418532348,6.5466188200522,75.23922825703899,8.954535396928792,99.786111778912
49.26049440174086,0.6071117078769767,745.5526378334275,5.379281909230643,81.84528248613346,9.16875624242189,113.6709684036741
53.82344956803492,0.6517856704335755,706.7146336157856,5.41275730772287,72.5897151339772,9.45723915457975,102.55191028813648
44.29758164535467,0.6490070862955717,627.8893050172727,6.62745751168132,73.0880856843417,9.560701161518498,112.4805095453487
54.43953188937133,0.5051533407465394,787.9659952768043,5.887271204947538,81.53552612047568,10.294812996781998,112.50865843134457
42.34879882551727,0.5971659185726219,900.3930940396244,5.487713834709504,95.84309919961606,8.70265693747674,102.12669590808376
47.47898645081036,0.5280611381432088,760.4232516437309,6.649676110041839,70.17457403852717,9.096831260481823,104.70699148796271
41.117799426229624,0.5637082091706775,683.5774727864011,6.3705254958535615,77.80192528498756,10.043657485486056,94.34526039036412
47.51484279075028,0.654885444794742,803.834660447925,5.171470181751555,80.36426015480362,9.40503445124331,105.06543230030671
49.319087568545385,0.78889220741696,676.9592277542462,5.466591687622113,86.35792734888453,9.147861641657336,98.39544048847097
51.40336879052207,0.6984225661759572,721.5437167885977,5.50178304559157,79.96496995381536,10.376804327450483,102.56629857070229
46.00447569717146,0.5058700553482446,823.0595792460249,4.378507449306554,70.94795376126604,10.249545876657644,114.67421249780939
43.576448402980205,0.6662003278642008,865.1306533128258,5.9385285492832125,88.42952987729375,10.78972117041566,105.03581592537363
45.38994503767081,0.6051490796703808,725.0188513636186,6.209337266482076,74.98977873272057,9.231047663420151,98.74901227019296
48.039603351457416,0.6698675752121381,800.6128598253126,4.763742627467667,79.36282074238979,9.957623553492226,100.3224423925383
50.879527460852174,0.6078021496336821,663.2061596658451,6.446186148154064,75.90574127029036,7.741103574456645,107.44857453876699
59.307394148339355,0.9111998421559635,826.0736525269342,5.575711755936859,86.14500275190937,10.326944298633771,112.30456187872389
52.75019557631514,0.8107121403164055,648.1510507931959,5.622398893508057,81.05222239521724,9.9040339092937,98.95449686929382
46.43735075707423,0.6063391555313329,790.2771165281838,4.8074862913565335,74.34749493388772,7.739812767503154,116.65126788173222
55.322780209751556,0.801463979610255,642.5706447372721,5.51629825710347,83.05186136036824,7.942854700844965,103.53234494513929
48.566419407270054,0.6546216732583088,723.372652447775,6.409685103393818,79.43035776039353,9.458370666839507,111.25731019940244
41.48429988867372,0.7004268206759752,763.3153136247079,4.819464233881803,75.0923215298195,9.500243080846516,110.22488654192988
42.33451099709048,0.6094096036495501,827.2698602078677,3.6829316238724847,74.79275446131929,9.223321842337324,103.3194324279302
53.30906731062082,0.7690411096187224,803.9760678966977,5.128778012740234,68.60707566385935,9.879670789436501,110.77588112811188
52.74194141901389,0.7643986063513708,798.8142853501656,5.323454107254545,65.10960192016756,8.553273720372996,97.23604924846528
55.646094816690564,0.8116302274320681,765.4696435197171,3.650796895133141,86.13826560200647,8.150783083876014,98.45013418628079
51.369407317433705,0.676000162119111,722.7534682907385,5.307222324641244,88.77459674834134,8.55850854796422,96.0735793991579
40.81346625512468,0.6998714614038748,742.8646249670312,5.258212211410912,86.73265880814859,9.019447542228578,110.64326220259457
43.30914639371813,0.8973706186329854,692.5192158160814,5.990786496763785,87.69380122704256,9.970002895565171,110.03284677725054
45.79739319981123,0.5117203857103547,770.8634911079746,6.11497799842657,78.97085753854299,8.523874576313686,103.21283930771571
42.50965932999227,0.5979261329184504,845.2257412664153,6.139209267280471,93.93205339826709,10.322868228824678,109.66986213082744
52.97810357239844,0.8180660818889944,707.3389143562783,5.762301135904722,78.99893183052274,8.181368692985046,105.33009687188236
49.07409500997094,0.6566058808668627,769.3444375696564,6.081067830886528,69.38616448061288,11.90026508572077,94.7707117037432
54.108550457787764,0.600212467666537,925.5726565495189,5.587554072461216,86.38103445904534,8.217125981656523,107.47387541556374
47.29874575145086,0.7279180332450735,701.6278745168174,6.242847200020456,88.30336389895095,10.129505559952314,108.52442995499501
46.819367223747015,0.6550600258992841,881.3819287657107,3.9599274333152765,89.1343299544414,11.038210541206686,106.61540923968779
48.32564166539722,0.5711130889905288,843.7938736361633,4.555862061580205,85.60741685042751,9.521249155871734,103.18850609415016
54.13497436384069,0.5249105992324429,800.0104456429056,6.0002299639309795,90.52634999295874,7.830860564686551,100.57247315263244
45.172367050511276,0.7903842862478755,771.727329784626,5.9102822859451205,109.0405763011853,7.937502619743507,98.42266179904726
47.88911743688127,0.49513249272587734,776.4120404814967,4.993089552166772,76.79507646232256,10.425264097214358,102.5556296906484
41.72176232491516,0.7042847347234598,671.3539335323845,5.995415295778794,87.44426753822006,9.18000680861575,98.2041774467779
39.97646074414719,0.6457891519388529,898.2338543695132,5.157330034777127,78.79677063545975,9.406993189690697,96.62415883160214
47.145774907012374,0.594813658820241,719.5555721810376,5.15323345028513,77.88660223873765,10.24507630305881,98.48592141165643
49.14049848535993,0.6771981662659861,749.5501179432623,4.402518789358661,82.00911000443524,8.055454205061976,97.83333197661881
56.76128927331567,0.7207006821011958,888.5725454200762,5.374595875189087,81.53907576693013,9.823570905187909,104.23933490783963
46.12881524637415,0.8811632748430451,937.2791348591222,4.995373680483194,80.67812208716094,8.812950957680947,102.66973810465211
53.66096337346141,0.6996569602511304,679.1579909324092,6.070030922048451,70.98728345316687,9.089114294945398,101.67345043684955
41.77955199219149,0.7457490114168722,794.8520837618308,5.421771761248195,86.78707155234613,8.909235774081768,107.20145526732162
42.62384624688331,0.812247673590411,721.9457079530138,4.875940905913585,71.43846223905278,9.105379780534781,107.28164049755172
49.17472030002446,0.6619171114847239,719.1233060689468,5.972452222185242,82.89243928955777,9.153015234914106,107.43651621712058
46.19706416655167,0.5810667751120652,794.0900064306591,6.263214084029314,86.35964435669955,9.91270629346197,98.50676997536169
39.82632924075703,0.8231326176186584,764.0290511333575,6.52487993729931,76.23816196460672,10.138098497763824,109.20483327314543
38.21142857519923,0.6237276976097879,746.502243901054,5.008404716963101,65.85973874860323,8.5528973045842,103.47105409856967
42.22270192451161,0.6465126786671153,802.9656514966746,5.2329895625581075,82.53088895611816,10.628094934998563,97.42883863675868
44.939736789325885,0.7261530376182682,841.8295603212518,5.84090878230888,74.90598488625989,9.773636333125886,105.21206083939654
45.05353983196093,0.6544607918383794,774.38405058127,4.219747208518916,83.99559330712702,9.877049479445873,110.88434296327445
50.77076290564527,0.6013871675652825,727.1015956128443,5.19742283311039,75.37108520965178,9.408552973087783,101.06668564070301
48.022930162887455,0.541403336862351,837.4814018313685,5.545562913459216,82.82408668107465,9.013618404807369,104.60406132207054
51.455987674521374,0.8359370245044214,807.7968885905734,5.222227027370359,79.48948132956022,9.285185649666982,106.591540031306
45.94289745899576,0.6583963197986876,705.4832308843244,5.673719944954372,86.15803334377703,8.214104002752487,102.9091930229714
36.300595483823884,0.7813990170655863,641.864122912128,4.877449037139687,74.67639120846425,9.25456343263964,110.39844842836693
47.97236581350433,0.4941362226610536,807.6094311794931,4.887623298895809,75.98864273039176,9.69573349327885,101.61338030265563
48.518778045445615,0.8554847486599736,797.1006141112689,5.180441196899954,78.15365687039373,10.694523140738143,103.45170456052251
47.58580724470903,0.5512046618344957,772.5529551735917,4.95085900265297,80.27673231462794,10.666954591199422,108.72205580447827
57.07688289303084,0.43463418204469223,873.1383375023895,6.4137336273775,59.40302877985321,11.427944860955202,108.8851524952486
62.981925738431045,0.7020454898240158,922.8621966101583,5.51410490676524,74.38063347974735,9.653289123914037,108.26771860757395
42.005449541379434,0.7231415418699471,856.7595017136337,5.957179484571288,71.27641825367004,8.876407124279211,110.17746567256535
44.30333730840424,0.7880647237163234,654.1658285833817,5.166599256623565,71.78573166392812,10.319652647007764,105.36205141500871
46.87318367753068,0.700980511907628,780.8589437345681,6.480847582763222,61.336141347259996,9.202989778485374,104.43133907275576
42.37785275985754,0.8221979372235633,807.5529655513305,6.428588501620222,78.63549370725285,9.900560490675794,113.77241825276604
59.75104620457877,0.6767855458424787,764.1054755725442,6.8403083365319475,88.26797293941118,10.04116294571625,111.47756675514815
45.84185377835319,0.8641864983205548,842.125265114456,5.693106828534979,92.72793060160858,8.108406451472145,104.44830357605292
47.25341488900359,0.528368315204253,627.2961586998963,5.378286018099991,83.85067543450081,10.219289292420006,99.49056569456133
47.73277398504638,0.918735030362051,756.0615952390298,4.95142796176359,73.43672544821355,10.406037223560068,102.68639795283954
48.54626329952952,0.8507880331801837,760.3555786728422,6.296858428875522,86.6015178967092,9.992755356968127,100.47957897657902
49.31793184792857,0.6287968947046501,666.5331998577625,5.291898521337294,64.92523614479595,9.93682587176014,103.13419789892536
48.17995764633123,0.6243548257583565,779.8727260891629,5.644909115553161,78.14239000837047,10.322207249694424,103.5915217839145
54.68494714400254,0.7502268784726276,885.9125641121609,6.343175866435399,78.46407363608931,10.341899467652627,102.86203319440969
48.0042394991751,0.6585461055564601,779.9875891362833,6.029678715666816,67.2454276970663,10.01251607954513,106.18343084839245
44.42203046787411,0.718222054848707,824.5529084427579,7.065167143367419,69.15522102831018,9.852609955883626,108.13062066159017
45.011827174539306,0.4937469493910567,822.9143269376276,6.70245162970465,78.46516083262377,10.83589588046084,101.97304673043462
56.19753375626544,0.6963549556219445,789.4779201267445,6.935421651521383,84.44571182449411,10.130378131668012,107.1851016708363
52.421413984978145,0.8316817978069331,836.4210012657875,5.8063822307729485,73.89522492451972,9.79352545805071,105.6708810319636
52.31699503395653,0.5925643049813929,797.7433054541424,6.1954629951724005,80.64253455767727,10.2064437889276,103.53906825365873
47.132944450493255,0.6848510365561129,955.7118367348234,6.666845104243457,91.42454183066647,8.934131825827839,113.78490770827902
45.129634439486374,0.7661112880481215,814.3981407285277,6.692427738862143,76.01297204247038,9.540455780725749,113.65491380414547
47.264712140661345,0.610848815071847,689.0734713634758,6.883679600373814,85.78281665394009,9.304068542540055,112.31191001585992
46.33593300393588,0.723894341558966,843.0219180151729,5.4998524455789495,84.28309821969276,9.93943524231753,110.49618551862714
52.77757011919742,0.7740857895346849,668.6630697471956,5.312141518141157,77.44290580037311,10.328963451158247,110.36008895909295
51.07220720595169,0.768294752957724,706.2232946583405,3.9085809207652145,73.01222121113673,9.968955138899169,108.21943055326659
42.19466795760501,0.7249253306039496,1011.7714875137897,5.631284861291558,80.66227732910721,8.194475909490126,101.39103511020511
50.24118691984152,0.717401021861083,820.6355804428891,6.106279633790177,76.48886252381097,10.06952715748971,113.14509721091581
43.51254930187705,0.7016173076222462,856.4026304811865,6.13581356886955,78.43052033077977,10.187254421272373,104.66199731914348
54.426632416483,0.6674363663497389,743.5882247726645,6.438907144947628,84.54067201653454,9.04864404936343,106.51485442067673
56.2952658267089,0.7861616057236234,790.2137913726873,6.457306757526176,73.34754127371274,9.768321990817936,106.54241022045713
44.239833712159,0.6467563463274888,903.5160042572262,6.848847600834727,81.18453030120706,9.50031457137348,105.28798959484212
47.29650861970614,0.6885211362587086,852.1255718509931,6.595697435582087,84.55454082582308,10.699823570271237,94.66330065216809
49.931944220378675,0.504522645972441,869.4867465405235,5.077369055925419,75.7681444721495,10.261558083783191,98.3893785489964
47.647469457939756,0.6605710909027708,758.1505614359806,6.947889750265704,82.17300203577773,7.722131202027728,103.49451002520499
52.62597719312433,0.7610902349368164,727.116503778544,5.622599727526708,92.38465445238809,9.118770967769466,101.84201908478438
51.04616698210342,0.6222171451899534,677.214815232216,5.730447946274558,78.24511333798411,8.352700699098499,93.49629675605681
52.64774725890632,0.7342508257721279,713.0793254323752,6.0365929445913205,70.05341076113413,10.607305965814884,105.52069991027764
43.9592423116204,0.6687935200423981,752.617494730823,6.166954206636017,78.96444787959715,10.444661966138904,102.16338621281557
54.138289777824056,0.5265140910518461,731.8655814905337,5.901151906804232,65.4910223304357,9.302779407985557,104.53293069505098
43.62946963791914,0.7444293921712819,859.8863381766869,6.34896301842632,69.21106732414759,9.70419667685914,102.90669123640033
50.282025547940854,0.8714561876189744,641.9479813513193,6.551049274193981,72.30415833607084,9.67214819207748,109.36287959139474
44.805959449050704,0.6849420421767893,669.8658537007933,5.113639986296373,76.63556357878493,7.725281366437009,99.02969237422911
45.59331551280024,0.5888421073509658,842.3683019997615,4.429464295161787,87.72722709145526,10.137374405980143,106.82885504664662
49.691089701269334,0.5818707973621535,729.4149692052775,5.94955904279864,78.08847675537696,8.856956266623671,114.79701153947941
50.62699351007464,0.8026960599475257,780.8538626521284,5.904480761858947,74.22452831995649,8.657659409824122,100.13505204911633
51.931430555839206,0.6428826135304325,812.9616193989523,5.9732088152322715,70.22352477659751,9.685763616729364,99.38915655572988
44.137506307995345,0.9061938323102067,811.0853521118981,4.868304123009871,92.88792900182148,9.715506419787445,104.44710121531814
47.43155453985739,0.6219726056271722,716.4050154670837,5.984035889245321,81.86907780325807,10.025248039947407,105.63512872271288
43.85461296937101,0.43504444261210984,908.0044551083271,6.193845831137208,91.37668029653648,9.62084580442946,99.59092391634455
45.577752120659454,0.727705276645816,754.1281207446996,6.130897064552097,68.94890891642049,9.404595858754439,100.79405022099647
45.553868308551,0.6152158231667926,712.2579289056703,6.6326271786857784,57.04559632354491,9.405350576962814,106.27862001904751
33.41414468450057,0.5615279424775894,886.3724633282975,4.8673386698997,86.55611168177224,9.904224042730556,100.82505382156829
49.14157465077956,0.5651465944192131,849.8165121687091,6.834512283286008,57.492001158939566,9.492221449085003,104.5178327571658
46.72149308036519,0.6581130863147878,783.2218967418511,6.986585881425832,84.94383413199179,8.1474604166462,109.93088575801039
49.82739164267893,0.509977647298146,659.1849366650831,6.009194415653957,68.49174883374405,9.894664201345142,94.47964802949996
49.7251710402458,0.7071943211857534,845.4888297130332,5.862669072318918,82.75871226628313,8.431766595089341,98.1221126550494
41.393736539198066,0.6416676826140418,692.186200383434,5.599610471056466,92.36089218135521,9.77194634602594,103.42662076610118
53.48143110607679,0.8355182968766109,719.4415411143119,6.234204688000906,83.70353594895393,9.858883808952386,103.26250288802802
46.523836385674514,0.7604789743750634,730.1428918937444,6.679863360731289,63.61542334186904,8.718754026962447,98.48040919878595
55.76738089390628,0.6472479631434562,769.2923429810605,6.393455092961681,79.34965028884983,9.76007147446724,111.97234907148052
50.32256821682789,0.7517564963806502,812.0793826915664,6.138525494253089,89.14567415437517,9.104249510210101,95.42526865655921
49.510807684374896,0.7612511756303844,742.0336184360408,6.511655939806807,95.7533252417674,8.517104465816633,107.25118230608635
44.6608890311061,0.7021263193049602,776.9792893314122,6.164443548364503,99.1604292598366,9.23001771997277,106.18158539936215
47.9727948786575,0.7147725664468659,923.8016439170667,6.538546036233705,81.91882548549573,9.690939523129316,108.98932476375391
56.037334380085206,0.5743853356175099,848.97757880522,5.877875341532887,66.1324691674424,8.547818417527601,104.68906182708058
40.36566363641791,0.7105331860496826,678.5628100080396,6.245770304073876,55.59491459053443,9.216565057648337,110.38130008481585
50.16989911318797,0.5169621386493815,678.5071496091294,5.2523162762938425,76.64811146863896,10.330547476672178,104.36411169468474
52.583484990000656,0.5705433504610496,702.5910509813399,4.901224505490439,76.47269451789981,9.625278742498457,101.93528950837683
48.55335815970092,0.6760565782386517,720.8409573426004,5.755864269253362,84.43001702343155,9.070763896830275,107.7011056974594
46.23310112740908,0.6651173653545824,694.0183741066398,5.3933213352328595,80.34204913868004,10.568392726557633,107.9126720588938
50.74568223580912,0.5038285696022973,592.5421646735426,6.643144753674433,82.81920831097608,8.974658836821307,102.84874598301525
44.08772491124663,0.7043362699941118,843.4501484619954,6.772120364777879,80.6734709407096,8.253229048750882,98.55341934726746
51.26615743721895,0.7445108486500908,774.0082958011526,5.677446953286046,91.26757964705766,9.85053760199031,107.57529160539114
41.98372085904733,0.7986348674315025,699.9510301125794,6.7111322176472585,92.28817184708362,10.2534613991109,101.63275404361589
55.11194672153058,0.6513622260180671,649.9553791588278,5.292326171966056,73.56583183673287,10.307480297730576,103.73348368239508
60.82637134449926,0.5418133251229054,879.5338600978271,6.879649809175852,71.58741169072867,8.318458622681884,97.74270488697836
44.64560575939005,0.7659324766228299,663.4952203731732,6.4165132381492,72.81189292315194,9.538712423010585,104.90426979783867
43.88092221664274,0.5372388058785731,872.3589048459484,5.485251681520996,91.28638110449039,9.907546472188935,109.07880151061698
45.722941816903386,0.5971545083628506,828.5099417669303,6.386671550118005,85.3236055009692,8.334080316672026,104.36820548002603
51.36545924042001,0.7186191468463443,859.8139562362974,5.066399687517149,84.23762954470577,7.510853593235715,101.91511269069139
44.607606355367025,0.7112178919808295,852.1465980994059,5.819456122172242,70.5107328133417,8.701065463996315,109.3990938652999
48.204539460261586,0.5057279689001061,920.300158955718,5.155462648906602,81.36175157597181,9.93082477053619,106.18163309968284
48.20976686020209,0.5644250678459499,771.5419770636942,6.39724678235409,70.21717742854501,11.309817271338,102.50651135464864
44.90798255930608,0.7118056393954127,896.2505238722574,4.169672665407276,87.84466009312511,7.693482219582795,106.90036011988245
47.268950641497156,0.6968660196242605,676.0853953905054,5.9800134415604695,63.317584351284786,8.657432711675947,107.87754857885328
41.4430458137747,0.5786512554156644,970.4803709807313,5.468671832701753,91.24093647046891,11.292826380195107,110.00242432439661
46.47686300515303,0.7236048043877054,727.9962001898472,5.757742622714926,78.91788330228856,8.742120190670558,108.05701803191272
54.42907947397158,0.6162053626013306,771.9383748887856,5.824843972047408,75.12321962670828,7.70324058130597,105.76985731232885
45.96278283158587,0.640281764166581,866.3279590818216,6.216647848801306,69.80229504673275,8.573573137334625,107.42226507745791
45.736662438000415,0.6918714416203794,824.8423436586156,6.604962865691761,83.69004136114592,9.541472582978116,107.44711205057177
40.64324113727136,0.5933730700517028,759.5004262180013,5.418096700088179,71.45873910720859,9.563049746218354,105.70149424186263
48.03332156908956,0.9543953092817073,782.9274104983432,6.319598876236035,72.8244100437915,9.683635978120652,116.83461171227778
37.77652972835255,0.6980868655671182,782.7856779965871,5.50294000401535,80.0250555071197,9.193517119625156,96.86430243963903
51.21009577320437,0.7709689098873681,915.1890481904607,6.288446089926891,77.8808729692114,8.732453528866442,110.19136815474826
48.2697205375565,0.637200954241864,851.705193321685,5.794675004530935,64.49368948257617,9.21812905219619,110.41082676991238
40.33078933868562,0.6154978830932436,767.9143104030264,7.58345029029179,61.20044205398345,8.68390175371786,108.02879396619126
46.19524625960011,0.6513976140966554,780.4085316010905,5.630466415461651,82.30578684573241,8.810158758590113,104.86118810280682
46.99817128218751,0.586283505728513,788.6271768616418,6.165183170854459,85.18077289736208,9.374906994224556,108.36196895108941
45.063519057489124,0.666902514068824,762.1251302536718,6.24764821372421,85.52153359336637,9.888977620459924,109.71915764877782
54.18580629128434,0.5367777772542573,723.1539834820082,6.45829068238239,65.28178959004285,9.949909594960694,114.31304890364144
48.148606509720636,0.8400253977098574,848.8238607251037,5.214677491006361,77.9314061395575,9.434805999261133,89.70162044705476
49.03274026192741,0.5611742098542194,769.8723892805492,6.216498029701329,71.90783851750737,9.971030760761925,109.5488537381179
37.35541021484907,0.8014764707127519,790.7390226094675,6.200752019281441,83.6503893317944,7.807627315089981,99.94084430106004
37.965041126723264,0.8359117644295957,680.7670228307737,6.7701476082492,67.34062069997549,10.226892308655028,104.84459691390104
54.32981869654348,0.69064804107404,780.8297665953517,5.2825340488130585,64.12567839598132,10.789561088137862,98.34044519644232
51.85586716234242,0.7409228428440329,809.933077944618,6.482556099078124,88.17049326778333,8.583565147395678,105.51271351408407
40.45262456952871,0.6018771900380084,794.4381916854483,5.618505642838237,85.54225148651786,9.29447285237401,103.09551865254217
47.16094185151635,0.6764263716575474,683.4727729717732,5.864228992303546,81.64733941365503,7.6604493469995,99.81498725004025
56.14136728252728,0.7586909261409036,724.962996167576,5.507492929871926,66.20116002459645,9.30685789633626,103.89322461000165
38.64088467152176,0.6196188354658959,696.3493942569921,5.426701754756464,79.8028052296251,9.464547057624536,100.89677035656489
45.03227962184847,0.8402417973426461,768.4719355218585,6.697692856225243,68.38383510832844,7.958628908247803,104.10324537112163
48.97689907519571,0.8014956460229792,866.7104689437189,5.7267764511448,64.54445208276721,9.393012754243856,110.23631656423338
47.83124693726413,0.5366832439007393,803.7380440875638,6.508309552339384,83.48555932014366,8.98383915288589,112.4333471166291
47.064703826761225,0.6963779982715478,790.8418818718567,4.696742001790325,83.54323132203511,10.194464301845613,106.24489441114495
50.59480121132891,0.7350843900352814,584.2123963628148,6.506077851673561,101.35958114668608,10.052478223004998,99.65612889568278
49.08483094661548,0.7396328640833143,739.5465484037788,5.79982136741097,89.37424573705782,9.560568003248125,115.70000855096836
41.77613768108452,0.6519683225700373,700.5732878943172,6.151792029438537,95.58227619635215,10.698311264300026,93.45555423966901
48.136457668998624,0.6789402086240948,720.7393707094944,6.488683006137277,68.60987653852601,9.680855695162094,107.31810942479605
43.58123192900456,0.7928372145899674,794.041567555513,4.92540752359203,64.97911246085827,9.944453549598709,107.19569903324461
43.19810434343161,0.5194138105152188,697.1812264415898,5.227839478505645,86.68511739021619,10.449621131335466,94.65299735053048
45.07109131607051,0.5899613337926845,919.0701985214878,6.610969603629753,82.26421055631698,9.203038868940434,105.92409717040046
43.95817023516925,0.5374761167570307,716.3388417729009,6.063319193173937,77.05855502491794,9.254716915218179,93.02111376682335
63.0164030903477,0.6635161627551631,680.8698792877926,6.612157425744274,72.23119249363236,9.736498934793728,104.68691200028007
59.06146000916822,0.7122811052899248,850.9778107219391,5.122313244542811,79.17608788105714,10.012212406175443,102.96101350854805
41.267348842366495,0.6460965901640421,731.3307144471974,6.953383765669389,70.72536047085242,8.85078807144711,102.4108230185421
54.41726004775518,0.8222581201264164,847.3585049789486,4.274972755557204,69.08790676972004,10.77955237431139,108.71318048410508
53.116409756373635,0.7260460025664025,821.6650200412465,5.131123723969389,73.12630307252914,8.978319301064607,104.8088363217734
59.59916823556003,0.6661999762720288,732.754614414558,5.532651823893336,75.34255214417512,10.74804393425441,101.94505178512928
43.7469068998958,0.6820078550083295,735.3581470825004,5.3947943451540965,64.13808749210646,9.322512531233471,104.68497934491215
53.27931959644422,0.5570729692043568,727.5671403445388,5.138319531585432,81.09932864787689,8.142447090822703,106.29625499956437
42.90824473643162,0.7397887122583732,839.5653565572136,6.099531965716064,65.01376827310433,9.068143269955879,104.48963908986693
46.8623439954353,0.6812892782981189,978.8341049838696,5.057684405292083,75.05340438699712,9.576531289736222,103.39983439608632
51.06782146715653,0.6526638952925102,789.3257370935794,6.261241863225136,77.76417982925636,10.730931099166416,108.7949927670086
44.47007731163266,0.7605897612569398,768.4928648953108,4.8091239378234665,66.89309993566671,10.186095105692377,101.29201681358148
43.68045245597915,0.609749225066253,774.8574633046638,5.539982833250005,77.1900998820678,9.598242343907144,105.2443592749208
51.91032175900626,0.524356468172485,721.6335145857374,5.917112108281652,71.50940135882098,10.056225013724557,108.14938745978412
45.13580664536768,0.7064689272533966,881.2845130607838,5.326840686644706,81.8084101204553,9.922255055294823,99.22564552088767
58.41437653451055,0.6845463005801546,688.3634119605651,6.445698722443972,82.22179417811518,10.239459032521367,93.96477381047818
48.209319402603036,0.6155482735394144,746.347536474266,6.990839064689027,69.58319865979864,10.102729367125347,117.16688481902567
45.63224342984143,0.5771604754231813,755.1144568482221,6.390983733084624,84.55375883658147,9.628553403757081,108.27387599854676
47.40238113637765,0.7562956027576175,833.4608253055834,4.674304642733257,74.15991737974637,9.864522697839545,104.80329841740428
46.347831548149124,0.8360867374441394,874.0266797826819,6.665482828069664,70.1545725623787,9.882411635547477,110.90330362106242
51.37631994974953,0.5738854141644854,761.2773381114956,5.6097290686547225,87.80074678278727,10.132464258288792,105.46188966866967
45.66390210395244,0.5828825356139443,830.8049415045836,5.559506780268084,98.37684346555272,9.847679623120444,107.19217614650728
41.69173225375944,0.6160278686042526,819.0526857797809,4.920223399559109,77.23034498017948,8.131354908537128,98.35484394256076
38.620685747593974,0.7618333034982167,792.1015475007576,6.003863901595689,66.20730549971553,9.556022278563876,110.3976385185063
48.768419983845135,0.6761918161649995,814.9466467304909,7.214726731765571,77.03736025547866,10.17010009414298,110.82141386885161
40.04889700667618,0.8590241100214239,730.5122896819779,6.175808145578804,86.15069540609828,8.996460845167423,115.1811963057908
47.421573677929864,0.6191317808090732,749.6814340132148,5.786727757644051,72.0081083178068,10.37893507586883,104.61723522841852
51.7578494797804,0.6484504819447737,775.4155271305699,5.556891303677815,68.40804462925863,8.40931881713028,99.52179966880871
37.0478195873027,0.6552417459058303,849.2307506251798,6.046851628718185,82.35743584247281,11.08917834618882,109.24481431981458
45.19275845634986,0.5547677201774647,596.5217445846663,5.9186587069683165,77.64867693302664,11.046890169920893,98.90268238100887
47.71089252912524,0.6300105711842877,787.9010848069385,6.270579267018189,76.91670922483341,9.454251013179091,104.76098854050758
44.375070286830905,0.6114818722771042,880.6237536134156,4.679015416633954,71.20362327341995,8.463435221474686,93.03644907730173
49.591859160399075,0.5697361074244095,712.8625164023704,5.018625348264289,83.056434697972,9.19358865715978,104.42916905625243
50.446817715722794,0.6508389320240879,802.0419857637847,5.588442743900889,83.59552126702098,8.541273456950389,107.09683483807935
57.275162280048534,0.5575246803990426,689.2433491564504,4.835413701400923,81.58497194525648,7.894678723071339,109.98657480006479
49.56859007103935,0.4704924013819571,721.3378814661946,4.836584007836586,72.63472199813619,11.02076092428035,103.86873357082892
48.42861101067838,0.591597564842594,725.1471560969533,5.927440602425894,78.94453402936033,9.239632092567662,98.61976585095708
40.7861587339286,0.5214987766295485,684.1920819855535,5.36116649105022,79.19242115430512,10.362161819925861,100.71814603226623
44.446617767430176,0.5978863276944831,794.9866831029221,6.152400010707526,96.87938706242635,8.741360946921501,113.99822530825463
41.42733916054809,0.7033761735304879,878.6711180076936,4.521723314926872,72.92877805402675,8.782590334496815,104.82039018987105
51.335443529506804,0.42650255404205795,799.0248297830925,5.7266197398327705,69.860960381112,10.058222344699676,108.94310913184
53.05876626565781,0.5618278500118585,874.5546545363293,5.878707934432873,83.66427753885658,8.542430420094032,105.69000345285208
45.94315464780112,0.7567679441584416,804.3029059069818,6.367205269405481,85.14538567500193,9.91976227166597,107.1734984068438
56.67115564950566,0.842946807215343,790.6051512076457,5.909906665352086,70.5877605623676,9.386161488221406,105.83121745098346
47.17460719108381,0.8654244118782204,844.9412425636615,7.109255392021805,72.18120251427125,9.100282673961166,102.52822698699391
47.27082135684144,0.5761374190708366,806.730358793384,6.734645585676515,62.81013731177063,9.854125815436372,115.20373144839684
42.98637468806673,0.8035824108709305,711.7217555510036,3.8392047959095987,82.08984271952032,8.967716155039255,103.18963048909433
54.530566786929,0.6537258232653218,757.6405090108642,6.518113364281195,77.40116391781733,9.231944432474164,111.99665277418954
53.56296999753542,0.44954671125224,773.9192687798466,6.468808266473118,78.10417971338406,9.131637225673751,100.77320690863498
44.90741339905948,0.6264708972283705,827.4251058644204,6.0905650070358925,66.85315580945243,10.507128212176795,100.50255059867332
47.01414462800297,0.5071005922167329,869.8369020508059,6.088910173400404,73.15616058414626,9.447065363547075,109.2631372652373
39.87009178892133,0.7047363627873077,661.0167605548575,5.154891218924672,84.75437046030103,8.766247930889993,105.44708274865485
42.38547921405949,0.7757894636282476,709.4546977911366,5.883334586827233,66.94327363435501,10.629809810392969,103.08264579447902
45.98934422510135,0.7956045254674076,785.189254763704,5.749761559234082,66.94158976206418,10.768133799819037,101.83937076953106
43.07723599551408,0.8230187168882236,607.1459338090549,5.688687055328137,86.55649054014532,7.652231734858275,101.06195327781765
46.934977380800824,0.5370286185442619,759.5860679803563,5.235159264980143,91.97125174467237,9.242124761520932,104.38249823761662
44.265408667333475,0.7372377809132082,717.3777378371697,5.570496303128128,77.96376372647734,10.374060339372297,112.19864230623033
57.3319005874212,0.7379173354615705,967.0472694563352,4.831197067490044,74.4274767484367,9.58991825356708,98.10081968097947
49.43998355675426,0.552497726324434,818.4167087648216,5.460441242330534,79.01629701796497,9.916696601801194,106.71080912166727
50.39575549944257,0.6278065642142557,683.2351827162876,6.027599820161488,89.46682392174355,9.065282254744456,107.9230198766002
49.7406865828576,0.5350421178564839,717.5851243535593,6.160195360321113,86.20794297564616,8.855481769032355,104.32351818251418
48.79948157315057,0.7667441536415052,757.0585084572299,5.677278939962394,93.22974685514309,10.143982473751562,98.70141059078877
46.212169107187144,0.6374890830405423,676.657127131833,5.239115816850538,85.73002040578345,9.226185428495285,99.56218771026539
50.64962967197622,0.629335781016618,843.1339995046053,5.361229045548852,73.99996045817579,9.53517247391757,109.00454269516561
45.43418904394121,0.715426980765499,839.8100807278588,4.609052655867075,80.50316337580931,9.3895172043099,108.471770431988
48.2170108173563,0.5928175143720336,647.464518200065,6.805013535806891,81.44431770994224,9.304843342635383,107.7893490265539
45.70256664877347,0.5362628154751103,629.5649596385365,6.243356086568285,72.5997293604766,9.52987839037492,102.91891480741805
45.144208286978255,0.6824010018958686,643.2751201743645,6.610161696981535,76.39445675044756,9.657142888815402,93.303061516632
36.01262801285288,0.7060200996757897,735.3155626066105,6.268253952706046,67.30035224383526,9.713357307029671,102.76076661174068
47.88507456988183,0.6483466266627058,811.5772806029643,5.943650279446255,74.1817263786289,8.860981984606653,100.36160470904699
41.90215933464806,0.7932295030873773,797.2654719148474,5.495893329578259,80.58218815283752,9.729302398681929,102.20763797291025
46.024320088150354,0.7094347796043149,756.2583123433272,6.090035750871296,57.69325327355422,8.714585203907474,102.30965105637912
42.67944900104861,0.6658857053808378,790.6594003570717,4.976180198659067,98.15193606081861,7.736879448365999,105.83297154410982
42.77054059232613,0.610883648241995,699.9963531507143,4.5655274273909345,92.88820929286828,9.136911847619583,105.66212170431027
50.21689811250602,0.4933152487698399,771.581161181633,7.170995296130821,75.99138947411807,8.038338328233454,107.0325337378544
44.15305921580835,0.6266344849459506,859.3459066785088,6.223064698811424,73.77274054204288,9.957056234457102,99.54219545650324
52.25562855922295,0.6495585387995062,756.9552727592541,7.057075362541412,82.25783026873212,10.353932919412308,107.2428021916687
49.06415279741076,0.7624610774853682,729.1069281099118,5.867181686208784,78.14865135651186,9.130969952720543,99.77289346640303
54.41033650245349,0.6171227523929848,747.3029396580645,5.174722948072038,80.84730271690157,10.092157324584763,101.3183878771363
50.662155175904104,0.6774241960800638,713.360714004342,5.468588326996382,61.49893249589566,9.66431968717995,101.59207341152012
35.77732589720363,0.6329711571601772,833.6285555482914,4.846519990438678,65.15866734204802,9.806283503558806,105.06678868526734
53.89895123873504,0.6721985188801509,875.8230376996078,5.7020766011578345,77.48126482198671,10.056912726420325,110.30764150369623
47.322175333088545,0.6642371414278576,771.0180798661133,4.902118205892448,77.6912018197488,9.257858207609544,110.03679658775071
48.706635920893206,0.6981533411928508,619.5539604421865,6.264281847305358,81.78597867417872,8.693628714068222,101.76526753519796
49.43978659725839,0.597310982476235,712.8274896000177,5.454562668743584,74.57411200304546,9.761064335836844,101.00416558757394
46.15348771782549,0.4942807575833027,805.0573798572259,6.749610594751989,84.55154348738037,8.389511174035409,110.71802942157218
49.041329011639405,0.5459820649360705,724.5240156126277,6.748626020798339,70.79592120823362,9.348581771558244,102.83738614151898
49.392189882450594,0.7866180059984289,868.8526134696543,5.4363080997403035,90.6597139993103,10.671178555538626,102.34840477296702
42.625452266110536,0.5915318901499335,885.7200718800325,5.629682322553998,85.94919868924072,9.16860986790558,108.24008543404481
42.42428726853448,0.69339061781011,659.0433285594657,6.410646071050261,68.27640796578662,9.318188263277815,98.57845886461965
48.73563224396102,0.47175185665463926,824.5074814283762,5.093137252795561,75.62084245888741,9.903834382818376,99.9702900930878
47.24903176129904,0.6870086065345298,858.4692911417901,6.336972690436114,86.5215989139677,9.322250149608312,106.82846177510592
47.98250282898124,0.6721010480597432,787.2920609799794,5.242248546690202,76.37985596343847,9.397972010067452,109.4534896282157
47.439021076696626,0.7519915907000363,733.2803287381723,5.404444425753857,66.27455043512678,8.455387975625728,107.6752390103844
53.175989698332614,0.499694873824109,705.4811765725851,4.996802315896234,72.21979875990313,9.693128103518525,104.62008847927524
50.08375448228794,0.5827743914140422,736.7569706691552,6.5768410951984695,75.9936938661385,9.783843992836106,102.74362783556222
45.480046482543344,0.6371579274344464,768.1587455312417,5.526823626360941,90.69569255405739,9.405224298988392,103.37945478765599
41.6848261480972,0.6500497899659906,744.5422712210178,6.752382782577004,73.61148689223948,10.010991031447254,109.88032649701562
47.18188096804626,0.6729970030671253,850.16146159954,6.131927000952158,72.42334657266979,9.03375055793362,108.38326325501164
55.27056819872761,0.6231326277768713,701.2524743869446,6.634142654519493,73.79496708035381,8.649856624296957,99.84980622623404
43.20429358621638,0.6998247347885193,736.8064772372627,5.516718697854373,62.13206121611048,10.42701932596975,108.00672154893623
43.6615898445303,0.7552881991232607,1024.0080575721036,5.835336827733851,91.39523873865845,8.98909196568465,112.3243055028827
48.4588906904757,0.7352443168722228,746.4211395195204,5.547304219023502,78.0693513971001,9.006222102536872,96.72268110295494
46.95066863357132,0.8934629440881234,751.3745809627454,5.453874025251992,80.7402911238944,8.334902762337817,111.2976266434591
52.865451516394806,0.8573491814407785,823.2309407147113,5.121133596461137,66.10967095529284,10.074440301478758,97.90863652111568
48.07112419009564,0.723918516781814,812.752424590031,6.528430159876891,72.20124839989897,9.63986013129155,102.67945798926762
48.467418112280114,0.6665592854236683,855.7238715294873,6.101387531807958,78.2083629400795,7.529908357301342,101.39279329289678
51.56933162981213,0.6389947106493495,867.0150114047008,5.507032536843066,89.44868897134121,8.514020314742378,103.12864497332966
64.2522480790456,0.6630277829924545,710.3802727446865,5.711007062769399,72.74286659939617,9.032301628948192,104.46357249441444
55.67258766503733,0.7494624131274651,829.1015950011989,5.611343504995233,86.54746556742273,10.447183002646938,112.80456401442898
38.67978904241302,0.6234808877418957,736.065708585935,5.7282724881932845,65.75784667628614,9.375915506778963,110.85207614659195
50.92491994022085,0.4785663533368646,751.5161227906482,6.254128912060008,76.42622923358473,8.107542854743992,98.5837547208047
46.75862223298427,0.5716589026854136,656.6545202295512,6.37364097492004,98.92876553289409,10.327025958965624,105.20278451789827
44.72517511958353,0.5931804353365144,780.4475952119882,7.122768295602215,71.96339600259672,9.367903044561736,107.06672696157045
46.57506040959839,0.6079172578540809,935.9071233551672,5.636039913057804,82.10757794798337,7.728396163607689,100.33709975886894
50.83397283191278,0.715814047590487,743.0005862967189,4.904004797109846,80.45516350616936,8.547947527618515,103.79616457401445
48.533803848292614,0.7638405067621505,678.8358986247842,6.615313506659652,65.52840802469788,10.507816987368784,110.57702049787873
50.22388033464812,0.4860255519475303,799.2064128344748,4.677518227042507,74.04774829586759,9.138812944488919,98.84954230900588
51.670732804328395,0.7611387524357732,794.7455443267381,5.490510571247094,69.03535283947978,10.16901011412582,104.19609071836635
44.1039938820445,0.5202032591358774,722.8520317513769,6.310668715304636,71.10445733052524,10.558602942767052,93.57894218173432
52.500809950418535,0.714808681912351,577.9310472356561,5.454842954560038,68.53438277700614,8.473447392631106,104.25802989718228
45.15685702211968,0.6589494965820543,797.3638215940493,6.797551948483084,74.73662281267916,9.627107864969664,95.04975496340995
47.48108639004892,0.7081302316081778,736.4533633014688,5.636448420755486,82.80933015621657,9.191582683051188,100.26649890244246
53.59025429100741,0.5360601688647618,766.4042167829758,5.357479609346966,85.13510679817226,9.451729334812047,94.84411098583472
49.78635582921399,0.7068921896615958,773.7456176557695,6.155242046450722,72.4439432463032,9.237358391900456,100.80336610895151
41.55539243090712,0.6898080105549518,870.2690274322476,5.784074256013116,80.44947698791479,9.905124371140385,105.11651159630183
40.69116741895409,0.6548852651577578,651.617948763073,6.964086560188185,79.21623226759901,10.070849716185492,105.8900653750539
50.832599113762875,0.7076416294666034,790.7353436484184,6.666736875011745,85.32695446148968,9.151927171712712,113.59097201280329
53.43326465296835,0.694152170632961,805.0668917428322,4.368343055257849,72.6531172705007,9.280315923608317,105.97614048940665
49.55711326685021,0.7130343858271334,829.5001331727875,6.415193482914586,80.95462305820242,8.789119351319634,99.80315941986599
52.312651018445344,0.643733726308671,991.4627188829174,6.029219623979446,84.33023475292708,9.558016875656458,102.96858979587458
50.44590278574861,0.6507863873014167,647.9441697623463,5.503050037129357,88.71772267481303,9.976547936348213,105.23763346174265
50.21634337981537,0.5771303256319855,804.8681198955624,6.082474928627664,82.77792086883417,10.181785749910665,110.82970749809411
47.330012552378214,0.6216800566814162,835.2076681686196,5.038432555057951,82.28263106611254,7.526649589717794,104.7863055318893
42.381570241695925,0.8485166165195887,837.7165524674194,4.864401156962685,71.41293822240037,9.2757547325923,98.58546696482628
48.071124818390764,0.7464313401386055,913.3615282690846,6.287889806475703,87.0426055842829,9.36692713878568,112.78662685563306
57.62223120179277,0.5447998200618285,734.3207267720783,6.28651258175148,81.3925684980456,8.878072252491439,109.03916102853157
54.20282745767786,0.6436045217569063,855.5246398039939,5.398670286411243,76.02462995906191,10.215579541004447,103.40990457758687
48.49142360451806,0.8021331903652598,765.3231154874825,6.321235082152041,70.4609033597365,10.140551339338481,103.7065173043878
49.80509615597737,0.6045653509157459,747.3403271034617,5.4352662541351275,73.76492555882969,8.879569228432306,103.7017588557964
46.932658719011826,0.42972695462002075,799.833097283993,6.25168140663432,80.21348968574789,8.480842938626196,111.09425173399023
44.691705975356136,0.6930811409273203,733.9599288755312,5.206382929152212,79.23673846481466,10.32450733228809,104.59498436188547
48.64443381050867,0.731960850568152,965.6945297091808,6.217922571198547,71.23857041318136,9.839585990708535,100.87663326886354
58.220690416181405,0.8060400031279631,919.9723050024321,5.393817360680182,69.77948446385341,9.300597690379766,104.85453902572966
43.10218930713403,0.5485549786642071,868.9902408375332,5.792394865763002,85.45140254797849,9.314724934987405,102.34480268316496
46.977778854211756,0.7059707749235634,758.405536841292,5.496008269503084,73.85054884493428,10.010649793845378,107.11187190719583
46.945551995768994,0.5400776289026284,737.2075696849888,5.179847124148281,74.8308203252902,7.449481449788392,101.96212339072704
49.091008117116914,0.6469404103717216,782.1813293899615,6.386878119146124,62.53237186208064,9.243754848606887,111.24390431766538
50.90772788815685,0.6820318581791609,813.7517960506931,5.474233425781927,97.92296866763226,10.168460862777051,103.38101737412481
52.8844379233384,0.6808416992987486,909.2996160706601,5.43338934462443,63.40728534088866,11.04493916297018,105.47493871298684
46.26866717276622,0.6785501213052837,820.2724051647687,6.6041460730729025,76.23911655329825,8.659708670224202,111.10396855904634
51.012616507409305,0.6688293385050654,742.9827561758154,5.279616748604689,84.20908001816352,8.961660160693794,103.45782046365815
51.1992916037279,0.6890550745106248,698.1466943893763,6.640118509308688,85.09311574761296,9.885243058515856,113.10434931075768
48.096542278537605,0.6954222354322881,806.1468094652464,7.149050855217876,72.93458295124222,9.475795440858107,107.79220499609238
36.516149417967775,0.6006127481499169,596.2016326300699,5.672488572582332,73.09902210550574,9.780982541616128,105.06888389742048
38.53623340150875,0.606018371464214,797.1509727731815,5.757226672242293,90.63377086877482,10.62386556885739,113.20931480577383
46.63683119223842,0.5975618215776399,790.4078633971368,5.239859094220797,73.46053688762024,9.257725954023853,113.75403508527268
48.72589395571616,0.6621058670089858,757.3946295584083,6.762036419792874,85.23847848576207,8.568183073856554,101.80897958526623
42.03747937235312,0.7583250918561962,757.0505979331506,6.406597816141399,64.56030387257944,9.41629938063224,106.26029135770078
54.85468013619272,0.5868843169715752,870.3272989860478,6.191753825058946,77.22815879375226,9.795593737376446,106.43998389321497
51.55147462519307,0.693773054181084,685.5806257723209,5.697044834303803,76.03579606925152,9.627821197652356,101.04912674040746
48.33332239242926,0.7715900676525671,739.1266335213645,6.645726651481496,84.0846415804812,9.937182392264928,116.06314337908955
47.734405005820484,0.5565134234478266,721.5043776428643,4.933902547560441,59.91318562624926,8.628174643711827,96.7289438338944
41.81999111010086,0.6543613202127591,680.1722006525645,5.848380866797345,85.81259349641441,9.52484726032762,109.93458838723807
41.74522218789546,0.7624186986440759,805.3587200378182,5.264252647300035,84.35236176079373,8.433587721288418,106.61870735176967
43.879262294714586,0.5480675519412708,795.2708986095166,6.675942358970035,72.93046495414286,10.596644547852097,105.75885134779868
62.4039482927554,0.6950564663272253,783.8958348532099,6.499758971330385,91.28191519793805,10.10790289518729,100.03293937373816
36.416937183133555,0.5329519342500001,786.6275420179867,5.463705657086821,70.46235978339479,9.023705932435563,102.8644107760479
49.76307590681088,0.7840601406068802,876.1455370596825,5.083360436364455,75.23183757671352,8.322126997633609,104.04218115806376
41.81514351221246,0.6669758051679701,673.1272808114677,5.904842280832958,77.10169429717112,9.810514684592958,105.36047870925806
42.100034325550595,0.6548456088158773,819.4765974976173,4.89069336721548,78.14263669434008,9.2205116787366,101.92385667277712
46.68241280000404,0.6276554757697914,766.3408691128344,5.370618813760613,76.11920385934764,10.571592884765884,106.92140822429985
54.03046333799987,0.6429070908023337,735.7267220637945,6.735816696139354,87.19333915997944,10.037736395546155,104.11248827105479
51.90004617168276,0.7614728556692042,717.3856223679726,4.708875954080993,80.32576878379112,9.540591547872651,104.71690999591867
47.758467925072615,0.6828230710177376,605.6967123452526,6.43491652100891,88.23630829116311,9.213759860853948,104.53632624145531
49.88065668832006,0.5239001619062105,731.9433986950055,5.771147734014603,90.27931019562178,10.358161473406415,103.87833961868594
51.850075756708684,0.7250931829339147,826.4868301949269,6.621873615983533,77.78463818065389,11.40271233617885,115.95930614829848
42.17244841646529,0.5824420516044743,799.9227433939884,4.702198299408848,74.38349931453543,9.829302362012717,107.83398245297039
34.73734049456442,0.7466054622873552,752.7719448575768,5.490104244263308,63.40895219990944,10.471669722511098,106.70455883944884
49.32461107408796,0.4834528771517014,850.095610960812,4.540607416064195,77.63578608117068,10.284631092705622,101.03966991253705
41.25243538200541,0.7690664569565582,748.1480473586082,5.852252184996856,72.17139547417612,9.655257480912512,97.69368399721635
46.42535141308419,0.6244282577950878,915.5794646336268,5.494988177592909,75.93540215624384,9.298375219607287,110.52325430657423
49.566141681822444,0.6762519133925332,791.5242341262114,5.897254903469322,71.87877959736149,9.580495784773056,104.26372246627298
47.10794064654513,0.5751299391364648,884.0814217601395,5.612374345672873,89.25056694494683,9.403166191654252,108.29098286840161
54.585296297730146,0.6825892812872565,745.5475284776272,6.246573948357916,79.60509743284075,10.338711320199039,102.46018210627518
42.00250256304684,0.7339774899447492,823.8215322834182,6.313560228492854,87.00779953172498,8.295723543525972,107.30114663745374
44.97563898389038,0.5808996835010575,606.1910795586541,5.4316260071749145,68.14073239123307,9.384599389165619,102.16069705236123
52.31385926254008,0.6216071247275905,669.9918912763852,5.504157992357638,75.01514851745658,9.179985298215788,107.8899294699528
52.10622796592664,0.7386276080637139,791.1548680664793,5.962952300273034,87.11513001965804,9.425657215376798,103.21274929700539
47.00517534370195,0.7455136068364986,802.8967809937357,6.171984327979498,77.23109709574565,7.85071897564139,106.73419301578588
41.115856643800704,0.7264114402389944,729.1686949392173,5.420887621864472,68.98834060359928,11.012853324553593,106.12122374146917
49.98944348843485,0.7313129247888427,690.2032761609751,6.203734517824052,83.11874568210597,8.20037672694323,103.8331774473513
49.225625537063,0.5005162608180048,828.6816804238791,6.081517451751318,82.7928256854078,10.087423707751094,101.86314464825932
34.866587767720446,0.6355473566914134,805.8289571577674,5.412506518485567,69.55836018900072,9.199522330369138,111.27033624107709
42.48745901333319,0.5770957928844705,809.249986969929,6.389845333362134,69.65727881320316,10.228200405815985,101.79503033008166
46.72164509003433,0.701451116151733,799.7924555150213,6.285690158100437,66.53640068297871,9.612376402082544,111.3855561912322
39.7115708449172,0.5954268645899385,719.2549728960936,5.5039050578638005,56.05577815072856,9.484862753291855,102.25166015745295
42.34700163453756,0.5878292623442519,684.5093954380368,6.182328947112489,74.73216621668998,9.974679209836562,103.02788055653456
46.72585619552148,0.5688144621801596,848.4260387673145,5.3568383402078315,93.19685548794011,8.506321342424433,96.52194000883287
47.177721978335576,0.3797088960546723,800.4626051586563,5.546355025524609,78.65429311548095,10.259564082647374,108.76912455792592
44.33118459244265,0.5757968818393064,793.9552670973726,4.875461504762489,79.9556292317827,9.860175680835923,105.08064399826463
43.46283651860215,0.6606968665527378,763.5256738213824,5.165485560220923,90.14561519795025,9.03308951114422,107.24126573363932
43.83930696239493,0.5459074362804083,637.5577214874012,6.19481844341987,68.03041205440232,7.88422707584218,106.84118069378417
44.5363825791628,0.7598070003263648,750.1225472458443,6.374520173620812,81.92727561344223,8.337953424850943,104.08165414562724
49.87322528241636,0.5813968477998448,749.9646515216946,4.95273582221347,85.0814888129039,7.45161111453206,88.21277491677033
40.76535428860719,0.560675112721631,712.547926981328,5.732013963134762,79.54837965013729,9.374115336925199,107.67590280355834
54.607345345595476,0.576750194836966,815.6222831270117,5.836393256806216,71.51244479488307,10.528799987911514,99.6455377468563
43.19863628724435,0.745751570686163,855.6205152190447,5.281560428248685,93.51304298166306,9.26975468234034,107.63556358866924
59.0400718321401,0.48026432271758657,689.039323890029,5.583600510491594,82.54008205541649,10.902082248531936,103.01861014699293
40.44176248210131,0.6180969054115064,901.2571765456705,5.788404525523847,79.99616499834669,9.867156194147153,103.66129431191673
45.064167546558814,0.5208212224660114,784.6545960541592,6.246574558849833,95.01874647261869,8.737820429725485,105.56456457648277
54.01398779499724,0.6692645194797342,814.8122167633421,5.090616695961374,70.5457323683826,9.753420379533503,105.26834920279167
48.446898110647275,0.627011180641145,681.5881159581165,5.336950579441458,63.220726328397326,10.434169539751393,106.07869604509791
36.708822926866375,0.582406911149765,714.3125263002183,4.21287682697047,69.61784171402034,8.847180596881044,101.55284079223445
46.71049398013892,0.40875843242618337,795.16906321484,5.991695240827941,64.10273953362761,9.09860573758667,106.38877889025561
44.49432779203706,0.6067002059797048,887.1759761001589,6.110942835390846,68.46541956656539,9.70243983003952,95.52846606492402
43.32286043220117,0.5738173708275612,891.9938350058279,7.08959743426227,82.393285610766,9.775789139884155,101.70298424331959
47.02290264910846,0.7323907006200493,789.3831281361844,6.114851556026296,85.18837745935889,9.6491193793755,99.16911737397966
39.71270446182309,0.7478335281263747,681.167627950396,6.495040265042532,75.86845979022053,9.583670295607613,104.47069629775835
49.18144115984872,0.5843351949254564,769.5224604900018,6.025397493579025,75.90491166174358,9.667665836329272,106.37089143728812
41.32255876627341,0.7241571826424187,712.6216368956561,5.694836174378095,89.69185344161593,9.107951326663422,105.01862366636517
48.754050903719154,0.6147583772281398,666.9745655397879,5.478668746602029,72.95240896775522,9.550027148648619,114.9172322296124
47.4801716873304,0.8036171484720573,817.033198592776,7.281686982556932,89.97969574663058,8.62829838498631,100.44712554819624
48.31891242072659,0.6892070330491675,907.1558347814823,5.642292218334557,77.59833330102158,9.333381073201657,99.82631970513637
38.05366379641832,0.5917974363474248,676.3181227704683,6.465859433033709,72.95412387165575,8.655275355404163,109.8864809613105
42.55178094968158,0.7698914935253286,811.5263551078461,6.520144710728052,72.0812382945873,9.000122023148906,107.82584144595089
53.47803537792217,0.681037191942678,851.2412746059862,4.689141753618852,94.79054350182483,8.537032858291877,111.26532617379497
55.53680493306777,0.7401396082443671,764.822147016686,5.852412244433773,78.91680582429181,9.306399331212452,118.84698280921681
46.250813486948736,0.4148449556163367,766.620776908444,6.473568034201682,81.34906108173523,9.016688230178822,106.87019701554868
55.56818264309597,0.5559640003782315,748.1755373532524,7.396605777021928,64.19029180247762,10.948516696613968,102.49412255316629
48.84431540289136,0.8381658425098923,656.3137735756677,3.754186650779419,92.4104751499937,9.60608112404839,105.0829163420193
44.29847288376396,0.6033535820724948,751.6254892635545,5.349004394356644,95.73825135533252,9.493045206896197,105.86964970630294
45.85909899133784,0.5768513147066442,860.5716334971565,5.205751605132582,86.48835406271408,10.416980212961963,100.14827307762604
51.08185856285306,0.6603700618103566,778.5269812699091,5.777238398901067,73.30857295268788,9.827500935378467,101.78372204294065
42.363780295541616,0.4629161707025261,822.4136669770957,4.32684029763812,80.50826265951083,10.456433936501291,110.69805442888696
46.01526368580867,0.5987667161873517,774.0179499239481,6.537729223628213,83.79358494689924,10.052412835218234,93.50810150962462
48.47033035549343,0.6515469440972607,743.8470343766849,5.473120793250012,87.42618886114387,8.797903387186789,108.12461266271872
43.84560962763051,0.6866943806889525,793.8880637297024,5.241094713781971,78.7702100466498,8.804555605173254,104.51717798903981
49.76120271546552,0.6121366324408678,714.272236206431,5.789600649524622,87.38259025661752,9.488423490530003,101.28991558729544
48.4686532646716,0.7800162055877751,740.359635161515,5.654077441087203,80.47033230054413,10.522244188634806,108.48879452198831
42.13001829801726,0.7601571893020236,865.2501366458662,6.145208091005244,100.43282066988161,9.111618443911402,97.85713023113483
60.55752755598675,0.6702386460506992,761.4858448293967,6.703892419923005,92.90032901806065,8.641525111348752,104.31052733854936
58.224447387688244,0.7453161540517999,818.6704810750888,6.681613323159854,79.32113587745869,10.205247571157267,109.99862613180692
42.360122857613945,0.6610363916820079,746.2533399236895,4.135965855382893,60.47530186957714,9.01952207338969,97.62969262410704
50.531314058958365,0.7352467020852299,703.7543295509838,5.087207019164279,90.2723977386576,8.581130834350242,110.36544573934839
42.441383177687044,0.6444103202504244,777.2808940254292,5.065558326470047,62.29695345404178,8.751204839804705,104.72385426449404
45.793348015320746,0.7602352898107151,814.7841342765673,6.728591098830905,85.6089221103446,10.196767356773243,103.88185382591617
52.206822357563155,0.7207041291072712,773.080086802286,6.550212444325569,78.96503816764374,10.418714185128994,102.9985483711532
52.20055504505208,0.5856205350064569,734.4178615661499,5.55763237740036,75.66033507823163,9.392501168356223,104.18530408869789
51.75947989958571,0.7247886229665366,566.4029961966161,4.1015054557001225,75.36620290428263,9.955400330006865,105.78759726797502
52.2140687053342,0.612227794118578,683.8005887666826,5.680042568901855,90.29233227041944,9.933881196308516,99.58693002284289
43.75156958236558,0.6500268186926402,669.7717383745058,5.39322622297364,83.02321522461371,8.222073253196827,110.50583377615223
53.50160468350065,0.5911265762172012,851.4605152248968,5.500888076458376,76.57612945298409,9.117496110064344,103.97464588581542
49.57345503494674,0.6343212832533563,857.5542330978254,5.919664500717789,86.23234231512174,10.98336271277287,105.86937803805178
48.632803034114794,0.5622524198354397,749.6213255932921,5.30466889351822,66.96851672545772,9.236317011132119,110.99638657499618
52.8310190578867,0.6509727088024,693.1342227663408,5.814650347787171,86.525356006072,10.816533190236324,114.43075491743288
47.87675621605758,0.7044320409006327,775.8188307120326,5.471776605622222,88.36545406225649,9.4692357947502,107.56994516597618
50.79448694355728,0.7441377507633385,769.7367152651574,4.977244695312161,87.39446975481248,9.563889129787974,102.48475343118021
50.044838538837844,0.4768850125663232,843.7966687596568,6.1459217063487,65.64410876147392,8.285402048661421,103.33247262883602
53.66126020071978,0.40137788837133914,778.4495095457728,5.332043188785417,82.88685702626304,8.146565020848113,108.43804325557937
49.85016634961433,0.694495019764973,810.6712632565725,5.0567711015280805,73.73895628261941,9.052185999022617,95.00093643295598
57.564948057969055,0.6781864072018133,786.9026085856,6.335281304987584,67.64959933794472,7.793137592119011,98.60540138432668
47.433317037565445,0.7781669074050552,796.6096281514054,5.486347091170018,74.56703055967323,9.65944965400874,106.92905603449795
48.76349001406921,0.6791017000754302,721.0385299885635,6.517977485803902,85.96306494054264,8.185340450482215,100.42468835657041
49.605635226831666,0.8403945414256797,932.0781338720739,5.022729799647519,79.14879057815611,9.547430082199991,109.00744924174799
47.968226869677316,0.7197106482199589,899.9376472956858,5.34857575964809,93.6271768281001,8.113150949885654,105.0629234941297
50.393791717776885,0.71747318192492,803.6307699221511,5.702707054737303,83.51541142779904,9.026164105748956,108.33766361671867
45.53601878805347,0.49673954382762997,683.0363525272378,6.844519000463829,90.66418072147992,8.359471923863818,105.9715113934524
39.31161757018903,0.5989456505730008,809.176226497562,6.701298313271478,89.88618138141688,9.914939329057338,110.42795654926839
56.368572190955234,0.8478427080898961,760.8265599411703,6.4463469184426,72.18074188372822,7.466698500708416,107.81048615781846
44.136400934601824,0.707790661384296,782.0818071845576,6.617081990612934,70.95408125670689,9.453467961836374,105.89025251938894
50.424424032250045,0.6229845149781,725.4564728412895,5.947857848159088,94.56202252550528,10.521546117024611,100.52126071748354
41.0738883105343,0.5895419158486946,604.1738031882292,5.200869091043359,92.4180896716698,9.04170945997531,106.82604244860552
53.20927376806191,0.7203729901943807,946.4585174849855,6.003381886111093,92.31485348548857,9.073345712124414,98.79000426623213
45.67750986949418,0.5946307179130499,848.2151919404114,6.312082879156405,79.82834946383647,9.816173042309877,103.94764403310687
49.63385063633014,0.7839231035988412,938.6824557372588,6.502333353195269,84.89912787065852,9.166824058203689,103.28827121444785
49.44960084808137,0.6079248553964796,707.491375566254,6.035695980481309,59.398687369772745,10.17592949542347,101.77374847142025
42.68297000590096,0.5689129635247251,681.3445073192217,6.552406683564592,95.02972498072864,9.280999459879688,93.35924364301522
52.75176374862259,0.5495073530999962,752.685167900801,4.509590661421229,98.7516593861998,9.998680021010692,109.90449978297266
39.924627201723325,0.6022311891577399,866.581138904614,4.719845817196494,70.11693484725429,9.797864327476404,98.52852475581177
42.926201918844086,0.6612595558444572,959.9649943605255,4.61834652592441,69.97657354093214,9.240013211865888,104.57346986599264
56.264156621235706,0.6156499101992445,804.255271784667,5.535155861972203,75.28992717060413,9.366369711830526,106.8432327096813
53.072245491994295,0.6274345654927911,915.7604870476982,5.363248948062922,81.04515782117855,9.106588297690827,109.57400771350481
51.690039840156764,0.616478982450429,938.2515329181062,5.986851456000547,79.2923939941984,8.71536143792875,98.84532355451032
48.685621199635264,0.8719022391763618,644.9579097738747,5.088126425810296,82.62074417046115,10.555602493995433,99.71126338164432
54.22599905341568,0.6971285531920153,751.7329297871285,6.547245755065988,79.29411612065698,9.251430865236905,105.63016460825165
46.66906343951096,0.6995633120691934,711.5115277837749,5.928965742997569,83.06769477805872,10.365010015306401,108.24403312169466
47.836852867504795,0.6521135723264099,774.0409858982188,6.150311905934516,64.91874931220477,8.646398966972594,97.86457714096389
51.04918522545119,0.9122651086100755,757.8829605568097,6.140907070303412,71.91843886364477,7.994209571456298,108.24402399073028
50.87556931636323,0.5318050213008506,764.0192753293259,5.846696001059074,71.75196724246273,8.253977188604095,107.97076713851108
42.49897684057235,0.5326857592255326,831.5207507535788,6.1623575594643265,92.04999064782879,10.194918029222377,97.77337948482388
36.93451125526358,0.7232308319641463,744.9508668022455,4.6504068521668325,71.68781010789839,10.594798594319663,103.70646509460707
46.121371097037,0.6038537012202329,792.039600394029,6.106975977891991,76.86244207001977,10.006968700474232,113.47766582368436
43.89329402740463,0.5657140869796945,728.2870006419023,6.216923353856586,94.41110827771955,9.422814166317858,106.46473449001991
47.37039825079415,0.6927260179922464,967.9844348270138,6.352966069801585,94.63657351023089,8.670170665736102,112.41986282239291
48.22938017669428,0.6261651650550722,865.4409201517526,5.344635454754447,83.88499519676114,9.69489424850609,110.05090690231027
40.678001619831846,0.6756248355082496,746.5949754021281,5.920674508025318,70.90670723476323,9.711409978330481,106.5055178052217
48.70094402352219,0.7774442927639053,814.9273762577735,5.037046238031701,73.8149985093896,9.944567011421277,110.18457290957933
48.15717483734222,0.7495340858273867,843.0203088401505,7.676056775628919,94.04877597550082,9.527276959037515,104.42694335716476
51.81634797794921,0.5584752771511596,876.5801384122477,5.383793890500558,88.66445397686036,9.510597916203954,104.40949163166466
49.12254060485238,0.42826587686385886,835.7464359226052,5.978663989794158,80.90092796902869,9.34445684517525,105.81745085391005
39.9303121474841,0.6426442292603061,715.0617515611701,6.342677508051244,81.32664438583218,9.12622419144313,106.51489579804739
48.95535697456068,0.802476515108985,789.0013872029308,5.703060579748532,82.87847456368915,10.422190629846943,110.5804258075653
49.817161614566345,0.5242654464865533,545.4430189156292,5.961837746530738,77.01710013374998,8.529424970758765,117.13563387499252
44.76817546851236,0.8784681375078086,858.9372419898442,5.7094673221165975,71.52701758423906,9.567210154064528,105.28686425316873
46.00612830656644,0.6519886504350301,771.525393753925,6.23141358991521,91.64806540712583,9.266471003951878,104.3321560072666
48.38449860212813,0.7007335255997685,817.8735492552,5.872132686206644,87.73120659639875,7.948057655857328,101.52960574962091
43.93126687266797,0.6577887511550254,770.9286218593811,6.737858155146553,58.9834637633913,9.178675189185865,117.63524680725591
59.41909976644809,0.6901274188506463,681.7070264757485,5.121007449198899,80.8743736376322,10.769428897466126,103.78655415989715
44.38420539160079,0.5642551787564623,756.3688027207896,6.3866430875242095,89.09719235485164,9.906377274957542,101.36608202522689
52.06612090655155,0.5617480924155068,803.6161172575561,5.605561376410756,78.24723983112077,9.233083004917901,102.46161450113242
42.580851593019695,0.6744233141636945,838.1013374968473,6.139609523453265,96.1695148258184,9.626549909487643,99.81263642968776
48.64775276523343,0.6642829250137382,784.3310565283242,5.189268135500649,72.08821664203788,9.601711020956657,108.75317633237724
51.40563497641467,0.7927984545914973,705.2940098042134,4.354348820480723,103.71325025257558,10.169307943744164,100.5148691235396
48.6311936017924,0.7372446564910304,708.6260191569759,5.661205444995702,69.64001718193066,9.840114417905703,103.89060493330254
39.37112442518216,0.6997798623805889,736.973022693047,5.352440204991693,81.40519471940102,10.312262256647271,102.63202730645156
49.508223078147346,0.6656270158814016,777.6660113950525,4.205160294868207,74.81513851981222,7.736013355835917,99.62759704302846
47.3071384686564,0.8267257797257188,864.2892925992,5.534117554744821,85.82732114139448,9.679273593132983,103.10946944095028
50.8806771543645,0.6882815672908446,727.4448293019253,5.603296485794683,86.26991866817349,8.536987655711597,101.74552335376967
46.74649298843984,0.669552171801783,706.2336411813613,6.258364861569125,90.1158232316395,8.82426345758548,104.3044455961315
50.71213968597924,0.48469961684499696,782.4095003513286,5.857985592145795,69.91983434935355,9.88711506680836,100.22059652956104
52.475327510520174,0.6560901569430965,787.759647880446,6.887936283896512,63.10868162870693,8.73010558075785,111.93477177884962
46.16707867995992,0.49355325313146114,955.9938589966971,6.144343506662155,70.25679238859223,8.208332129468184,109.58900440709664
48.22405668973811,0.7545977046357027,899.3435143967547,5.71675210349472,86.78575016598997,8.606642185874845,99.20836482905327
45.07772806167034,0.600824256416,782.949440993814,6.056281392412011,65.69490492911677,8.86059494432687,104.40932491953966
40.72339308796933,0.7156128876928837,828.929673020647,5.76883865341968,78.19842096261902,10.05186508156254,101.30726708752677
40.02017987133911,0.5522987438219435,651.0527657083964,7.0610099773772745,78.13151999096557,10.174729699149584,109.23900631224834
48.827974923198916,0.6522907074284126,767.484019816261,7.243492937720655,64.39917205184209,9.091020324370175,111.68617343311007
44.63806805664117,0.5843474896204257,838.280278233385,5.903879005409472,65.91387100552137,8.906741674879097,110.13621074480129
53.53104944654824,0.6216352749443972,799.7118173741513,6.076768100527571,74.0732316649287,8.408450679840415,102.56833894755994
57.57506174377993,0.769183831064857,871.2042415044187,6.657246971405054,65.48398646351325,9.33897343252859,101.44097837764498
40.61333000916832,0.49760072806404554,742.5993598838048,6.225532646632942,61.14677129313766,10.378830327189938,101.72879533838908
53.29291706672925,0.6894294227982661,682.6695233654654,6.719742743395518,88.8747052412913,11.298450560565485,100.28920805125733
48.834804382066835,0.4982322047871852,750.8952286320699,5.150853298299732,87.47526703649335,9.047977769653803,98.78393051932451
48.535133360469125,0.6013672438003744,695.1658090669895,5.342769666463915,90.05161161241784,9.412646119806528,110.49092977907658
43.64095248149481,0.5900954657764355,722.3649116818143,5.4977158747009796,67.85997404628812,9.319379045052541,96.10849656636267
47.63065822833852,0.5813552464383045,762.9221217122481,5.054138215337318,84.3902463252483,8.858586990526554,104.98882451339323
40.9186369534685,0.5389407685209451,806.2664506015066,6.266449078336792,71.85316589385752,10.61477843938291,103.89951060690294
31.733921713830338,0.5946286842673683,699.1065498359728,6.430090215722362,78.06669463118914,7.7200312178120845,105.29233927002771
44.08474555269323,0.9289726669283511,689.5463475451243,5.768323781723704,86.717521717782,10.062931674292392,107.39848003118617
46.6409534402733,0.6689233594147039,799.3218378427792,5.411266326203496,78.71404001057546,10.083036011437269,93.27793878599824
46.83357795884731,0.6621253377567293,849.9009546345964,5.631913057756683,78.04289527379753,9.466773076631894,105.4959990695989
50.9677374920213,0.6126424205321581,766.0948369869675,5.978560129474785,85.73344065866294,10.444128961155313,102.8520964535178
48.84890477868395,0.49925445343194097,778.9106193565447,5.854248033742922,61.22748077393766,10.40577446658511,97.65694521259739
46.74058214359255,0.6643706438109669,851.377229671828,7.729366443234272,79.25649985058136,9.619572992561825,117.54387611192442
46.5808178981074,0.7005239415058655,738.3507654900684,6.713712985286725,88.3034934741342,9.2358964586837,106.96853674327474
47.35672908238758,0.5401196154013667,720.3943662954093,6.685886578238084,76.94352847922845,7.7309421617939105,102.97536641233852
49.36366252578192,0.5727041033295937,864.4128882256564,6.180458453580216,96.06359433523234,9.866640015265405,106.05936963217347
46.06401736241453,0.7695673459324891,828.0600776529204,5.336577535487935,73.66562256700506,9.028571361751164,106.04580150611531
44.16280217263028,0.5945283884242133,726.6918035956307,5.916490253009436,82.06506223339143,10.32914493986057,100.85607570561021
53.459691214673015,0.6198266512755226,804.848885897017,5.94853259956828,75.9088029498273,9.295538374468572,102.81824471240812
48.064454391422075,0.7611432442210017,814.0288809454653,5.340168604199594,97.54645926035397,9.48130973753807,107.56713916869684
46.30380273108846,0.6031865935767755,892.7223473894273,5.3062356402933775,79.2234750255897,8.361351896804535,102.07873741367227
49.177284137726986,0.5538273865251226,895.0150067926231,6.3357821568145525,93.5753031198559,8.66484922679468,105.60578234067115
54.95800747583223,0.5422713726382791,692.6747952317108,5.999429985075609,90.07721476793424,9.458933450153376,111.52422673298865
41.33286560673716,0.6665078371612686,723.5357864751443,6.02729076800657,80.84433487126965,9.333594685724037,102.81643768938687
56.557369879665714,0.6457135257273686,822.1981142420559,6.508429222473124,92.25228397095876,9.414068560258729,116.1000966101693
46.84217724979816,0.5708674652519822,888.7313296778252,6.0172283912115345,81.33982700435843,9.45526680145365,97.11980423982263
39.81510731466135,0.6235723322004815,771.4136839391937,5.215639046672277,89.87549782900146,8.709550854087633,104.39337583012238
43.51279513798096,0.7885329869114033,808.3148367592129,5.124851077752874,83.17416622066854,9.412294813961294,108.96389255827187
35.50075696439751,0.6056730749301493,944.4653356859342,5.513931365992118,72.33497730067042,7.886927952916404,101.61310559590211
56.458592880739346,0.6417181924113374,881.9944053819348,5.833922888967275,71.2566905699981,10.535594651767497,111.49263024506202
55.16660338729423,0.6899514407633139,815.340340739906,5.499899391577839,86.59654537185538,9.331573474611165,97.32865463039874
38.23239680816643,0.9006997076366932,839.4377101429924,5.756398184902459,88.18159151759994,9.497656860945975,104.96505583324435
49.547593372131075,0.5641459342831514,785.7077388403892,5.254988660248024,70.38276608950423,9.506645281229382,110.06096551753485
48.20839481714008,0.6615863828254596,651.7349823247363,5.56163983205892,71.3734440479838,9.863759586170637,106.45563689300565
52.09507496818031,0.6193728816696328,770.8542710831814,5.97502472486287,69.13970849550762,9.451300534775728,104.44629105283585
47.84776170232502,0.5697330289624518,763.2733358727202,6.196126448244769,74.76901747021239,9.0671875423138,100.74211795214217
54.68324184886097,0.7201023881752839,888.9296477585059,4.843881504153875,74.33562016738296,9.049241861532133,107.49892808450701
50.18208938195306,0.7654943753065381,813.7873957800775,5.4219604149447145,76.53720343036183,9.893765799605683,106.34667782830861
41.138541889890476,0.5813483354334984,820.5906845328266,5.615924038619102,67.08614201028401,8.2401986023359,102.46721015614962
47.95342702433313,0.8851017944478252,788.4350406590369,5.730485121106051,90.00077440435211,9.201192247414262,102.77610832892162
47.360742536764825,0.5976420065927937,838.9023827383382,7.428663883981079,92.29200838865869,9.31531027894852,104.35385771520507
44.02602213639241,0.6001325785079323,911.9014315492689,6.685761614215601,90.08272320243118,8.566504567621354,107.61332487160233
45.91925702515267,0.4811188390881842,830.2530662330956,7.088903768868031,89.82740290620511,9.982798100787571,102.29918768137414
51.77944534628635,0.5441676412704108,790.3261710958553,6.412113839166274,76.16636431214012,10.017656438406089,101.27285302708663
51.69622694563785,0.7311797476796946,728.6869738123557,5.67040404618456,85.66241081692223,9.337267979863238,102.38157730040481
54.36160868109428,0.6204001785422735,678.5330395433446,4.752770217165631,82.22078097802626,9.704867739288014,95.90452438092791
50.21648840218874,0.8309765779376704,782.3631832880742,6.807758463869835,89.19126098910405,9.730158215081035,104.40388592696968
49.741963315268904,0.8226702551748133,754.4772888937629,6.568187071825486,55.01057404433344,10.269541903631673,111.44375416224253
43.23170507918093,0.7735266719961511,744.4631571446597,6.500302652896912,70.27393719620183,8.706572634796853,110.16018008573025
50.4733165553432,0.4523876793164453,694.0780807039922,5.558561925234489,76.5858016843972,9.242727230263442,98.74674753686763
54.106544434432664,0.7555197383133132,771.1020741398316,6.593202599375636,87.74307006706188,7.879690190061801,106.43183922032834
43.09878275357342,0.732565070174124,760.3306255016973,4.827702473593012,71.66314037096998,10.75743056231082,101.85112762947631
46.09492938915819,0.8431847945863491,773.3699476270283,5.193384141674412,88.55494060920176,10.313122670475154,111.27031369529787
59.01619394374708,0.7049054568011586,739.1409092530427,4.426506147063019,89.00687424139733,9.772530064220476,99.2199234940144
53.105209728207946,0.5506880523442264,746.6973191142048,6.356246445981636,79.17147878014431,9.805518367977465,105.34784454488373
45.276565224046664,0.5679740211155863,794.5878959203357,5.761419327981548,89.95731008475718,11.252744880285414,104.07321288096544
50.52689703291277,0.4981888364871598,717.1467035549583,6.394937040081491,66.26802391703916,11.0284846415567,103.07336055259658
42.820168566987434,0.5663065553106869,841.8195084485361,5.210817385872103,74.01147318292848,8.76080511169346,102.92644905951806
52.31999617506224,0.6243552446393766,926.6979711631532,5.838706919491493,69.74523149739773,8.359707623576096,98.538900457904
45.93317519072765,0.8004428636474757,691.997593738497,4.59358184337086,79.98570027875701,8.945280108585735,105.98093316263356
45.431077858529505,0.702126182993635,638.1209747483911,5.4621740743648965,70.5303555211252,11.336037928772793,101.95875085817252
50.41614242565077,0.768327576442562,685.4980077309942,6.391076471220624,72.8266389006984,10.852494067933568,110.00299838815762
54.932051314704424,0.5872248585803574,873.4600493764855,5.033120977087582,68.45510891758202,10.025064588481671,101.28464768294782
40.49075604366727,0.3874812031653095,827.4442298712487,7.037424860900463,72.84380022222962,9.91926565704107,105.8695389650586
54.38840062017015,0.7147964737057179,729.9678303248008,5.691607055593759,50.39987892869291,10.125196197537452,114.20815735302077
45.333425420548096,0.5825041336895497,792.4971542057765,5.766885827427246,80.27879852017503,9.09960927937676,103.27900578114799
50.778060177750014,0.8197052044241581,715.3925358890057,5.8478143132917415,72.6037593792373,8.927581126679241,106.93492383760896
38.78737588295,0.6993358141952085,712.1824295815143,5.544088165851277,73.9052855014878,8.719699817539622,106.63952708887692
41.2302997434027,0.8404262487888918,770.8731165211352,5.312303372060317,73.91856794701552,10.254668107065172,104.96042991055535
46.81766666194862,0.7135330468835455,718.6414505827266,5.6626449860248105,69.42213521724136,8.837264791662149,110.32437397997222
43.663720242711236,0.7306609772526224,716.1919997766291,6.240629045990637,72.67038044791028,9.498130227182108,103.98233580681634
36.92098797576257,0.5344471292444781,845.4641093912513,5.486562372705276,57.18064835208254,10.372036275330963,97.29018316154918
51.55810397137965,0.4957246816851509,752.7161644976285,6.181937824006026,80.00540707232454,9.538149768943097,101.88130121652503
52.22455304138539,0.6148222562943593,746.1689107688317,6.277061299231995,83.80296554763017,11.280979758942841,98.63772898794451
48.36117687619667,0.6448867699817074,736.1009645739963,5.303200408274843,75.24664390332616,8.264686346659389,101.43091137673598
52.30997385317909,0.5213075062651656,801.5590582194457,5.822523496334922,89.75946345431457,8.349215904753319,106.13727925766013
46.270048387929194,0.49879894900615795,771.8932444588838,4.753474171825396,73.41761809813565,7.791774794945805,95.05055376141593
46.110625099211525,0.5168998171757783,887.1018853522771,6.115411131876931,68.90281396834064,10.7038866003556,112.55253324560243
52.04074048065094,0.7331074353371005,810.0621709463795,6.373076309431804,75.5385434262678,9.881215375563574,106.84573963196827
54.9031790525152,0.6323959223120935,771.3596310070549,5.345898894340397,70.75459013059591,8.83017401079036,107.39962340328296
48.5714268070003,0.7070350947492142,722.8238376465264,6.158348500176037,76.19108922814559,9.655286848198292,99.38213072504685
40.99606264312689,0.7006597058635513,832.9147736086131,5.843127677700793,82.48031230608167,9.981356741399091,108.38471625313235
48.3543484648723,0.6885446059478257,771.7220218217233,6.355925549698217,66.53347593599518,9.453624825905205,107.67709079004788
43.600221570285626,0.6362585266634783,727.565875530947,6.227667255562082,75.36354491142853,9.629577023109924,113.8438203236443
45.97828751460991,0.6523459728090326,858.1787680766694,5.622923119860864,76.01771085580285,9.11920523180591,107.18548727525057
40.37981136789786,0.6092307307837697,773.467246209362,6.247526302262814,77.78265272763261,9.21600741062533,108.118312299871
50.42267769723206,0.6247671749914135,782.0289450723022,6.824070115234162,58.94709781137439,10.40808368531709,104.95886807349858
53.306177964994724,0.7144275525583359,819.0183596173524,5.28033767621577,88.15772061945403,8.759856295990764,89.91669764072361
46.49974738743043,0.5272018585806952,766.077573725118,3.9501514518479377,71.34366305944948,9.953800664119441,105.54162918141697
48.846618467834126,0.7209021601637631,771.823619627709,4.939017064170456,81.4326907878123,10.293703902655231,104.25312502650041
52.157830381835176,0.7462721346382362,724.678704735722,6.474124431145095,80.34153017488416,8.975156704794852,107.73520902067771
48.30522172163176,0.5996924353829175,829.3525680751919,5.732375650706441,79.41123890694026,9.122895166506376,104.24849271606911
46.799188093846674,0.48916677964225364,839.0104007186669,5.633655343520952,80.28303592331531,9.490468322186024,97.2964266757424
43.379956149342036,0.5062004337783962,810.6977692592965,7.104513626681144,79.89210670763947,9.408054596225226,109.7413114994797
46.437375319051945,0.7563639948171823,787.0266506874855,6.504134090261572,73.67731507298471,9.560912708425132,115.9977863191219
47.885270607812195,0.5270862068665834,603.1836280582379,4.627172345280977,73.86719816421717,8.725643395052405,105.04666227276968
53.278967115540816,0.7668232228415919,828.2968057553962,5.331604162621935,75.15614253513519,9.636995160033425,99.21477288612073
46.40191833593657,0.7547885051908104,717.1940694721993,5.418081849523561,72.80641424159865,10.031038222661898,95.06452208632786
48.122257581990524,0.41945391031751655,779.0721089999689,6.645507366142697,82.70422642052058,9.982112086502083,112.63735861672743
47.03022420949604,0.7592371661831572,846.9965200538367,5.792377780704789,75.43337818058856,9.150871305816695,107.52475329883022
48.23699031260587,0.7230887945778817,750.9873538026649,6.9978935310351,63.76159280748454,9.618182107300626,107.84743314735269
52.970817102400474,0.6549027504195153,851.7076962271755,6.0672254083284365,91.59157536042092,9.782028179809068,106.66054685822162
44.14624632378816,0.5729287095960846,759.2138079143781,6.33447622864578,70.08183266751311,9.633915373156906,104.84836636254302
47.8158577776754,0.6160008927030375,821.9533761868474,5.730098478983829,78.98787592087446,11.012376654085038,101.92676069708774
46.55737780713875,0.5657251664066579,758.4246846878532,6.074047773010364,100.68798543295475,9.624207360412122,111.39920012546425
48.460375087581376,0.5386455992292714,737.7836789141935,6.3266994846416456,88.24631709695694,9.373459723647724,100.71571378486043
45.37937352316695,0.5107610905640141,726.5269493969995,6.589259594091313,82.66495374380321,8.601629839286883,106.08601785109543
45.90818794832791,0.6433978958892799,887.1948082584199,6.957572191992038,71.34763740348164,10.992770732007799,109.4463839384082
60.36912642169369,0.7688681773784524,627.6950005983276,6.033164092172883,66.59817976695652,10.078336537341121,110.05654366453003
42.54383231638672,0.8393191274014485,682.3226547945027,5.908704906330302,87.26369153749394,8.841018905387344,106.87936989413743
45.72946801489631,0.6511382147344223,913.8233119486656,6.439565986652735,82.87845258067615,8.453399646734253,106.31960854734349
45.855552154680794,0.6231531755523797,807.9691991327485,6.203562719988194,69.723310421433,9.742205970381777,97.24053324682588
49.94201460208119,0.5697953986349941,857.3572194918625,5.828265813602826,65.3296196740259,8.362850454009882,109.14445709194263
48.860868148602194,0.5925295278850559,815.1216268863209,5.583675785592118,65.31632368446279,10.39734941778471,116.17049146920355
41.435241999917615,0.6683115835996833,937.1281152724764,5.483494586728029,83.32215338384643,8.513789199254926,106.17808371100627
46.89659699820014,0.6151005079762403,780.2441651260898,4.787590914019962,79.0696392429179,9.894671718884641,111.32643974357967
52.243603414286696,0.6708847153892308,920.925740777811,6.104945378782275,78.27472866227912,10.746423038143105,103.87869495213313
51.73021040120682,0.6226358907495508,662.0963405993425,6.331777619212034,72.38740049812876,9.972417275778982,112.61903760693974
60.25479447934433,0.6575881912843831,745.6055650944581,6.389321453571498,72.73902642736547,9.46189068924916,91.60623564018542
40.79666780713616,0.5802376291327148,870.2241392696947,5.033037666032148,71.90103060992948,10.27161005711463,111.7630673670651
51.0593195373326,0.6886921994138799,853.8761397555876,5.726212775463029,61.195739985623014,9.053127191250653,102.57391179170239
44.025364356401234,0.6063489594363201,854.4203281605273,5.6911541808672546,81.00441907993115,9.973697751842003,100.5134934727701
46.79309086574045,0.6748720290493649,891.604255621513,5.468923131271739,74.39913682232884,10.218185955477452,109.81895858781
39.22183320067189,0.707871558799135,846.2785285240707,6.523960064812,87.70099561641403,11.073493376586391,106.53472140130644
52.39547426067544,0.627344202738568,773.5216741209774,5.153441093863766,70.39819479321464,10.947796203156152,104.81022095570485
41.29173859072435,0.46361687583253086,779.6959058479689,5.590450317090695,86.91385539878709,10.155386827570714,108.92576326873294
43.252912782109746,0.6253498748148705,792.8376791663569,5.095370598255202,77.45076247194588,8.787649786027762,107.17741502839958
51.44211230091836,0.6009712417156124,748.0264169955299,4.2307782613202525,83.07365892895989,10.346042346267312,105.34224456236032
41.587160811372364,0.7065748086880866,849.2266738485646,5.414642892789772,84.6403952946286,12.00312044776177,103.43213370358517
44.333696933176476,0.7138233121020637,765.6969443781854,5.454804813283115,73.98932209083186,8.94308431908186,101.90544281761494
48.257481419631034,0.5703949910163509,700.448685204291,7.484677608654338,86.6930625419844,8.403460987279189,107.60684326975233
54.05020373816151,0.6364534693922143,793.4412631995726,5.8537639089363385,78.78509318293378,9.769817985461115,99.69550129135848
50.85093550424724,0.6844647332497734,749.0134186294426,5.553166805536576,73.58494204025145,9.255510087737044,101.7269209313157
49.2022063287167,0.5881536040886063,709.2434434638722,5.4720864320369,62.32293168211664,7.580476167757218,100.61366496999463
46.74160382517084,0.5605201031867802,939.5801891663942,6.464404824916804,99.23230202881217,9.103239939748944,102.0066786157911
45.2815752692948,0.7345617830015997,855.6062076514412,4.312478800425396,63.321487774661584,10.080769588577018,109.76863791028781
48.665688877848424,0.6076390246849651,792.7499899385878,6.0064463000335335,71.99292772601619,9.897797080417604,102.74344191137168
49.098530159485335,0.6617347947574812,718.0949542843703,5.632696013728086,75.09306246271376,9.891053460190278,114.25966540149165
44.82951787820022,0.7532320285923054,708.7100023230314,5.942871155361797,57.98036943200147,10.212819919823161,104.17709775403138
42.32546542640474,0.633589450173815,861.070872142185,5.495016222253691,71.49483723566071,9.108939547143233,107.93916106434918
