vib_peak_hz,vib_rms_g,vib_centroid,vib_kurtosis,magnetic_rms_uv,current_rms_a,temp_c
47.74885420689302,0.607705833500221,844.0635261907522,5.337544843589179,62.725315153514465,9.566120127434246,98.56514235470388
51.69709130691645,0.6667748474023983,733.2229514905284,5.789747337327683,84.5824384898435,9.74413709765068,107.35926571288485
46.1286107998428,0.8870270422825832,868.8330842627952,5.753328564181287,71.59449046217223,10.423211382131488,99.19937866894483
50.0967980891093,0.7009999791351533,714.093779236237,5.567440788685628,77.84856833512468,9.227656926663126,98.63386251441662
47.07427751110358,0.7579885909415283,786.2102765319287,5.250447610273443,75.6894773503048,10.643233629519566,100.88776843221783
38.975355381416364,0.5781932932578454,794.684973385559,4.886821601022782,85.63084562877727,9.822011113548369,105.69817133954498
48.722054293445616,0.7285602176577822,636.11506038384,6.066469468187605,64.3091850704642,9.475573742138739,112.14348520782922
53.881013912644775,0.8363376307663978,805.3542084576422,5.970756211586881,66.04345158450334,9.195355909264997,102.08498295648835
43.03866710544784,0.5870206666951795,916.7111781681697,6.673077075610482,76.22275062048045,10.007593661761614,100.16400993577732
43.18616604798426,0.6570278405205338,714.6115224983646,6.0897037696330925,70.26927454121332,10.169404459405234,104.83354438040098
46.971281538240994,0.8349930920247105,747.5434274352398,7.0067265742155325,97.90195017929229,10.577808679704825,101.93342197819285
45.008886077962146,0.4690375478391736,786.6386751614824,6.396471541454506,88.99557907530242,10.05633210932119,101.69146430321112
57.88634661358988,0.6955569425233761,803.1671446412832,6.760823822711668,89.96201462874293,9.537166750026055,112.8490137994265
51.700039525265545,0.65993448170444,1020.5879088989442,5.336888567990865,86.39699486887791,9.067667805619372,107.93715258889094
52.96058761409758,0.7200039521181444,785.1372805806703,7.1345457791194615,67.69926731557065,10.547896628063665,107.9561071900313
49.90774230450827,0.5145019853801966,907.1454872446579,5.4893710459183644,96.3143172498651,9.307448618655307,106.09390594630304
48.7130854502154,0.658373817685462,660.9992831541044,5.120338708379898,76.0647351985197,8.747927865412295,105.12709750977433
40.3649839980553,0.7219131613510421,854.1540123064415,5.099288536536449,84.38587000316643,10.263188260091022,110.97976388035688
46.297809970776626,0.7396699999715072,784.259586933856,5.62370610397253,88.66015824611078,10.406821848813875,112.30680834054155
49.31307118997123,0.6022444988183177,778.1077948084189,5.740372389919702,72.20725398790741,9.128993375376538,100.26756254406213
60.26891461078357,0.5330514569161389,681.099603637865,4.632360435330943,80.96239027929221,10.245836311985167,101.0641681773752
40.57210678679044,0.6054475550703096,693.9888682870687,5.874028822157397,75.84713840554821,9.701609983773128,101.50489336625397
46.37785463759888,0.5038052474591158,834.3022039818809,5.978683867386448,79.21027050679956,9.987175472735343,111.00505865129306
45.7763684125061,0.7704925021206149,931.7247919022844,5.667309449504393,90.81878559764807,8.918959666595985,97.49466015256205
41.81855010222496,0.5514441055611193,797.0950428795866,4.178931198357462,84.2311928332759,9.60138530085247,108.17188358555822
49.83114473274106,0.5113026453733708,868.0732565986511,6.413324797365172,91.54056769261851,9.713064171679042,108.5012894217127
50.48723967974428,0.3925643101722155,734.5153444182093,6.86306539500977,74.81944800251419,9.337560197160027,106.82671613458001
49.499878446530175,0.5632158618285326,744.5200646894658,6.302155075231956,83.19515669894109,8.725407036941197,107.61521498488078
50.08598187706083,0.7089053277705477,788.4365768637134,4.846908345921536,76.87517156652041,10.204849038960855,105.20209793472145
50.29438181503794,0.6355894531092513,850.2499359030387,5.028980397801393,66.48594128008332,9.050704469526538,103.66982500607624
47.843572985114115,0.6755835757844075,776.4081245563613,4.170298273679101,91.49368884443707,10.093860325585412,101.40211071990943
42.72973470516744,0.6633974146408578,851.4237845236801,5.355857149227399,91.91159275799752,8.37843249991491,107.98487725290174
49.48143897552188,0.6989822657540218,743.9942187038156,5.220349002117248,77.46616461683632,8.974143096178476,99.99416565725478
42.53649684806672,0.5169255201704771,792.6304302159475,5.823551196546766,97.06339369013426,10.732355890009496,107.42583672995478
52.52837475179265,0.7785945532611476,654.7072185452381,6.1614715048500805,81.82556469948585,11.461520137916498,100.96264637856667
50.15956239612193,0.6849156777718448,781.1967923738174,5.673519043220079,79.5542343334534,8.617180858040182,101.93040899317131
44.95921892980043,0.6981483894211199,783.5042726303117,5.050863234784585,76.72250289233291,8.970869257304278,117.9170496392235
47.86764797397056,0.5141465256827957,830.8074115030759,6.189671646815724,80.65045858617854,8.361963544547757,102.42407226551006
41.97313015071071,0.8510339909312695,881.4356619566439,6.821547722271788,91.48079826253125,8.960594679528288,106.39132611949233
46.86438947101605,0.6471282597210152,827.8899950417538,4.391856932386633,69.08874846089402,9.354803473407976,105.20109410885219
47.702892164554115,0.5081151876396611,733.0273692911189,6.0012302788596585,66.49388515468976,8.380440810272946,97.9524094632693
44.588089363459645,0.7138574916530442,892.6040941772942,4.350250978685901,68.01562756267376,9.131701556258891,97.08471340165642
40.84860685890464,0.5900938507868205,763.1584026610424,5.893268044557332,83.9266270136828,9.81149681089904,109.43098919504581
46.09157307611872,0.44038806846625356,669.9293118999294,5.717300522270446,81.24903846888904,9.27992278510171,97.47858310997827
37.55934891944507,0.6831024137542187,816.2532367709155,6.996750690097252,75.06504549580174,10.81262001904093,106.90676905151983
53.435293606979,0.6238031671960497,810.7439110588573,6.2945489322284045,77.98528908418957,9.210018680625963,111.25279870112432
46.43750516006192,0.6983405031261906,688.487457056859,5.707112605489109,76.84869444951538,9.218934184496415,104.35846174427714
47.153963016670076,0.6687763692974741,765.6848293859991,6.037910442945685,66.77437292196454,10.132956694654425,106.0904716109176
52.042222595216224,0.7365429640019613,739.8320120536943,5.098379658270112,67.39563159954444,8.952981623366483,106.59424138131456
39.31966273923014,0.7261078613410653,759.0020141163985,5.733344795504228,80.99571490115453,8.770906618046169,103.38868511411455
56.16242052261792,0.6524657894989425,767.6953728676054,5.299586921358991,79.2695340728167,9.937288316997448,99.39688563815461
51.60206479126775,0.8433665662390746,614.1508255177841,4.924374504176687,86.98035072378184,10.023317371927158,102.55226833015233
62.12502931265371,0.524122722990601,786.450528760106,5.038537755620657,66.79408497133838,8.50581934811014,111.71705276199089
39.224579945100814,0.6377678287504599,771.637344879503,5.403615713031448,82.18853804908453,8.51640045417969,98.92880624155623
46.158510303338716,0.6665866323538622,837.19257893384,5.998198268234917,76.16489148063098,9.94596326468396,105.62754706474607
47.40389361916101,0.7557511103754794,880.4834440210096,4.42347996089216,72.89956932852667,10.48134229443631,95.99797915628133
54.594189564194025,0.5908462670478106,650.9979111414418,5.557647514056119,77.57058876738343,8.69521183506338,98.83356159023828
43.59236127408968,0.7147930365534115,659.5870962021311,6.397808639913703,72.66650074655368,8.95779882010998,104.55800005461371
40.509121764497344,0.7382958377342627,697.5864613054474,4.660382456755504,79.785572784554,8.975140341864813,109.40750149235605
51.455150550740875,0.7484891215459131,693.1393464437763,5.25127248332097,79.86746918624053,8.51137337056392,102.05666928928026
50.5624634715161,0.7271362730348311,749.1506956605837,5.239916658035621,63.958603872978486,8.724546106045095,110.20291310426134
41.24700086110957,0.47387434481789964,837.3958616306625,6.8122619714881,100.94722401819047,9.356021764335644,105.54588505916169
50.709659306754176,0.6844891598772426,766.4792940315498,5.219208608937672,92.82873877205027,9.896498487264513,100.16155832936562
43.17811260479855,0.7600436132906059,891.5592050914433,7.250841745824086,61.69487859942521,8.219955788803256,103.21353067428252
49.10125309744019,0.689428209465449,669.1026541835575,5.689364625810876,72.22406218923187,9.477220659162054,110.79594795479001
53.91233882663557,0.7873145818975877,787.5316867671238,6.195020490927612,72.2586092671178,10.569926240056603,101.089960050878
53.2229081364374,0.6423155937518074,725.358909675452,5.432573740889959,80.76763678158059,9.648239929158601,105.12838490569418
49.107143640105186,0.5210729594523632,760.9571703089597,6.2771071360869035,73.25460709078516,9.96779092380255,109.02234438480859
39.80328058415429,0.6942371372476035,820.8298009220954,5.0912295740595885,62.30331596693718,9.668690590941447,106.09300173846273
48.51116507335171,0.6339267331949937,773.3382900367737,5.311202141589438,60.96448751074065,10.374659034274718,102.60672609287788
55.96372812496977,0.6391645556745046,901.3979951971717,5.204643556654058,101.4433732613503,8.383999563290192,99.87313053530019
45.0309887418309,0.5555988202046128,838.710087195937,4.663189383340458,70.84542709642452,9.008978706844209,107.08058362895287
53.65402816215745,0.6609958720148803,816.814965901931,5.135547822654013,82.75917741640188,10.03697913526781,115.49416478992134
55.14677722619943,0.5258521190074257,768.2365758255676,4.762543905130769,89.05504517674468,9.562566964441954,114.25631996481872
55.34294732759789,0.5932118044022836,877.1639708925295,6.322612196492219,80.30927202577952,9.374608363216343,112.16404795527937
54.887347196888804,0.749617286353738,786.4194139819786,4.326143203046588,90.15124825110357,9.600782975693894,113.78279705321083
60.80435591545155,0.6243096938384576,729.6298359566157,4.739767845257984,79.83314150095214,9.948063591878352,93.79805705433795
52.13174176549641,0.6342658775043163,701.874341755885,6.328885552930095,78.9018376577907,9.884819855453495,111.67784312160319
52.48764477657837,0.5703383753595646,856.6883820924342,6.5338348327751,67.04679602757244,9.258088823436694,105.9073473451643
52.82199596710376,0.7674000020461815,801.3977963503104,5.3474551005755355,82.9675009074366,8.789476547942055,106.70320364119314
52.92287591502498,0.7023999965137268,763.7523523875609,5.451858780622219,82.61928160558519,8.321566607853397,106.43601922526703
52.62816787535276,0.6186825687314278,825.2365613541527,5.803800463587478,81.60961813639805,9.998797161997915,103.20701578501931
46.14566725409288,0.636970008950212,910.8001586520776,5.706547263765994,81.86481319685502,10.667662070977027,102.88371541845153
51.15016805945955,0.5144363351457655,817.2248178879948,5.769488176700048,95.05330761392413,8.725276785566162,105.16912739519692
46.100206102610166,0.6411622335225226,827.2412910923015,4.66954019521135,67.99658892338883,8.99441270740078,102.49888241378169
50.78255903958501,0.5524169856321923,810.8475208375467,6.188081929172855,76.44774130660161,8.883203265580557,105.8644932140989
56.08244094711975,0.6601526354613982,882.364147147721,4.4832379016164134,68.75285403767211,9.214158300020822,105.73336291103959
46.77520290021082,0.774432847030871,818.2672506396684,6.816315835401466,69.58773513304159,11.763642155394407,99.56402606208762
50.11676341621505,0.8237925994119613,934.0027662763056,5.2742499112884955,83.71547232722209,7.53469933481505,108.6661027452632
45.87416396849834,0.6217505033102084,757.197776164172,5.4509286138326685,76.36149206217044,8.832378642654493,111.56794580510913
41.550973832286,0.7630313809913686,765.3589446007804,6.52588883974775,78.8610191200702,9.976145086430936,104.12722085800901
50.37858273503991,0.6082986937562408,834.7841466333682,5.018612664196968,83.35828253646272,9.699340101372801,110.90899283331103
48.583036937375766,0.4367611989907708,733.4043533651978,5.410747100459205,74.10042017190983,8.922548697265068,99.89360052459834
44.60464807405012,0.5889271169956836,696.7405317660182,5.422126230047333,82.55706631068149,9.21633526549789,100.16432380313182
35.99759941489982,0.753836640109657,722.9075243069404,6.676384305602521,67.99079884720813,9.41819406486782,103.44271021011463
49.75708638571834,0.7719766559855005,739.7422514458029,6.563601971223607,70.1729606182979,8.408225006879931,99.33127015480368
42.494572834609386,0.7134325336122331,802.8199369123623,4.883011353221439,79.12595515046655,9.70491726600884,99.10443013950542
50.81729735573823,0.5433954873516762,638.0643504102477,5.21794324949603,78.4047130670219,9.971704939928156,102.96904651838425
51.9760952656289,0.7039078346398666,746.262789093311,6.051832658944768,81.99017874337505,10.4014914783446,101.22603335045955
50.145641579637676,0.5493577642164873,747.1366581156955,6.469919232303843,62.938755614304085,10.44439478473877,99.49668602527765
56.92067400515156,0.7373072831112566,880.3681262145933,6.041391152723758,78.86575536053081,9.68421636441229,105.65755523882576
52.5178064809592,0.5190255483704257,796.0145016890527,4.972467125052672,73.16289256248658,10.261277335688053,112.025898820025
35.96195520808044,0.6529783092998993,797.0714775315225,6.259146679903821,67.07219246839878,9.374277744889778,109.42381647297147
43.983206783108244,0.6952475674437438,800.5939467537783,7.2180847918904965,83.09202943500668,9.454379978029886,104.32713115755901
40.53163264313708,0.5524269823462011,697.195673693355,4.879471118690459,73.99287471632485,10.161776260336193,114.4948370366923
45.286937982996676,0.5285097389380498,581.8851309038673,6.204790574074857,88.98866097639494,8.668597345413314,115.10124620713786
48.368636550235735,0.6399760760902625,805.7985788294221,5.65410431449856,72.38764396668108,9.787847567614412,104.88515966393037
40.17683921434492,0.5401318532859946,740.3202991521342,6.933777619839601,76.89008410139373,8.696170724301147,103.93983401082185
47.56005150927154,0.7353130033330642,641.220291767972,6.131569858347067,96.82218007676028,10.435176724772354,107.83740976474674
48.12851639857752,0.6491469302830719,735.8331414071131,5.8244179349916205,91.64436293772138,10.104384486987792,103.11539728056862
51.87256342721422,0.6870447759200067,905.6307247558278,6.375654175934113,82.12174453166823,10.440350802734107,112.61923051804732
49.954942828353886,0.5441788786701182,699.2743125213315,4.244423970257696,75.94530369932221,8.69286061219191,114.75973351435653
52.210853552621344,0.6841594215217413,780.6682545836044,5.332076536590059,68.52264629051344,9.388546753146326,111.2655604328012
46.89876909804552,0.535506258042425,739.8769785849786,5.674940769756848,72.87378866457372,9.649950446257412,103.76243490139453
49.886062295153636,0.6869330088414806,843.498430113409,6.637339606649649,75.45763961157083,9.707706200319612,95.49157973264785
40.329370153367904,0.5475963802137784,702.9557113698343,4.726617399535921,86.99673676214785,9.159392034448922,105.2996411437387
54.55277886689185,0.2690673949254963,860.6902234351633,5.062023433739526,62.51814792597329,10.080877835897141,103.83953851812667
52.29979095300368,0.6742671916078232,702.7158849464108,5.803099273046238,67.94422305883351,10.348552528623516,105.52544641709062
41.612596600873246,0.5115311376872609,878.2646288276363,5.787511499955367,84.44009344794256,8.720771731503378,104.76530486369397
46.04347366464083,0.6176375179681493,874.6241740969334,5.909087084936401,86.21835517029282,8.957116017242816,107.70237957613912
43.81070338139541,0.6047919583997876,755.9638204403835,4.995448270500031,89.52619278383199,8.670090841663598,107.9155572742935
46.55787846126729,0.5958718201434196,729.8222235305188,6.410334015928619,80.68771908154318,7.954963178718636,95.41259361634975
56.4511287533039,0.4498707857671437,790.6524367374409,6.857758907301521,85.9218272551594,7.924576622482397,101.9267260137633
54.55528683597606,0.4717792099301098,869.9661544083931,7.095190367457145,66.07441274381262,9.590599434619346,109.46914200470125
37.832233605866904,0.7077876424642063,802.3250884359849,6.806782898491007,76.79438889603999,11.471934453097472,112.41350913058115
50.42440568667399,0.6915017317420779,812.340972418091,5.111335692472417,62.921205250032976,8.116572439634254,103.08478178130079
43.746696887170096,0.6086248185955432,720.7438513116809,5.563028437030915,81.77109714268434,9.63061063935207,97.89903108567565
46.076402309705635,0.7238459227402212,817.100174918759,5.48856423318204,72.8743252672476,8.826058913555674,96.18766018889525
53.52896801546179,0.6716681533868868,742.5855261076143,4.330915624551204,71.61825429048514,10.12552232952208,103.1502492806537
50.715016872713456,0.6484277745462821,795.0662688672837,5.775208598588244,87.84205152405103,9.154092350784921,111.57970933280765
50.98046346456082,0.6614630778191419,819.4100568994083,5.330443639878303,92.59229429413055,7.8249062595746945,97.68808151741806
49.05935645762079,0.7924110058521404,712.5367087492024,5.349742290100919,79.50749698806281,8.571448781451583,99.50945415250915
59.3977750625322,0.6509969707333872,849.4981104170855,5.711209520461408,76.32085047239036,10.128987834837863,104.73718538581628
48.93536229774815,0.7031906814502812,784.002004712955,5.815969488603976,88.81244745860073,8.952097696895914,116.21147156145831
50.34379476111287,0.8211111201087108,706.6161967464953,4.606061591699591,77.83632241947957,10.824227687867651,108.91208488679989
38.54785812758156,0.6430488305337942,728.1752060881344,7.332779727342737,71.84801341044204,10.902533937363375,100.63567384349376
43.13399933038953,0.6699432110481313,751.0359965939465,5.4018328519094485,78.27618463368971,9.555266458115224,103.28356837859107
48.95771307557282,0.6522490446520972,841.7480617754792,5.54811270588684,71.93521060480776,9.01360309013893,99.69976902323191
48.92063692992039,0.5923759032367818,867.4128591276511,5.930961459281983,67.87725605086115,8.02015426586245,110.3267745907336
49.930235723932185,0.8294280279688433,706.2645536260497,4.948022607946902,73.61716544019629,8.413959720629837,101.04225450071743
48.59923807590383,0.7637568851016466,764.9730737487549,7.429560090742166,74.58226227353022,11.483712107826026,100.95724701007734
46.29944493588065,0.7295969285105839,664.5757100084793,5.818335251938508,70.1184257419442,8.019533496128137,110.52372209821681
48.75652768828397,0.576626071310573,617.6460375724223,5.600064887163084,77.94238326799234,10.138031297350015,107.00126617410386
45.482479152403315,0.623731728962015,788.0442467251735,6.123940290859809,64.90247614741074,10.271917144039502,105.96529833648786
49.941317992274136,0.6046243789855159,822.3322951205525,6.36340149378336,83.98921466435749,10.310931516375067,97.11992774539783
45.94412669707939,0.6661369224293834,714.620883708663,5.098569076276146,69.53711834773361,10.31926366882264,104.7431116002466
44.49302144267163,0.6916274159590775,862.8271445335336,5.204549760871201,81.11675322382357,9.647069275500039,105.50795953545457
41.739783501562286,0.8191404065673492,678.4458516554105,6.750483258288115,81.67834084475531,9.387300886808275,104.69895161596396
54.113138213739774,0.8367308632325339,788.265972227567,6.166628534882368,83.76727750394176,9.744004338045757,114.88557579280797
37.324624763183195,0.7257552095127942,788.9350406638691,5.904350694089118,89.1739981351814,8.748691631259264,105.6544299320435
47.358247195673954,0.6793832436215967,814.1830407914103,6.2046704448407395,78.38095678664585,9.492026071033205,99.37769532771733
43.08063298540513,0.7123433232354524,636.4169174658502,5.919749162325604,65.47205824003379,8.423807304769882,105.63020983288035
45.00862389424115,0.6438324356016748,762.2862299100796,6.99821521717908,81.95455773478184,9.36139779906165,109.79866134468367
49.896813588234714,0.6068823095913736,790.3245565979414,6.700223508106774,85.16540867774067,11.220285538414606,101.96912486493694
43.67192106264232,0.7236559711297175,831.3051707745167,6.064149622269935,67.06554198687596,9.450263199239142,100.00755686919723
43.95687326230726,0.6473497726362781,724.0951205420183,5.691503781442988,80.85098460625773,8.456615956679318,102.11494125255243
46.245218473881636,0.557286331690301,825.0215660826357,4.382887873204056,79.16713213711844,9.830749337229614,115.73515521994307
46.099826154241235,0.5553771374762145,773.5684534459257,5.805367498903283,83.61130881571616,9.011700184570639,103.42569955535382
51.07486652241312,0.5705534296908734,873.1040250215988,5.695385604126934,79.40916649574599,8.126117009253134,109.64673391023318
46.37992257668488,0.7556287604253427,823.749349881216,6.0866052097906165,85.32982192617644,9.533231797731881,99.15908404019035
42.94342245347255,0.7290813333807494,894.927901971818,5.57295724939627,80.02388079371356,9.725939293453724,99.49565730043632
38.476671405679284,0.464205286940933,770.8713297517515,5.545023397202556,80.0977382968546,10.017818133738468,107.12802008911171
49.68129715314915,0.6700622656378957,774.7314701650616,5.95584440652299,84.84358515889593,8.877929910076986,98.86271087037004
48.777531060534336,0.5250573551077372,858.3066401720018,5.186197529028023,75.37367119923957,9.135012019474669,106.34801195358926
53.58077599032253,0.6145752239830964,863.4274515075779,4.901461692637389,75.97127593730946,9.687516261231615,98.43042343826428
46.44008985089143,0.6524046759523401,664.7008606819231,5.740493143011296,69.28991627715364,9.789533552314088,114.91180036706768
46.4280416969492,1.025078014706889,712.8876620329862,5.773124542816837,90.79282516856796,9.616936526148876,105.43806171579467
45.83865727668313,0.7291360642135714,759.5324264567328,5.7131364121979615,56.05891109148476,10.382077608466222,98.66815336904864
45.70543317426035,0.7622204319539614,711.6374089244563,5.312015461122477,68.40069786373033,9.153385535413879,100.35127326966915
54.93405320087169,0.638463532098682,937.6863417053406,6.228153906274944,59.54943805135548,9.348590763641417,101.76377055196795
46.600261028673174,0.6830288801337802,682.3056459108758,5.9314307659889955,67.21313931672985,9.532966376727645,113.23842597286362
41.17507397117631,0.6126890161423463,684.2416625175903,5.217434601558228,96.3524933660886,9.92173396159954,110.24279547316492
51.284652874821404,0.5903165232482545,816.5601355414201,5.9087629064503755,80.51130770817937,9.26724839192941,113.16503672636841
32.47384386681685,0.8871261428853937,775.1773189602698,6.088570791291795,67.4255912730659,9.35766713639558,100.52223606285563
43.22894782694013,0.4677112054032375,911.6355381552333,5.172611153987695,67.91243509773459,9.933193501559284,104.38811778800857
46.04165431731851,0.6353872902013249,958.7467600960651,5.058287096920316,74.23177368827527,10.322301526859787,103.21441187076773
54.161376936351,0.6957998636167868,869.4109142299859,5.854132814341603,90.6878845070381,8.323863409523032,107.22750756460567
51.02938778251527,0.4364819479459182,765.0411613940246,6.574141253135528,89.78537133705214,12.436014697966648,105.78950785136131
39.407578752730785,0.5289736512376743,791.1704143984281,5.796752151184642,86.29616498955768,9.189743820169868,106.55212088145618
57.32721763762153,0.6354478641163479,724.5426513970027,6.029602315499568,82.47664677235495,9.365370518552117,99.87622623899595
45.00818528275481,0.5764061113220247,739.3819351773525,6.1668649318917454,69.18170767720126,9.929565644204564,102.45566396417921
55.17133168502563,0.8250676471422831,816.668910137772,6.21631870035095,70.66811322326808,8.996239341015476,103.15887121937372
47.48385027498213,0.5310980857482324,843.3116330616822,5.854779686822179,80.40174799439589,8.75280308450226,106.32464281446806
55.773006387865934,0.7704738030129993,820.7517947693814,5.582455452400475,90.75889868457622,7.193783293733681,109.53660243488483
48.77285734136012,0.5699304451083009,764.2011994173473,6.084962697741702,66.58610874189402,8.543095971690288,97.37433523739458
59.54381787820148,0.8363661542507681,789.4261366394095,5.4608017796811374,97.16732749438219,9.163424992449526,102.45662300551363
42.726579240467046,0.8912085285130646,950.9640955754946,5.8283413310592955,82.65163702544557,8.446460030933943,96.56566323492402
48.26155789348286,0.7259457078751095,730.315042614972,5.2932109724593746,62.09899021254639,9.062784736903003,99.39822348001456
54.839885905311625,0.5514275729393724,785.889112865923,6.109801975536557,81.68489014878728,9.113670220408764,102.51394644778331
54.06765974341718,0.7589383121444194,829.3228132209119,6.550964548156274,78.2835871408432,9.386815328136342,103.52009187143467
47.13775153888854,0.6160163867156259,768.6050378544539,4.883776996376898,78.79228648492665,9.813643449771163,106.86779300656704
51.2085371199559,0.5343370031714949,695.5264808641716,5.074675469958622,79.06225875865067,9.575061118503088,107.9398992700917
46.14147107347762,0.8794442305583069,686.2386511781378,6.234401578606565,75.94716690264177,9.610830298238465,101.78742725663176
45.52836860934584,0.5643708614895587,740.2068942049881,6.504400399981052,74.1981413759865,10.156142343407152,101.51032416686557
46.107026678494904,0.7650290856427767,736.0894364167913,6.49063464178253,70.32845342945888,8.887300065619,104.92764076013232
46.925324751548104,0.6215883601773146,801.2522500287789,6.366396023877111,91.5252485171034,9.33064011059807,105.77669290969338
42.68976574997024,0.6198817298759183,663.8152804957766,6.660647859597723,60.22154580649992,9.04045357649423,114.97759049409916
49.41109097977582,0.623188289555118,932.6642327250936,5.971803898298982,72.65788123104889,7.043476078198258,101.34677769950167
50.48620000670495,0.5712446105694794,749.1970704993472,6.512746487106208,71.36844432070204,9.314183873069831,114.24476185060949
42.418267455108335,0.771494416899218,634.9065166317379,5.379094882532572,79.12340743460601,9.273340254805833,116.92337029625043
52.6356865483511,0.7554323787315602,766.2602445163934,4.9388529910129435,75.64701259110697,9.602833025615547,103.89827032822198
43.81893287088938,0.7824537697127562,730.3030935134583,5.455692745121484,66.34221709870093,8.473482223944997,105.35727855900495
38.51822538933329,0.6397521049716339,811.9973943428953,6.354569230859719,85.12918609095884,9.33729030154967,108.58086987337661
45.32329460329088,0.6048475966053353,755.496330730154,6.186734603662523,77.74025507934094,8.923269850645658,108.57170998394432
40.86953898137538,0.6587120592977052,872.5003722318095,4.6837745778282995,76.95328130594639,10.110002918678074,108.71264178854061
39.43476612869499,0.7563379730133402,808.3869842226254,5.891684015807377,87.6339224169172,10.450552785190546,113.02291729260475
43.74688224468481,0.3652310369277945,874.0878610654404,4.606822676446915,79.7710333939538,9.447450495533209,104.40296656109815
59.05461286894073,0.8682820843586363,730.7012635153899,5.095971056081443,87.53576992080369,9.353554388544412,106.01490529759397
45.68725521354379,0.7275084678952249,886.8354864884766,6.239619976547779,79.91612067297733,9.961754537640815,104.44053578850664
43.72168946921555,0.6958796514802069,783.0516312379923,5.529081552409375,76.80539543674877,8.712799817123946,102.32698597355704
53.55854403611221,0.6438597646457569,824.9794322595897,7.0286418773261845,85.31546969465741,8.482356230940582,106.14021029467361
47.07600329741097,0.6731926231466603,710.0710387760182,5.784126221236985,85.09957925091784,9.317830778384565,109.85285427137651
42.91595221766069,0.6252367322477953,914.8498791997804,6.017978150750156,68.21857231035406,9.7372775927692,97.85061724578168
51.12966384090326,0.6019992203570328,807.0321906019467,5.179584089587397,76.15506348301349,8.81291942983676,97.5025304366572
48.78045661373482,0.7029792492089079,852.7070342706141,5.9491142741380525,80.07224924945602,7.650094796972732,96.43386503227607
48.014516018891484,0.6806214055696712,896.436900001069,5.357407291103587,88.23500904989118,8.676571065654784,100.70117815261437
42.7788513651673,0.67552169880983,662.6718643479815,6.220345285655246,80.13280637408529,9.69269576691921,110.20163895440707
54.98143921987421,0.7278757186531104,705.2438197852996,5.956592467787872,69.88144529871043,8.987972266400469,95.24265315606382
52.651650255912344,0.6574528393230114,814.9514632912656,5.336803548422049,89.22201579536423,10.591421375898948,100.53994624316165
46.5098105723144,0.7195257965858082,730.7891038887544,5.406705089624215,69.74423196443415,9.28524649950001,103.08078566215883
42.36028290462713,0.7087187419966691,847.1997708452457,5.891051027554057,68.04091600183791,10.463758995493079,103.89593791075872
59.01451320409721,0.4326060749647354,847.6745264666208,4.989806057914644,81.5015798207251,9.403114394177791,96.89402149229828
39.262080721219675,0.5684416512813351,713.3055371229964,5.0145808969634835,60.8524444624046,10.175554057859031,108.26630962519566
47.224974990668045,0.5449713356977703,725.7135688725716,5.029567884569853,63.77715287398608,9.861842782517979,107.78131465850322
43.16257672533327,0.6153879810942674,776.5600339293758,5.061144427897497,83.1208148214192,11.083679087036527,107.85259654963951
51.50161756611988,0.7714995470777087,813.4598485167796,5.242622671451062,79.79317579446645,10.185927786932135,109.52006636317296
42.36309689635662,0.4941147920849165,702.9955106472665,5.1987085885281195,83.5812000309311,8.96335089957341,101.2318256556062
52.593129177670036,0.6733267833755133,966.3904952746316,5.032539166056798,72.4548716951308,9.55402902526802,106.40004771513928
50.4228490206828,0.5446666714915035,815.8636273737324,6.312617578574418,82.87407502799248,9.069872800508266,113.43863686944911
45.25003641609951,0.5464369343504668,732.8390570946234,6.670079306143579,75.37042384041777,8.596579554362682,98.97984784147903
40.712661378030624,0.5440128575760572,994.492515223294,6.202546705190854,89.4315813635754,9.956818874359815,99.43327736264436
45.96244430216188,0.4814431653862833,891.6449141633973,4.308252194150963,68.51567740964994,10.699208175424104,96.9721589423061
52.631555311185814,0.7096856884702837,841.3150369923668,5.381010580395483,84.98345840681274,9.33783564443595,107.74725391082968
43.4737033845167,0.5573808585134061,796.2035039640019,6.278299571635037,83.02081593150464,8.522948472874962,106.29168169210881
50.08541242892677,0.7206960412453525,835.3422953058823,5.474842881620878,63.42590038313727,10.628474767723738,107.63771508822776
45.85774560419121,0.5327034751851577,853.6618410192705,5.401600183239694,83.84282018231242,10.81028809668273,98.30513008220981
45.59545753008217,0.6515308540934609,805.0149250084169,6.395509736731608,73.07013307043724,9.057146821105801,97.59525080964511
52.64343158485995,0.6651948338292425,881.3960522374629,5.943536110409018,89.29410107002748,9.183507546038916,103.14652557230313
36.08807763547789,0.6957156155534401,669.7040177112176,5.5292237370125745,77.80734406632973,9.192813043377424,104.85666455941733
43.43742469601971,0.6651854197923276,785.3448737362371,5.007081936017227,85.06127666617982,10.49071494065473,103.6320266783188
52.31958688266853,0.9295336152518939,736.0421487182549,5.414007202621555,77.93770533715028,8.76588618937844,99.70408027087991
45.67590657353216,0.5011764723684874,719.8875185090658,5.9107026518719055,72.181235459089,9.663237406984566,101.41213842210477
38.51146682943779,0.7737520626043171,775.0554792756018,5.441927758401644,82.50936339304738,10.107391584852287,112.28685111758725
45.92350639963535,0.4037799278585493,676.9127919040689,6.986292578425047,97.3439491228648,10.399809566621299,105.00756459423613
44.67153833429839,0.8568505850693948,788.642278739503,5.785409796810946,72.78694786340085,10.108649208933347,111.94594536289848
53.162293327467076,0.6759472321631484,868.319997056616,6.133879829262363,82.63396942671127,11.121303011617016,106.17209479007349
58.922028962578175,0.612519733254151,671.2609962845617,5.530383029275863,80.98434858640026,9.51182460233198,113.92985811274562
41.04229593773265,0.6347033279519256,887.034994319519,7.350359254452915,81.35494770978623,10.076967757608632,105.07420170314656
43.67802537395124,0.8124234257282678,713.5344332352715,5.152386037248874,83.54181596058083,8.333047636507187,99.20055508014418
43.16851176376757,0.6980683128969943,670.0741377235047,6.631473369421634,92.99461248985594,10.8735684159448,96.98107640266937
50.42058737139929,0.43828376192402496,761.234300641823,5.193642901771057,85.96208679185318,10.330978482223241,108.13973672629389
45.40765960326486,0.559264508248249,933.06797697098,6.0269958805015875,70.57685890738891,9.34067394061009,103.50798787850434
50.0275269995892,0.6142486262661162,700.8358212669741,4.218460017430269,90.20426526572265,10.703932751580375,107.66583007710862
52.61300878346894,0.7745005877956981,664.3584176899683,6.010477948987975,86.9237916445931,10.309985828566303,103.42073125812298
48.883422362872274,0.627471612480671,713.9112280610062,5.871928807439815,74.16009884886556,9.68711530675315,103.91610023863183
47.7395367725777,0.5292835405547601,865.8350512102731,4.453335415981492,75.69484930850247,8.790477097655678,111.92330095587891
53.436475818188754,0.7603218239001373,664.330966102226,6.2931946488646044,90.20579278603792,10.888666817224902,106.14319098481137
45.277735909764694,0.6730638027979845,865.0117491858923,5.747845685282936,71.5894580724821,9.58423249505552,107.7875503724602
53.75139886063934,0.83028613610803,754.5020826169941,5.193452633651294,84.34791073267598,10.241911592656395,105.22189630697864
47.51606754923432,0.5158818838320727,797.3597925950498,5.760119269197915,80.38187783114059,9.615396632470938,107.122635298801
44.85976337802613,0.7450346445682539,715.77189152182,7.172698413325971,84.7593818902056,9.643955369217698,104.4664599953025
54.3704607604365,0.6618026408895696,698.4839522662935,5.761269864906626,76.1028242749163,10.385754911465638,106.52811602066579
45.54035140693069,0.5554223296536327,679.5784803919071,5.321837972139402,67.78523462046022,9.45844820802481,113.67226063338512
42.130167437775505,0.6083814402727247,783.4271329883023,6.898090717776329,78.07683633725235,10.2161373742043,104.39539384199793
49.85869340264503,0.6310454878611401,756.7139897038844,5.00994867511632,78.85944861145613,9.729348274672722,104.69148368375808
46.03118990053066,0.6297596981603373,768.1184329643373,6.032981742294553,69.31218253609143,9.2535163148089,95.65438315019658
47.051182407474656,0.7390005873153704,732.2484576506439,5.479085245459256,76.20141508412338,9.856784720289111,102.30201134897905
42.59648126457404,0.6750013975925813,719.3792743518902,6.1847244968478945,90.69661768571139,9.879137812831587,114.13348512215906
48.424328349036195,0.6920069747261626,751.0273410861738,5.7386442179606645,88.86089984422163,8.418852257127764,104.61318551695113
47.629104569561086,0.43839085835332425,896.2382546764985,5.897852951156822,84.81594149360976,10.447677925858745,102.76196197386912
44.543462564405196,0.6005915099214433,758.2622890511785,6.119019848806509,80.30770462228676,9.77091794014952,101.87387625315479
45.765931185280124,0.6518336993837914,909.9822228196953,6.454472858266164,76.007783981511,9.450624302574886,96.74367308200027
49.85998480568336,0.7491723104940328,816.3144932158364,5.486992537957807,81.13151331494107,10.699830157542618,106.83087088081841
41.05747105056795,0.5845931483562309,800.7306956513739,5.2284509466435125,60.3816688019609,9.723761895666186,103.22488526517854
46.86923062745199,0.5099852906791663,744.5023617130014,5.523261970645013,74.56643757498865,8.655640061223709,104.41340158636325
49.279707639078936,0.807209686997497,659.0010409292738,4.587792809678164,72.81711544028528,10.373676312206278,99.24234395312126
47.61444248624548,0.5840427997232098,786.7366903583476,4.0695135396940545,73.06701960878424,8.430228868663715,97.15940899908351
51.64220362920583,0.7273201116973458,743.5337891703682,6.318712678279153,81.15002784174546,10.400698344537204,108.85951065791491
46.90667114706216,0.6725152563817968,770.0202658519268,5.424773690267705,85.1604328011914,9.161237904188239,103.41691810141062
55.02912313946638,0.9160230831881779,821.2529372229153,4.772188294297502,55.6492165697918,9.085812854524388,108.03709903452
50.68006255264277,0.7217281288469979,811.906315796999,6.961180090250707,66.52113154516769,9.911326381671014,99.48625021234815
44.1490228854416,0.6710488981903311,920.464376365444,6.051911165765258,82.64614561290429,10.172692392413792,99.84454435164913
49.88516478980033,0.6516365498597716,690.0310092852599,6.034280785414739,86.52709294452238,10.406071024478361,111.82981809086895
40.46731005333733,0.6797682264656646,759.4610792608343,5.371010230202746,66.99957546400903,9.893697766682052,104.48486440425904
48.79150638074257,0.6144937913763633,651.1513680197037,5.073126992183789,70.42814258621362,8.66197032776178,104.42820642756907
44.808052317806215,0.611086861289748,755.6139107053946,5.393762138813083,80.51881452484821,8.440996128745065,102.28077122560079
42.545226880677205,0.6434435379991352,770.6387008189284,5.588610532468223,71.15446869336678,9.575219770979329,104.31529610231019
50.16989407160676,0.5470326792039477,775.1574861403151,6.27998064883705,60.53658785221283,10.074265552459826,110.03873071015182
51.89279253166154,0.5322264270281701,744.3698318018871,5.3645082106058,78.60170617747487,9.042324545223083,106.80298274636006
40.19927638871678,0.7255768301713972,645.5114440784014,5.736078182562856,79.5445161565449,9.71397896434529,92.58278845065112
54.98460566922957,0.672475288072228,750.2596251301934,6.410143295885945,70.27337105200353,9.431189088318886,101.03789764615102
41.99193147256899,0.8589740618921162,788.18580054404,5.806297345656541,75.5844431743113,9.891715728507512,113.8475339580393
55.01184955801463,0.5983340210053916,693.8111918362227,6.5875671298757394,68.1060923694468,10.683506156781853,106.77887210046372
47.74317869713804,0.8289069094184736,694.2541602456279,6.352532866043631,76.10981368351486,10.270233407612963,109.14202977306633
45.75389187597131,0.6720812450172735,906.5638097327779,5.441101398204085,74.51540226332338,8.77708291111466,103.15528362172886
39.85096639385511,0.5792901903711531,703.8220828632169,6.467683315923823,80.18393585670339,9.298930916486057,100.89323113825473
40.88956128474849,0.5286131349718277,807.8880168405349,5.555864035629675,80.41502121059308,9.91171667254443,103.27898884161391
47.46953711330193,0.5014411192055631,778.0674496281925,5.243119008730826,82.7540986942718,10.42432685349114,108.43136869524903
44.93755889582015,0.7866458240015162,798.2042246905692,5.992970210018978,69.97617263004034,9.619055569395558,98.54266557846805
57.65302838392136,0.6790089219421562,992.8884706229501,5.718132343347084,62.605546247910695,9.026984755162829,111.12704531099308
46.146473265381296,0.579864197312234,761.391193765691,4.652689836105103,78.27212230910983,10.220015618016284,107.84286318310866
35.762809450038105,0.5776469578176366,656.4973003455685,5.278454678055775,91.58895651403776,9.097128376365768,106.3378793520957
52.7252331774757,0.6795708944999274,753.9677127250147,6.719287372575332,77.78522076634464,10.143662794391489,98.94155600821098
53.992634078382835,0.6093389411293392,865.8060232923096,5.757645899538989,87.90710133304599,9.136188446357478,106.51259902378884
48.75215964499595,0.6569748665283044,736.5868035863975,5.803705795983654,76.46534347471942,8.272194408755407,101.17673005766795
48.60959065525423,0.7822999531886243,775.8465037277914,6.190203064808904,80.08944314022189,9.795114379908094,112.87812191520253
49.43758105135107,0.6579156306635944,817.6966349473186,5.668950457790896,73.21620456323876,10.086309527166005,108.62885146107071
44.734938579151766,0.6986836221865086,668.3668726739213,4.701315788685823,65.44711580587148,10.375243117831024,105.80365096279955
43.59254518377064,0.4712383670726026,671.1513049475261,5.20960278255715,69.56416391088587,10.066301012854256,108.4009560262781
46.19867754140349,0.6838565316449084,620.8733834461719,5.907904560467484,63.932093196682025,9.25939652785421,107.37679855196696
46.54917369200703,0.7456526965155805,858.7331261274873,5.379278554507409,73.51931820131955,9.432490963057807,100.47309244955369
52.16106947788023,0.7375420552228313,623.3302876876326,5.939557860906591,77.92198703512773,9.189595300819736,101.19968165957161
35.828092137912776,0.6640956923023841,692.3953230419424,5.336195419521202,91.02326737549292,10.442038319258192,104.90206788334767
54.7305615134837,0.6152194240074985,801.0294307223841,7.114808040326564,71.20170638157009,9.368258887489421,96.41169660535097
47.52631407242002,0.7700853704627114,696.4894851232684,6.9066472721794945,70.62352333879909,8.73852865803254,111.0135153595439
53.62420660517422,0.471361940039871,773.9853251211387,5.744882421306981,59.76717034360577,9.917883858159907,111.61402214548986
54.603983377032684,0.5640765825496852,634.4788878100571,4.563526680362667,76.25695764796704,8.71624510412925,107.42651684945034
50.24527881234527,0.8463527484612209,804.0575261703674,4.754647147374246,79.40894924625037,8.598255062368406,108.5928483321612
44.34060115601502,0.8355502699560503,808.6629568223179,5.709699431650077,75.15005885406816,9.760890511118237,100.35696897534312
50.50018016219615,0.7387020680496021,825.2002013682536,4.9335512210086385,69.34490978416105,10.441709351947555,103.50160346204501
40.92423945969516,0.5930558139967599,782.2473358721381,4.836150847398391,84.71715383625342,8.652142544544494,112.21470778498855
48.276863104540894,0.5601134618401395,700.9702303831687,6.657026157206503,71.88756682859395,9.712201005742322,105.2831152137249
44.511407751502325,0.5041647123111492,702.5132075668083,4.427709696398744,89.67080511070569,9.381814853279515,104.86619713102967
52.35798411713821,0.7108612956869392,876.8996597896457,5.304497615335912,73.04211641680816,10.889656223532178,109.57916737666672
52.6055934193633,0.628366800460425,598.6893575336976,5.683749232544789,65.05638525883944,9.9362049975349,106.50787295954368
50.4626124700073,0.5969993060177254,730.5011446757248,5.119654276764956,65.36305625619583,9.550816412855974,99.646865069553
47.711782049087184,0.6851150723079513,828.1429502049732,7.04572545423555,61.31382583003176,8.670129676965002,110.94518237887668
47.981466883177696,0.5930978773968621,683.7219857749567,6.1083919100282635,58.37145101347547,9.915168318205367,104.51686112848544
49.95988615615334,0.8078111433239543,606.7585647809775,4.443798236202612,55.96071814403031,8.35527382898135,112.79406559933055
38.62338001140907,0.5902542807295419,742.3176538897517,5.907324577582867,68.57948779956514,9.478072981695796,110.33369533525813
41.5970898810461,0.6373766593777037,772.7060571060371,5.022491033437447,67.95592407188819,9.353338211394185,102.88761532269328
47.264978380928405,0.7691181744378587,921.7948079816451,5.551341623379627,74.65507840989012,9.738247084089087,116.49883569729403
50.885396897161556,0.9340723665787811,708.1358246169008,5.125019366545743,56.22260804376505,8.728491833278932,106.12310029888698
52.11266654972369,0.5554943763955822,641.9838091297877,4.96230528569256,81.25902580663946,8.395977958375628,104.92610645488908
47.33115292213839,0.6579113646586321,766.6488751392474,6.60933348051087,74.88674307439334,8.114408003992908,101.77303972052678
45.046567762422235,0.7907382167447753,790.7268189686457,6.2044600615957215,79.96563896881763,8.874841343553484,101.06823176978264
47.924859139886216,0.6740039043754906,803.2568484793273,7.026111356780393,74.47910941906,8.686256071854627,100.98700910083748
42.65045566628869,0.5388683619194705,829.9370424826354,5.7769635963664845,73.6321043406192,8.743269295124795,105.44374261562264
52.50873139288283,0.7301166387853466,723.0783051418086,5.418395607320976,82.60897415262772,9.246053971892481,95.6820605639292
55.782103209149064,0.7971423855974377,754.2856718200744,6.416852862169651,81.24557327074443,9.362889609633122,111.45222614599595
49.05887529383328,0.6076721283386453,848.6652872001664,4.573253166137653,80.800643706487,10.181635473324523,103.7337335877026
51.13133395916492,0.6474046401388467,690.6423604450458,5.900449069286098,71.18232866710366,8.83424342987531,114.45317971545641
49.98829599439117,0.5766239284697966,721.752157313024,6.043456325737814,75.82543068598076,8.948250484201525,112.02724993893472
48.83158602864018,0.417941902110151,778.4738270820384,7.602846867280863,74.55288440735656,9.462919830889334,101.55610815360595
51.88999325926864,0.5648138029731242,690.1292774903056,5.397456947560952,75.48497337791312,8.869793293658804,100.73483166373367
51.90309843646944,0.4785050239818689,864.3565218996054,4.631472244871384,78.44001544044276,9.532579727447628,103.85189567447537
50.77814139486466,0.5670282070431184,802.0452482500576,6.223572380898651,80.29153659589211,8.90095778165341,97.92907092062589
52.16638982398748,0.6611300712861573,777.4653723853392,6.2773365952654965,63.08714596441124,10.145544224008106,108.15467963729235
47.84666156560449,0.6292853450188385,753.0761089598046,5.897666627324073,76.2910324170868,9.522885970142847,106.251545550692
45.16998870214914,0.5700285876106175,837.7235152720283,6.563813126179043,83.36542036649725,8.880780119489595,106.83362795843844
37.79259468888248,0.5458962627493753,635.5945646881883,6.452915386036887,78.3500844437447,9.021067724924311,109.92193747385566
45.833374744464656,0.7216259560779426,712.4805507839437,5.027295789904279,72.02679358296912,8.838159257798306,93.62153656930752
46.54692168680489,0.6580544881258066,790.9191764447337,4.663460174956857,69.521433233292,9.338957079536472,102.98373607223122
48.82015039078996,0.46450133921662173,692.0648263193634,5.325576424148378,86.56514366160411,9.644221185458285,109.79464717601532
51.71662965708816,0.6734031422515366,732.0827224363732,5.640394770566348,73.39441402336757,10.169048313535837,102.7846639497334
51.85984810385126,0.8021086888144373,705.3908794498857,6.795635649516974,94.65545398940999,10.283633053118992,113.84469100047552
41.39327383918023,0.751839042010815,763.6989636952705,5.8994552051275,62.80874708272765,9.45961095855091,119.70147936589575
48.01249351463355,0.7244721240049701,735.4269079116366,5.344202661094498,92.6080485207074,9.428516093393803,104.02238349492019
49.05080629862327,0.6109919849351939,944.7956109543518,5.69016413357224,80.11786572204531,11.430101720664755,91.7091860086429
46.68861021712023,0.6673133169047898,793.0143189432413,6.083828963590702,96.35704881120158,9.405725272115909,107.70837552070424
40.81794703124331,0.6425948663893666,804.3447342245831,5.022866153505747,66.88910550766445,10.047075747498802,108.98152128865483
47.65532405131944,0.7113644956483105,737.6490822705413,5.988273994393686,75.8510152796254,9.98690013678305,109.2825781028124
52.38542344994199,0.7698729710497165,789.281864689819,4.814478508255229,68.2126591816488,8.524762813056487,102.91092899490374
50.74571103579949,0.4045955941040678,763.092748875163,4.301211454957174,69.52153535280365,9.320638607037585,99.97288568701826
41.6539940586417,0.6664921860386229,846.4534011231547,5.974172046347881,64.77536810146137,8.563860256405547,107.79829626290635
58.286280882112735,0.638715850622432,741.3892772012275,6.426853256446424,89.3585445890901,8.407288414442048,97.77238750366432
45.51082592430705,0.488446769178907,778.6587850565494,4.683368875664165,86.46684128592537,9.931598812632501,107.11655867468828
49.52589653133565,0.8404270908883965,763.5788676105786,4.7850321057490035,89.92913713475984,9.974851867211239,107.99668485591961
50.07165061886037,0.67996407642154,632.8328684692206,7.2167721569826195,65.09836575639297,10.153113822062968,103.75173636583986
50.53960380536835,0.6580771660571273,813.1467962942535,5.900977269151705,57.16439105966212,9.847485611328498,100.94833968802793
50.18834942528921,0.5194154616482873,861.8066619581081,6.441789414259549,74.25778964504912,8.7775860575418,108.6080822458093
51.1907656586785,0.6942446519210272,810.6409230560677,6.16898377077011,77.37486323692262,9.813845234586577,98.10394996356015
50.29734267856278,0.6673781206597856,708.4353907594136,6.942095365005459,78.71439113928275,9.475290950856364,109.60179246960482
57.60679175473692,0.6826579500591902,884.7213603913821,5.5539545301586095,63.34302889558827,9.619045927741379,112.03940160647471
47.08640868110793,0.3964476194430947,831.2146069013078,4.392785033189506,72.9782537465605,9.271200075437552,109.46765969277645
50.874058085095434,0.6637117571593835,787.1232126753458,6.043789149917753,77.51648579488317,9.06162674436059,102.10907250642032
48.93917682303717,0.7008478092635532,879.2607224678653,6.143782181172315,92.27757577193194,8.211151572861386,107.00769982916977
44.206899125313946,0.49492340515072797,881.7502303661524,5.743720569920697,59.89691315191902,9.422335116085193,109.05921988334488
41.53466898125288,0.4903641146452594,561.6211438854307,6.745435116090398,83.87032879995179,10.248097545347894,102.79339336916323
56.94610898007396,0.571406312617988,873.028055229118,4.437988166995174,85.77795259332929,10.198168924393938,107.27228001105067
47.21501589321895,0.7026249518184993,942.8707802448935,5.397315765289103,65.40873767018029,10.199741098879844,112.19570408925672
46.44676253898785,0.6109571357570315,699.5695717849661,5.677157809147389,80.18611680316165,10.698106606287027,104.71430780382697
48.862601185250995,0.645731132406038,687.2106904578268,6.3763527243415234,61.44216673435345,8.293010298411719,110.06477882283227
41.62100612332337,0.5296757364189,801.2905933401205,7.174761479296815,81.09204016090149,8.681603197291539,108.08906595483293
56.10422074770487,0.7169078694730604,783.108509375472,5.1453537252063155,62.192862843587925,9.305592840124335,97.43166287896214
48.433097290315715,0.7422604742137452,769.5701084758792,5.441876060718819,71.4392728759849,9.466838660817913,104.59206278203315
44.28640008509391,0.6203207301213025,808.8203204385022,5.5416213076091445,86.86913179032791,10.065867539263678,102.00851206698461
45.194128858766504,0.8034031937690886,703.7734354057077,5.582680914257641,66.01424363001294,9.489469657634201,108.02709705622578
50.71647666465008,0.6008810319095852,648.2336818813344,4.880813403059513,70.4175482298064,10.046579907688548,100.11170663986545
56.14327713167112,0.5554862996088679,881.2127265324708,4.8171157301013,79.66224380337188,9.65300544234568,99.34535445025332
48.817395110400696,0.7902023145806903,821.828049928576,6.575392566836798,84.97412286790825,7.8469488409530355,104.83042028873237
50.72031489015613,0.5087933387342174,658.4458747162932,5.656303733806898,80.22065473482635,8.457431559615156,94.99589326896302
51.6139516305885,0.6782971666933367,819.1196440766819,3.990281733960518,80.79208961733116,8.692957666732157,105.74144310931395
53.16642570371669,0.5624625424754194,878.9588233710169,6.335195385118185,83.98256738174938,10.038436187337798,104.05361047209458
47.040915376378955,0.7577347056608046,911.0208966669677,6.453460736936817,85.62233604079097,8.620775963255369,104.29685934008712
44.83407524748075,0.7668061586779199,649.0278675347602,6.324019140868145,91.21969012186969,9.360425190124609,107.32266594769303
41.38759939829154,0.7875807483198157,764.8711063370976,6.4277224042862855,64.71837243787644,9.584206898851361,97.8610873324662
46.68327694892434,0.7531292099694703,745.0399190254672,5.697860126820206,62.678902892886754,8.606791603573726,111.98945719654668
54.00673817070951,0.7349331226091861,687.233453819284,6.032502440746589,75.82741721250841,9.632624309886465,110.84345780405147
48.90619064137537,0.6394736045523062,796.933130721634,6.557243561120303,90.31108780659238,9.517562306825814,104.75456491510026
48.67086534697334,0.7235275874705519,809.5754820141091,6.327522012161043,92.71821285435172,10.57420380004931,103.9660010448416
47.50958725580725,0.48928124505119086,787.1034343699864,5.710599320646868,71.180700292892,9.128768452213953,94.4335614976267
47.64412262926554,0.6420972058340494,798.3764580769705,6.746232161293419,95.83523370615455,11.037388414605514,102.21272562737698
56.72178252233785,0.7644933222053945,849.4377234464423,7.079514373797684,82.06147475830934,9.858581221884558,97.41243693843279
51.41056622917373,0.782950202192028,883.0211933255894,6.226461161180848,86.88140162005419,10.6609012747066,106.5356626693991
48.24114258172479,0.5296031114989578,855.7276587359902,4.646143995349961,66.58078076225718,9.623002303262256,105.15842708536695
56.02868669006921,0.5744319255373523,980.2400227028475,5.212995135898385,85.83561216082646,8.656034100545776,110.23073355972306
51.5914181296929,0.7127484280607663,859.9790694353547,6.281027875926422,85.93587956661001,9.810223903800532,106.46315624394795
49.688017026729725,0.6121229733630018,991.1525099786206,6.345653221692806,77.72639001476418,9.210723415399679,105.37579495196198
40.56965664880285,0.6036029684022011,876.5799314770875,6.625496997637706,79.63022384522081,9.380403835279164,98.02576536569563
45.78636698531025,0.6210445962417429,718.013290145078,5.924949708435274,91.46124841237082,8.440158284909005,102.80633276429275
46.71046209047574,0.6585044539382843,733.1325912767337,6.415723025388851,75.77262867643753,9.7524404650446,106.47645093431474
56.8449580623634,0.6758049875753338,687.9498678784638,5.911422481541472,88.89583861721499,10.383036072658898,96.7757255470611
49.16979977341162,0.5953916570210231,582.7243141793286,4.870596770587206,76.87502132788539,10.527640136124473,109.68935650703466
36.50895156034726,0.7208663394852032,786.4515282861123,4.226116189124399,82.0086753700529,9.55124019545472,99.94485317806615
48.79218229774949,0.6055212375761466,872.9031449054198,6.3077051716324695,82.09129536363541,9.44394082185271,105.32919239498817
42.42294025651225,0.6111918953567059,835.0971336010049,6.235915125944869,84.90795364797032,8.753519271598474,106.27801796447785
51.93119463945912,0.5541134130822432,725.4524081798471,6.36765013730728,69.1503325245697,11.18529406141144,107.22103669174574
50.79251896560212,0.5435984313872446,652.4146607135483,6.070457337720269,68.79673552791824,9.531872242060183,113.01343928573488
45.01635507605647,0.7462661252935513,752.7853539007397,7.585724234984735,77.05159708026305,10.104198931461774,97.62537961340067
57.5620004354423,0.6864494338019173,741.2338589512003,4.009117576940181,65.49120759649307,9.635563379648291,105.47725795944
47.060365315554236,0.7209993003096905,963.5776343795078,4.560470006678278,74.0982028932313,9.455621194448845,107.01982915247756
51.23355618391757,0.6552035384523259,829.7045583031578,4.9262042858312425,94.51262735219882,10.098936436834173,102.93254881402675
49.47675864404116,0.8586518325896176,827.5800908032788,6.76150687621068,83.41339206863324,10.057395850566898,109.37116344972166
46.259678138506516,0.6807756860087872,839.2476373135833,7.985971363214347,72.54458795698562,8.881091610423619,104.73086799169523
42.04704478878254,0.765003855492913,918.4355916482026,5.237351618922641,88.17430190613415,9.798133548586113,98.04171276263851
49.173903717934095,0.5591978611717158,752.4912691620134,5.38961103376748,88.06703553907771,9.943702218218458,94.72553070971783
48.25952977229196,0.8651938372814186,825.2813448618257,5.020823709451482,86.34399310086795,8.670353881073826,108.65607992865225
47.37131322170327,0.795805826895193,853.0448791508127,6.344526088447639,83.80078443192994,9.924283443843734,107.50756809743852
51.84986607176012,0.7966138936132892,850.7457834871344,6.426304894074515,83.42038450759178,10.586608030373332,103.49340377752706
45.9158673150705,0.43999304368773684,664.9502641474506,5.003761170646116,94.33718916457103,10.143392524840701,105.0430978648002
52.03315870616635,0.6393897531040886,871.034725914056,5.922168345115694,72.84430165078116,10.18615791557966,110.23558281502825
42.20066011264099,0.6422315367536979,712.2534356654686,6.261397611272793,85.07920857171368,10.212604865403367,106.20630605324803
46.683953408953265,0.5965070558272776,800.4761225101473,5.283856512415215,59.95686657010407,9.524700291167036,96.00649819440399
49.451780546443715,0.6973958039067217,654.0964031983101,5.993345030675057,78.76028776852095,10.167168926410104,117.94801948383797
47.681349259640584,0.6934074219728872,821.5788526633294,5.504442080228086,86.26948385202529,10.084589507695075,106.5225131040227
50.77158496150873,0.49225677716353006,716.5930323078898,6.292700090606083,86.23050835682223,10.71029748177455,103.35989722034618
51.00997905554705,0.7548196207911713,595.9828996979877,5.224055905650074,83.15634250627404,10.589857367478157,102.87284124806602
47.04451287957109,0.49970697638753203,895.5643920384765,4.453907383380681,76.74984425320235,9.535547444265317,101.88957192653062
44.328332114558755,0.6899117750037351,711.44854967709,6.192803009785363,88.41610362665112,9.383938493800187,100.24921533159636
49.244678331864264,0.7107506771776677,707.3507440511908,5.67437393813881,82.23160626436061,10.085061821464,101.67896133144629
54.27663277818996,0.5131119373684764,802.82146727212,5.553539539920483,80.86355861951455,9.548149757089641,104.56963757710287
49.31630639796678,0.7195886631965728,741.9699269187957,6.30315114480824,71.18504358189787,8.745539994104474,122.22156229058155
49.57699505964117,0.6533499352771458,706.8523752503636,5.478640633595564,81.66899999923066,10.543626766400683,106.84596259199267
49.7200880105546,0.6301940344730456,836.9633280682206,4.905630974234378,89.26388552910844,11.263539046339243,110.94677613353103
52.87065261394075,0.6515108427116368,909.8821799310614,5.3141026424853,107.59882502345512,10.848471097963916,106.79490244198081
50.03573086399347,0.5031152798907463,738.2407220493693,5.40965516354685,94.43052116319394,9.448318039253003,107.96681915600568
45.277201798419796,0.6011104336728095,808.0004740252679,5.791115546723071,75.70636755801489,10.31556404500398,102.92763909465523
43.82615078349377,0.6818435084718373,748.1388223585814,5.378136092060264,80.53335919532074,10.011332736385476,105.13334996682441
61.0575902856456,0.5924807813722497,801.8525042259479,5.727882220548412,74.79522802308118,9.656867069708388,102.88035633816177
41.23062506100284,0.6149441735307263,776.3509841724059,6.012210817448681,78.51422271280424,10.331597419660586,99.19276556574562
50.641284118761746,0.719061697296253,866.2813175913464,5.930311718829582,83.62762445939285,8.711238845283118,103.13684396917819
47.016195963717706,0.5952622321548281,898.1801471594357,5.983967837956207,71.65496602655692,9.79033431290805,102.68608146111885
41.409112367046674,0.5579583605165833,942.6844602876193,5.366731509850718,81.4499595400772,9.914359223184901,102.42981186037328
44.71560285306528,0.688036951934706,743.9584303383608,4.68328958565092,60.11281573148596,9.416455212363752,107.99268176040046
53.18362432834422,0.711803406465745,927.4169319399883,5.45960834343428,80.44388694068256,9.853416220678064,102.85763199556447
54.0748469107328,0.5088016627945026,701.3491242413763,5.287249718388555,70.248353730021,8.808153189804537,103.23986733589405
43.66542325820348,0.6268232922815893,895.3634646936805,4.42753974618607,77.08208123744998,9.089492124799014,109.01039388479225
47.40419578283103,0.6950496937514411,721.2701666234403,4.898914570344773,93.59165446353107,9.394431180357694,95.41870750190914
51.78745177118719,0.8332695073010737,749.168733832909,5.601160988666998,76.20257259018099,9.624265800396241,102.68384960973589
51.207252680529244,0.5401782704630103,722.2914074082993,5.577976865841537,83.65425655060922,9.952045032209208,106.27975728463029
41.66459942645399,0.7007866672999116,888.6826240299866,5.754523900102957,67.88062865003717,8.811039128746998,99.1651275059964
45.677436852225746,0.6977084486597132,830.1838559964955,4.753231555185613,63.12810283850979,8.319443191972756,109.11498866359598
45.20449891965111,0.5503551888522551,855.6183879901913,4.837735413478956,75.31626174725173,8.000246242385616,100.95164793026402
44.59884267233855,0.8218498509434059,785.7380185099511,7.219913333638394,84.0633735227563,8.368525933578585,105.07634833397995
45.53888577703802,0.7564719317695124,760.4485954540855,6.327832252013516,67.31462803820955,8.686014311980385,107.34316957399498
26.431921290272257,0.6817501027349875,814.0063494988141,4.72291513423546,88.55593840233438,7.492135695426015,100.68282976051616
49.37240224208283,0.46559717590357674,695.893890193248,5.205331621086902,84.94091400950893,10.519949609732155,106.97809543011925
47.86785374895765,0.5776262545841702,807.3972524198614,5.345577734583251,86.93439478125583,9.748619022896774,113.02812415109429
40.30371268957775,0.6368029868531511,697.3910535250645,7.05627777988798,71.721715891223,10.101751696247172,102.01243458680761
49.466955402528185,0.647003819466268,747.9329635352578,4.653143680515845,79.47078340191707,9.004274554132252,106.77831402557094
47.73637046602481,0.6625623722891685,703.5480480810193,6.060678000399714,80.01456476398845,9.271653614306652,103.8946627620671
39.67668040131106,0.6381933367432738,825.5517842728768,5.89538986159733,74.73606391726422,9.882866142682637,103.68430367514141
43.37189932084529,0.5670065506207137,854.9224898299375,5.812188007412517,92.0694739336755,9.257337090164226,105.4005549998976
44.31709658145949,0.543214465089758,878.05993133023,6.190498387056605,69.4117609620595,9.352681192216547,108.24562023630158
40.130416775416634,0.6379034880166458,839.5823315201386,6.621144885548761,69.09070898312028,8.908778083164512,103.2684288145067
47.25851629004714,0.6620717677008378,818.1659296773232,4.144849909862927,70.64424429990386,10.137927401999782,106.7281593562333
48.18488720640402,0.7017299896326364,602.3572521307194,6.389190906648871,88.75455941438824,9.063909930635274,109.19274129965318
51.002626097790646,0.6833724115009011,776.8975889878581,6.323721462125258,57.24743790321544,8.6849355315229,107.70427237420702
46.476787293952206,0.7923773044973615,927.8976968308216,4.720804188413287,73.54117082434402,9.603581825949972,113.47387225592183
46.58646809766326,0.5790832921365571,736.4003009606427,4.8118475871571516,78.95608363250194,10.062873599985297,109.10304301969252
50.29630793676115,0.6887835853471757,747.5480449608672,6.342553278031239,81.43316479650866,8.797849896843296,101.85303153242887
50.2813434595538,0.6078967876942564,830.4643151076795,5.8133643193962055,68.066050552264,9.910733612478102,97.28962205267864
47.54417737504361,0.6550234951810499,783.1346203538877,6.259592626409017,74.97285505584604,8.898921107902803,114.42472761817561
52.31388975868569,0.5200590475489734,844.7347649795732,7.257878686491143,43.982932614825074,9.063295013774063,106.68318839436782
44.94152639591146,0.7493693319248087,714.0763948965524,5.912494101376061,78.428111208576,9.597578154322736,110.08645863637479
56.93166571351465,0.867401833245534,806.9406715287506,7.076291613511576,74.2054567868471,9.93458341094875,103.34766788515793
43.25267694249801,0.6288581349548397,804.0255011750929,6.271218770309637,85.8405596430141,9.923088267804268,105.50035360315151
48.85311848976478,0.8019951076528277,751.5329338109035,4.748464000276792,97.71250026377328,10.250615060213114,103.91076653517324
48.214425473359306,0.657671931393585,822.9428328558153,6.903256953721902,82.8634709594104,8.689255582105334,117.73451755712694
44.184428726012456,0.6118405646380243,900.3097490759118,4.626834187699632,82.2459948058707,8.966218030439956,106.91831783199251
48.929810485005795,0.5310884427754233,660.0928721971758,6.42969445702271,84.12536257903177,9.390755465435172,105.70980570418003
45.95772239554289,0.5704975739549514,804.9986769325556,6.221852856543334,84.05335348894415,10.520055502307354,101.67713759272831
49.00689719659088,0.6107502894493089,791.1032088485739,6.369664332334877,88.27171892977297,9.59352024070859,102.83206240048567
41.04039047428583,0.7217115766772936,803.0500540075683,5.588979367242706,63.913537768905016,9.563004673161876,101.05173271082933
43.71106484263427,0.6362761097342181,821.3668088872744,6.392729806944425,67.1153713261629,9.210644419942772,102.40516349263595
45.461991827825806,0.6471886965047083,764.2028408172908,6.031951677696773,89.11381540582477,8.361475224128176,106.33792635103343
52.062902795277445,0.4994121673232302,810.0636829262376,5.85838317005931,67.25464960278036,8.62137839974782,102.4611568155473
51.88890188433117,0.5857378382435761,733.7866092789096,5.587797603751797,85.62949801505746,8.102433531695114,98.04096386809147
50.69961470905552,0.633779835785868,698.6353761300855,5.620707942552254,93.3805125774605,10.484664769186704,97.49759061248616
46.15595395633805,0.7696289678810936,789.8985325637061,6.7534546209311985,98.90854473216159,9.725432114218263,104.94333103887939
56.12151479577781,0.726776894268653,798.0853254265554,5.7876289550795414,84.39549191966017,8.437016290855363,102.7169764897513
38.53171886168841,0.6202313749651319,699.6573556423909,5.950144934870247,74.12431751664995,9.171312885095302,104.69925537491119
49.03289344822309,0.48258296555983604,800.0280011476771,4.710915333139919,77.34692402506033,11.389750384013713,100.77884610265082
41.08988040701737,0.8031796805753563,768.8564423703174,5.486620057928128,57.60960225865038,9.70641941188889,98.5163496526159
42.160691028630694,0.6855787720935321,893.7736361731484,5.263591023312011,63.97856922151115,10.147152762251807,100.82930124237028
49.40879223542063,0.5447061959537769,805.9720003026083,5.923656194335329,67.80400868362432,10.334110177418237,109.86540975336881
46.21976129486401,0.4684853174979813,829.0381623333462,5.35881509305645,71.41855021264973,9.581655777700387,108.66946898242651
48.933612075772615,0.7447096994083049,741.6132480753322,6.503094434529006,82.60854848952644,9.105492303929584,104.72935886582889
51.94258449449399,0.5679706198879717,735.6686200225477,4.627239096797939,84.98823938138176,9.187955973301587,94.3950264999537
36.468362902543696,0.639594182307944,805.2363228228168,6.3306781138861545,96.80161762417578,9.708224865339458,106.24428913584197
45.59830181201391,0.6518767461791672,817.065184657295,5.183259030640832,65.0853466009253,9.646595817655358,106.9918281555426
46.81658025937464,0.6216368418990571,784.7208668586691,5.0596297772570225,81.4771770653524,8.497034386352048,98.69540429059407
42.7263441158231,0.5414590864521915,820.8968708131636,5.064542993411178,80.55827779071238,8.443748604311509,100.98613754728177
46.22848488650396,0.6377252783500745,893.1660292021851,5.456604183651107,72.48657754621486,8.638941554193217,109.03364832832992
36.50744856755511,0.638176617668243,726.5330047895227,5.788930718460103,65.68780120374846,10.85203966514454,103.16611167910713
47.043208044020325,0.8220731291636891,801.706774883931,6.175188632454222,65.49611774105972,9.306644979749242,105.27613509302637
46.56014188571774,0.6265533325203712,864.0052986933597,5.574964130625977,73.96929643446836,8.755887802866132,108.26830551866551
48.78830930276045,0.5027481418088772,675.804968137324,5.25455472145739,79.5898424481282,9.082993158711872,102.49332239166237
52.489479465534835,0.6759683266887152,776.4559804423297,6.468237821974755,67.00290137991573,7.6484402231078406,110.14883115836798
53.285922230939676,0.7118239881439216,713.303230819869,5.403384439643904,68.81799338532622,9.029668976347343,105.98495832339437
46.17524461705235,0.6744558568067861,859.8876610116926,5.087353073639465,82.6667944773938,9.161396571696146,102.2040960206221
55.57994183958627,0.6454362142052414,870.3243081972942,5.377140719320948,59.159146730902336,9.384822963517799,105.32753430024191
48.48384733491994,0.7530239102423457,738.4248743922025,6.276918764145232,82.32160768012919,10.674084035851891,108.28379866797263
42.17799257829284,0.7589669915404524,692.6015492089776,6.058239798076176,79.02013757411368,9.891779127296823,102.33964235852223
45.464084572553205,0.7159506676195626,685.8672253478554,5.493312558120133,81.04929441061792,9.676133110031575,100.05211188638415
46.608067361061515,0.6053420394561565,756.4649660509715,5.730695154673863,67.4794205785795,10.528903243911568,108.96718189109072
45.46905309811844,0.6501720707139675,791.1398039665122,6.522061902244288,74.51079295097254,9.573397155105246,101.8761579379901
56.63200142657149,0.7031987300813037,957.4075565866216,6.243509033976348,75.124880843893,10.116884761945599,112.36903915260007
42.22718615892149,0.6607296582826248,682.4974273574787,6.1568771835207885,75.46384959381534,9.353552991880267,112.87447380487721
49.917277548779545,0.649005981227021,912.7730900094203,4.840554079989145,73.41451864729558,8.852222021952066,111.56080778075636
51.96063605314383,0.5540215139918857,711.8212511600487,6.321409789237217,71.87157252100863,8.89375648822837,104.84487893902427
48.62961610315759,0.4654612594335338,788.9628274386839,7.090884480311416,80.95317756154715,9.551770176001463,106.78383707778084
38.57787593925089,0.7112551649322312,733.1234932322295,5.6031641327242125,89.99346672867668,9.978876898015486,99.92513968988135
49.43034430229504,0.6563131344132993,939.9386711735392,5.238740242772214,68.22254198550483,8.941916228837107,110.05376469396718
48.94218370171393,0.7446588245089454,891.6955806148202,5.350861698203723,72.62509367460147,9.230400774714854,115.08138500129601
55.5393442794786,0.6236790228375201,782.7485732081129,6.258839197703819,68.99977259993186,9.15785049668485,100.02304011528884
50.69751591073217,0.7118147644268613,761.9950232751628,5.148267191681053,86.60222669604525,10.191962893017683,100.99049667936009
43.60987068736054,0.7599531996158014,675.0062724921365,5.908227803419938,86.29492809322934,9.61130394141745,113.15220443694881
41.22950562698547,0.6335703899132687,707.0207939039052,7.34987918847039,85.01033005869981,9.988191536050337,111.0872634268996
41.7555729819487,0.7654613595665147,774.4746541280795,5.635622489642697,65.33573546247209,9.16351767691464,97.29772418281972
49.970623803604454,0.427249916098367,767.9996602312953,8.120719113058437,85.86756600500763,10.017278706041456,101.9826627451642
44.42537906984047,0.551154773264671,802.462571441672,4.735000867520339,82.11475810036862,9.431434282888077,101.75723682751956
40.66589021156859,0.7390732221591143,997.7535200847151,6.019172672713231,89.18887515500978,9.822832579527415,98.21903461977578
46.88811026069615,0.76787801858136,785.7355231937413,4.864879245174152,64.25805139803053,8.897812185021435,104.56073756247173
53.52514321243807,0.8096392231181848,793.9602556555928,5.778656316014751,66.05348248328406,8.703785027503551,108.38905820484642
45.32014866540012,0.7116922879873138,834.4158725783533,6.070700394569351,84.70002601299733,10.7221775116616,100.06844856255012
52.50685180369917,0.5527154470181371,820.905019236905,4.910408265523492,88.25081456936442,9.059223563452024,105.66437751968235
48.33216383215899,0.8120512458732314,757.8226030952585,6.871226227016687,67.04579484828531,9.411465499977037,112.72868262665746
48.42263551321539,0.5314997858448828,716.5052644835419,6.112983232744614,80.67347641765176,10.040279728278618,104.60763195774213
49.74930796599201,0.6611244626971811,787.7877681128572,6.1457577220163815,75.52949797818414,9.011267881599897,108.03533207874527
48.43228021346227,0.7550637941435929,832.2921525545834,4.990977107472093,79.5088340159126,8.919162699674567,110.6170320733509
43.959090861114255,0.6676661490069882,864.9128591005563,6.630248312197011,59.167248985040054,9.674911216098367,108.49716528002642
54.40937636406552,0.6904240952291888,770.2328878951313,5.743127978165479,92.91235782724078,9.510888105750501,109.0105772531753
46.384336310392015,0.6558079272125162,838.9025791851457,5.409392363772592,72.1089963272601,10.183985089918995,102.27207047544131
51.206404430191284,0.7131148372092833,809.4432470238286,5.943294579520053,63.01217170611296,8.367668049530998,102.36454344330507
46.060673524751955,0.7842739426933081,813.4626740609089,5.337450107788931,72.76335286108451,7.478167575297627,105.62521799807196
46.06462993408562,0.6139002561148633,714.8859257740854,6.098612266599876,73.22552105203462,9.063220417132671,98.99874329806923
52.04934468604317,0.6836850643789879,792.2886147362437,5.183818107170183,84.59760059959913,8.687800963885913,107.84123928662835
47.73768673303836,0.6978457341451889,792.1432333465898,6.111890931997244,87.81634261360985,8.483709838117612,109.26149334084542
41.278448989624195,0.5880481762132057,814.5481070050303,5.300571523124905,88.77779920829914,9.425777603875382,108.63195361889588
50.63568974368808,0.6996735445607111,898.4421305841611,5.235435740494857,68.20186703163998,10.204234718044656,100.72904662527192
49.81841866970944,0.47528851820255436,869.774847121702,5.576388238263844,79.91446373628946,9.572196182895702,111.541603483906
44.5244791673074,0.6120042755913258,881.6660430318724,5.376060543965006,70.50845088040643,11.267701540068263,100.705867000039
40.8478513252685,0.6306627484201226,806.3095166008336,5.863048934567867,61.640481472625716,8.434704149018694,102.85943715160795
49.27859079735966,0.6548439597963449,605.727454454491,6.112846953647497,77.14091302468105,10.194624199812507,109.87334588053314
49.11992010663976,0.5682544214124166,854.7958823432564,6.004662310007579,78.24000597298055,10.533441746278921,114.71897530146428
48.09601933734248,0.5290775967943784,667.5592549294391,5.1520315257350635,91.27076963388502,9.859508699358251,104.10209807058582
61.12224383531296,0.5963066886316765,652.8365869384904,5.414199606849554,73.97239286505,9.916006613896267,111.94662945532254
45.48176996080373,0.5872805889740242,860.2530507620223,6.293303674481506,56.367608405388225,9.294197331096267,108.77551427036495
59.22399338587669,0.5069877337182271,857.2288724144025,4.3317877798142534,70.07519289353374,10.43169711919186,97.72958501857919
54.05627279858963,0.49789815907959345,839.47688590941,6.064561567782797,76.00585307030795,9.934863691301022,102.53116035879076
54.644658711548814,0.6163818836198768,699.5597755250635,5.245545601810784,73.58506915861948,9.719267261616304,105.0347473757671
49.28743046348396,0.7840177766702352,877.4320501399109,4.5697400547920335,82.89319582259463,8.82009972241191,92.78539566057503
49.346265467039544,0.5805147641246874,767.8622321948791,5.6521800833878135,78.55737935808364,9.041732013588065,104.00349180592595
41.420752219925696,0.5437330774615138,714.0925774537769,6.276104964315479,79.67023037370966,8.623862535663775,93.5112188592115
51.97809091972275,0.5793087512317794,831.131268451152,5.859968429109093,66.55747616901161,9.18245352429293,99.55970113308102
50.620241183452855,0.6195495572751065,861.2745330472222,5.7087364968410395,69.76105637062663,9.701913252662372,102.5326361471451
47.99014305961698,0.7815699959440262,676.2998980913579,4.923161559623101,79.16850712482474,10.890226778888461,106.01124032853151
47.87107556849817,0.6351601729238445,649.6024130667513,6.606263665808823,77.04303018923163,9.81829461267605,112.53111502271679
52.69530478019437,0.8039348507863214,786.4979749324011,5.862901253141257,69.03558149726362,9.510373752729167,113.3473467745485
43.036609766378916,0.5135299396016199,769.9787901449291,5.701369340519265,76.81218133751092,9.43943539372986,106.61595820436773
42.0417728498803,0.7362345406008645,889.2273368591647,5.454680727559792,80.21723907653471,9.762067936058896,110.79259376396804
51.4631641500562,0.6615127478446851,652.5081682861808,5.937777023163144,74.2442860556419,8.915074497919942,115.33249047991116
47.43475367137253,0.5762997547202701,736.6898832918046,6.03805944828546,65.8688289515375,9.763713714353182,101.02329005157732
55.48759195881398,0.727498319991228,785.6275771250433,5.375966327043974,78.1248432118071,11.055809169984324,110.2256157532536
52.99339656234715,0.5191206579776466,983.4811512261377,5.781255324393595,85.52260068832982,9.290194364509954,99.38905615423481
46.62001222255293,0.6380891837732515,700.1687735116402,5.839087107234965,71.3704696659237,9.929929565695877,102.91196364984948
45.98633311450422,0.6672202620928788,699.3410837456366,4.967954396456799,70.8386914951315,10.795701581305337,106.15563554163059
46.10213052625953,0.6380462444293014,631.628861306617,4.666967344360874,70.73997424461486,8.892175345294095,108.4013427375697
43.50713529527488,0.8832170371282939,639.1915142536322,5.3211225815768834,79.87036694322428,10.632335158417769,107.64366093931758
49.10580032261693,0.5932190908734626,714.4212385402273,6.056519700727584,66.11519981634902,8.890087229603584,101.93092277173072
50.20524794095822,0.58822095444607,796.2220459481063,4.354755139618517,79.7453579173042,11.044728608942322,100.06080377401251
44.95725511092694,0.5722667262378082,810.86231830887,5.229948144830754,87.23854356117205,10.461351343771057,103.99785552765067
49.301282915253786,0.6538951210378777,637.810957856318,6.137171303361731,94.40086154212338,9.212637230719874,108.11922328622299
52.42143125004045,0.7617973126729565,894.7967217382245,4.667640036762782,88.43447458210925,10.865644300256843,103.44572270709915
48.20199737458618,0.6825900777691489,784.6120447353397,5.784759938994786,73.02326469854684,8.580031378709895,98.2368363778399
41.16713077125427,0.6535121938013083,814.0154191251788,5.20229385368804,84.87201192765158,10.247211107685178,102.19524443919718
46.52379705385283,0.5686068018062382,783.8490418348412,5.471737034901997,73.65390707943381,9.912080409079,104.20509340812592
48.92043706844188,0.7724144787974772,797.9362585463011,5.109950188087232,82.48686833086393,10.605809539533135,110.11897029869593
55.65803448689483,0.5865803282590873,703.6120430772761,5.888453416736196,68.26925923884808,8.849848108210317,96.94682622456642
43.660523641462994,0.5351597165832207,830.2589896982497,5.015433031570105,64.62938020554756,9.605504519693447,116.1093209660394
52.96695788176632,0.6861382919025271,825.4927693238747,5.197807735532758,88.5610128290273,9.297745000944284,102.97812131150917
42.31362696658102,0.632938778937895,876.86431844054,6.120553964291394,71.7021796443252,8.118093001261029,98.02599875896927
43.04230319406424,0.7418505705645827,731.7555569825963,5.281952992552969,91.52160348551033,9.830083635635424,99.75550734033382
46.79696481989621,0.810177744088456,853.1541944841997,5.93591076845479,86.94178456084214,8.91040536741313,100.88365365216652
45.45545043886396,0.6278623225703808,764.2909255737067,6.122536509935933,85.83142710687021,9.375359910092339,97.76682528493342
50.78391393195224,0.5935919330723209,735.5818273604372,5.245524953280266,70.41143372451374,10.01180629128834,102.203790022719
51.07506155710347,0.4879063939045263,974.0373733340238,6.92362139049565,62.85240550531779,7.965775951233698,110.49564054808866
50.202399387228326,0.7697491735766315,618.2986084964401,5.170254989611529,93.88130902149396,9.793867556858043,110.47725957305015
55.17679941125063,0.6380592309279719,719.5596079637045,5.9427363740820764,86.2842165530739,10.389269625503848,106.34089548007006
42.57929720476799,0.5780109452847507,709.6272133438365,6.393373416322029,91.93958369500557,9.62054928316969,101.11694375915305
47.6296333017322,0.6226494286033255,847.9230280367989,4.828240098126814,69.95710992230956,9.79331109004176,103.40664528547613
50.2928841657195,0.5698729724863419,746.8563267980498,4.92275670598831,90.9243554527425,9.588909432635523,106.59745147474538
47.296419932900704,0.8052240616852683,754.0614901675975,6.348152204761654,72.89054216298348,9.857226424600839,117.51710333569436
39.84770039685468,0.641310070424161,876.6225701753937,5.568391165121198,83.9960217207708,8.818894454522248,97.87353553656743
45.581009377159226,0.6614469187382198,856.1686052964592,6.009401100273973,86.80057311439425,8.004713230592644,104.99648387848815
51.00381109223932,0.7185023362903122,774.2459995472858,5.365660180296217,85.68723685769544,10.655830806842776,105.00428679247358
44.93121231818105,0.6914718135541178,740.0167037137629,5.154311573789636,76.67305148671558,11.330886211177948,104.67871478224018
52.34000534320229,0.7459318214250481,829.7587509127573,6.426264931561114,73.43024696462413,10.412299046566547,105.47980591863774
48.74709062224671,0.8002450970259679,789.9764071716472,6.78361650094215,78.14190057287702,8.78636072176878,99.85306182411463
55.5643400199177,0.6061726118699009,828.8723361927453,5.63839925417178,73.17326958969014,10.073535732984086,105.58967622142912
42.3680730185957,0.7071193542016132,828.93610172079,4.414608617197315,90.65969607899503,10.694327922028995,102.80808498672799
53.29517010505878,0.6613706015844869,755.3516996232146,7.102686628042094,88.33713079760017,9.138105846721386,101.64724762929804
56.58471848528949,0.6223922387838383,734.7872098343544,5.375865873556057,76.71789429656883,9.32344704732203,100.06648407777348
52.55951605473921,0.8203274202648747,775.057674973516,5.834899343422664,69.91308610872927,8.139692703483664,111.24685067341224
45.028775008600746,0.7480701852136441,811.3371012487949,7.124765271820733,71.5740362797974,8.301254189165128,108.39394431988201
46.944049131255596,0.6056559439966548,770.3061926583855,6.658061291799255,92.39514080543537,10.144423550641587,100.65125304791664
48.97956704816631,0.6699333145556815,782.7169015304173,5.336092178832378,64.08020015295872,8.583156220500815,105.10301278790465
50.81836940898349,0.6687697416722387,755.6409646498802,5.354015551441273,87.88167026929399,10.602501699928602,97.52738637278097
44.46853467546109,0.6900741386229139,779.0620256338599,6.0387136343549574,73.81503813350056,10.47353685275346,108.48939746030513
49.30685937742907,0.6006174313047157,863.0947436562052,4.354085056515072,75.90597168819825,10.136769556593736,106.09159109380707
51.03368858698729,0.5561917388275897,738.1991256106976,6.247162888019427,68.48722517225528,9.645461546150706,110.67448970070778
56.838071394009944,0.9782928055604995,717.4968171907489,5.385011657376814,65.09782077395336,9.251332106439577,103.91191601542248
40.37700874054969,0.49308869641783626,823.672870208968,6.030271061630129,83.19293960837142,9.068977253307516,99.08132049054409
42.85726396695649,0.6156408041855909,754.0266363350038,5.6755141089798435,74.44731538627028,8.342102611198737,108.86597981869477
46.96484362839462,0.6541487715648461,714.2025556219123,5.824077571499177,78.3296762225267,10.23857910777806,100.60864642969267
42.77676801987752,0.8104442788944888,715.0018084028642,5.160508237911329,86.29440795076947,8.727743288417823,103.06385359720139
51.76918289784853,0.6115744179607714,832.6410211187796,5.312627580126952,80.08740966045136,9.660628638848026,101.76524775359968
48.1429655753268,0.5095130069878709,829.8565290250364,5.546502841425708,76.03105958993117,10.144084853799729,108.84536562052202
49.681864787992296,0.5078384530003862,682.2889236187697,5.214241241979311,57.451533750977006,8.674419814450776,97.3217746313875
46.52401716096863,0.4778958724076799,846.4578252876605,5.971059249159521,73.27627560259808,9.579640509726792,94.16277618646433
54.49686648947866,0.5144268715935014,696.6752376400491,5.449406317288271,90.21529197625077,9.527530102424032,111.6172337268522
49.950078694599846,0.6189640764319128,684.9447803911352,5.646557286086327,71.37831257538915,10.261796141303584,111.28458923715368
49.69785834143435,0.5009834386019598,801.2985501986237,6.047000696886857,72.63090979286179,9.240124567685461,103.82030607871319
47.71587866422496,0.5380907886421277,731.4955584293452,5.2983556031235945,80.93065187687912,11.69801774547081,92.88254627145973
48.261591207730405,0.4745729462322894,779.1801528801869,5.741909698125164,89.69108837305657,8.306754168073793,102.32699797214826
48.99987497374195,0.6371733182611051,809.3107214842221,6.739885112119834,78.17235964439782,9.045426242259925,110.2719264471232
43.12798758641011,0.7893052176116645,770.1427294051349,5.374067338227243,79.15976372529308,10.123693585384025,109.2350231793084
40.63094564392188,0.5787155958619509,728.3930691178886,7.419806110138154,78.41703414658893,10.321264935281931,107.98491340474243
49.082952737451755,0.7666678090939695,846.2207781815611,5.2203378862809915,80.17804444692794,8.725620583642055,105.72392684655141
51.61644410723136,0.4291769964622605,767.0885415070321,5.324476848148763,69.22232624348806,7.814953875581524,97.40063223011661
50.586417262822174,0.5772802294791891,750.2896102258348,6.416930692024582,77.40990707642572,7.609011152912779,97.99293527044138
44.11242111347981,0.8286829398906501,797.0837809213042,5.459947378819858,69.71772106138137,8.696584975392842,108.47806428273337
45.784492375115256,0.8538933897674943,931.4501870883508,6.343494907256051,79.54346822733335,8.627100498298265,106.98041702270658
52.56592614770413,0.6843263899289742,830.4755989697493,6.776846279758907,73.30648851156229,7.689282906648031,108.68069291603953
44.53408113179922,0.5145681004153019,877.4095612266019,4.478985533337686,80.58273053789759,10.40510827856264,102.52364352369803
45.67841862770623,0.5838843173474179,742.9292323474278,5.467477844842267,84.2561222632525,6.8616646284395575,105.9356096296527
46.48238299613097,0.6662414341136514,835.5450087919276,5.16404403446017,87.14092735674032,9.646082408046802,99.33978874039843
51.68097941470061,0.7525902557147751,873.5455296230905,5.813904261266133,70.7064103233876,10.220624992220735,103.58613524114506
45.04610802258836,0.5541002792372597,838.7406443103963,6.394094573034414,60.09154077209729,9.820067647459766,108.03189614384496
48.29346485238766,0.6433138084178472,859.1490095156589,5.4980438380264145,89.69047515227633,9.675159795373506,99.66378119422438
48.443151527432946,0.575180490057797,1029.994446921225,5.791555869079793,84.91038969316618,8.519236825900457,106.85230923584811
48.516624165007435,0.617941872214377,793.3329015009009,5.8531172733813195,83.06802729708258,8.745563684836199,100.83059674771388
49.0136215719553,0.6969389172871184,762.6871006447274,5.340521207119013,67.65233930202413,10.464694937848705,107.24543541697265
44.81422253015225,0.8501263576124384,807.4799238023827,5.117285780592691,83.2259818685545,10.735813764070896,104.67554325108364
52.79902229137859,0.6699188731566732,812.1780773492819,5.787002996438542,65.19622774820138,8.94337785362349,107.4990572464221
47.29135053739506,0.8223449792025808,744.0720991073068,7.10464269625957,81.07826569574237,10.74811226908712,110.71430961705462
49.53853426114291,0.6531771992130311,809.2010306753792,6.15880263618186,89.32664875173,9.64756052510533,103.69756583003016
40.049794022627424,0.6861736457949196,749.7297077843083,4.778417372715616,84.52124929274459,11.517050531490309,109.46437318325536
50.9860003018058,0.6498910816659876,960.4409946717667,6.340234024481899,81.31902631643261,8.27395845583645,103.60546785935854
47.42527169590423,0.5778253734356195,621.5987636211762,6.029368132004253,83.0974287808235,9.944987278261264,111.35744571112241
45.326459184741594,0.6175049337334279,836.4398793431528,5.761337788039302,74.0248352830358,8.870194584796927,111.18155346549747
49.10694868859986,0.39492650672649854,813.983975676615,5.309618313904851,77.10309538590278,7.981891393657027,105.54034494139773
49.7311864553024,0.6897008186799621,840.5429510907005,4.441842816204993,89.96386275168554,8.56912611772156,104.25904607903766
54.86087099988988,0.7619819901196068,791.4203410802946,5.397002180647765,88.02892112543422,9.199095546061733,100.33472509747182
52.778307797746486,0.541246450589047,877.249661683344,5.818265967750041,71.63440220955675,9.492965367561359,103.55228796217075
43.651232450289925,0.6269882420545129,772.3587154877272,6.491900206051394,82.32940089517938,8.863102254628194,104.59927436869101
47.10964603603081,0.6899105931845799,708.7436150326437,7.459176290571248,64.54152861243384,9.523456555013361,104.53144316888425
48.5618735237506,0.6393983355415572,624.1930809215241,4.312197081923952,74.7460975212309,8.635213807158275,104.93464761066305
41.14045192844827,0.6734748790853935,794.7089135962963,6.2829347109300855,74.74823747438039,10.000685228456925,101.08357320535677
40.48313042393347,0.605043405480282,769.1689767701735,6.0067688283290535,81.95281767051908,10.32663636430532,104.33758061105695
44.341435801922465,0.7307458392079657,777.2445385241534,5.22712484397147,86.7702428771705,8.984461496543314,107.0439246258715
56.311519275653104,0.7523616374374728,692.49342698394,6.327896174816804,78.76153928291349,9.069206125952432,104.38348162517582
53.381361477662644,0.6851825844717307,823.3646941609716,5.507577424608021,95.76350613573359,9.823119191433939,107.4051856919211
54.633369429266075,0.713641187438818,870.747235027669,6.1619062381590854,77.07635054855746,9.393648359789674,111.5215066023181
49.85326277860347,0.5055444465260412,855.4888826659421,4.454697256073799,88.82898881590063,9.177944269777864,97.23318434137543
51.541876069844974,0.60213911956582,798.7370713514845,6.4509354350874535,86.70527732418054,9.234172567805059,100.68107135389647
43.906627218503424,0.5902437345240678,835.1460740239315,5.072635003633698,89.73987977320746,9.325777782462708,99.34734099192578
46.72419226933715,0.7633784735483211,820.2872213912134,5.441327260882229,101.95886901020242,8.85466081515444,111.27687797143739
53.206961224707676,0.7946036617524125,750.234942225453,5.558960761121373,78.49285076591744,9.493360541436612,118.10976340041091
54.086012586496075,0.6361338022303191,852.3374082107748,5.900945463225199,57.40472256275593,9.279096649176825,104.68856889837517
49.13013351581763,0.6794266810429304,730.9634970025554,5.545646226602976,70.5776425521408,8.68617332960824,99.85559375725197
53.89654032454095,0.6180958980293678,649.1911531835451,5.033885887026916,75.84456848168418,9.498664147820561,112.63080087311867
44.005138213922436,0.6968227875258597,712.3633059989385,6.053575740983111,81.59477979619712,9.244859227577606,111.20135150252156
55.2639864455235,0.5601596616471904,829.5383054113693,6.596693595566122,82.78760901909513,9.059103802858608,99.7051176121716
56.56276753907143,0.783157557887882,785.8179009799314,5.498822221029204,68.5835878944842,8.545389482266064,102.33329007802314
41.02402909629293,0.6366606617840401,629.8519380175537,5.141230391028946,98.573379112561,10.189048180030722,102.28196866080103
39.52173777910339,0.6458242116670058,741.7308059694723,5.28680490479321,84.9364899291296,9.100979871206627,99.8452874887684
44.84165567303764,0.5874911313123898,826.3050913614734,5.283764180434122,68.1158927364833,10.105968050360937,114.64936083616621
48.59737812733771,0.6981795353789221,798.3397802823839,5.449270896148539,62.962813858433236,9.826754650656838,101.92035666224669
43.376897467719616,0.6464979843334245,675.4021674007782,5.258596176529739,88.56993757925382,7.367140493595766,104.84949802030259
45.90704365650559,0.6548612655076453,684.5427206368413,4.945110436435366,89.7472874067143,10.324599650037701,102.05781493600713
52.251691797086,0.5894704148912451,678.1815443767154,6.259798941778702,67.82435013260503,9.121035964024456,106.26338641640262
44.277171823175706,0.6425187772315354,719.6383707090138,5.4804853082676,77.69914374967159,9.993274324884736,110.71917209141527
48.22227199165364,0.5001773370006082,843.4982456241103,4.926636241180876,67.70508705757005,10.039219141008951,101.08794267290727
58.56175863883398,0.5916965237733259,633.7827031888497,5.902924281695482,76.86480765687452,8.52739134611959,111.35037777525292
52.36300624287026,0.5125187501056165,815.5865756510478,6.2422197568057225,87.28374778818312,10.25257258297108,102.2096943112744
55.64329440551812,0.6064590010250219,774.1025834345068,6.558278991794428,68.13773797359231,8.623365707970898,105.69198815167236
51.457985550701146,0.5859672862658373,700.9510630075887,4.898571034163199,78.64683587459228,9.402050425215487,109.53936374145073
53.49728686131299,0.5416709301402234,758.7784523688803,6.89061533181554,87.30330014544035,10.811809956106284,100.08793205088601
44.735352645942775,0.7321086928438808,754.7108702200557,5.280377057747225,85.70032122766922,8.7651644974289,104.54648973819666
54.956602684526956,0.6972742314929437,715.543587393421,4.513405923063065,91.26856573448087,9.673532129311537,98.96643125930999
41.71787265116434,0.6577970123204405,672.452530303109,4.748007760782207,75.93735221987373,9.167227310889727,108.7996640874412
53.593147925479244,0.7774860709441362,876.7490487700978,5.001606787924599,77.64030949439335,10.297858121302646,102.03003102146101
51.74635114883973,0.7438311900611269,873.7905749836149,6.676017584648028,73.66518822989217,9.694237099244612,109.32710130518906
52.75895719604436,0.6762563052210737,644.4269837717387,4.285947645484891,70.5388951850013,10.495678008997743,107.1592476528287
53.10609391662257,0.4031864465103522,627.8789085381385,5.850504388778887,85.60473602832063,10.18344949227269,104.80214880117482
47.94311641224998,0.7713269956610564,644.0315148353275,5.373509701400058,66.79191036150384,10.049571457385074,105.51358876086374
48.96204575825673,0.6136496250068209,768.614600144067,5.227823061005272,74.44332556230826,10.055029778232027,102.46196140325073
51.17615437656599,0.5481251400310037,730.350648637517,5.485503974959548,76.33314510803251,10.092523364458344,107.65699551111928
57.75030744390696,0.6623991211730452,923.6664467500366,3.8940070293214846,100.60285248195514,10.559725147283707,113.19861312766506
43.08992260409401,0.8705075482711422,794.7517702240316,6.432764961247776,92.35700015605194,10.275320754700797,107.13216268095644
40.65854047972381,0.8337905149741427,728.5111045051729,5.740530569357826,84.55830918377022,10.241875279240592,107.56579793234154
49.34783102534082,0.661048163339417,662.2122930629487,5.886013439198267,66.0209205871489,10.41998033018391,105.52131256528027
49.874496106284525,0.7899276488092911,834.6733984170315,5.3492565214293695,66.99118522736475,9.646487267368363,100.04811697381737
44.154875717501625,0.38175431910194074,824.3258491729769,5.5401728325076105,90.33393639089665,8.997134111514784,101.54238929813359
46.53695135031557,0.4072874554849935,896.2740897334726,5.84881853344557,67.38452484207423,9.42513666300051,106.15006092786165
39.022082060059574,0.7259427271189957,773.975946973623,5.982259368748597,65.33122930971106,10.387103936059864,111.42407140412014
47.42619877912819,0.6664308392935934,795.3619553123922,4.804878700819152,84.03462112233376,9.593020639328365,110.12550905144072
47.494229398567974,0.7064429741706127,851.109100789969,4.45080287611551,93.57239310186931,9.124059043435615,101.78108021425263
48.71423877593759,0.619260177808171,596.9390519955634,5.74911052086307,72.30258789240291,10.421877157803275,108.40694306796054
44.02591961696847,0.6370343408562307,697.1006667524482,4.96967523842539,74.75395497459462,9.10547007940009,104.42378268179223
50.148599413594106,0.6152019325850815,861.3753805771559,5.610248755276669,67.87618016603685,9.277286286375151,100.75738697927102
56.035902721152496,0.610096429847709,784.3651495840983,7.4464674404545494,81.21276252655582,7.281688396644867,112.9960283267508
50.37026263605612,0.5766321029535589,653.8486130343598,4.806489435974429,85.97121034360211,9.068597887280262,103.40832766664458
48.18891727719554,0.7536747332763089,815.7753034507599,4.813532163274542,62.895353869968496,9.314936927175369,105.57346245098637
50.40864366047238,0.6663455026897938,751.883817986187,5.455569420735115,95.15959705646048,8.858655268271333,104.2319256806552
45.67400526648207,0.6021799325016244,681.6610347598121,6.781271300441614,65.1058273217871,9.138301567696896,110.14116721763304
48.825888615662215,0.8142937465807341,768.0109427241032,4.549585357257216,76.58006167589419,11.102481121755947,103.02996546916047
46.910148218615475,0.7019608546945362,944.8601055639341,4.716286946388379,67.68169120216324,9.338776016003694,106.00353309787165
55.08363305308462,0.7494517998235262,798.3245167427076,4.7912266160457255,71.64151882834483,10.076040819216507,107.57323803752847
50.166047995022936,0.773936580020719,619.7420409964143,5.980096055608497,70.62215638876619,10.195319938591458,101.48326974788866
53.341576349039,0.5750693680419946,867.6747139140036,5.448824340840516,88.55243937896411,8.405069108986398,110.29747461211092
50.01980089740135,0.5953804365737521,781.6314785015862,5.814095791792984,88.73729394289794,9.03454988990849,100.46180794613397
53.22224703722107,0.5848445530528581,769.0952815013006,6.198362233391528,71.6749137662214,9.033213107215897,109.74170224660531
49.82009889399695,0.6498915450164977,567.2121847743027,6.53947587297938,71.48424279973231,10.063871147890593,102.23186021908445
48.886433771551275,0.6290002791004577,888.6316266582548,5.813127754595812,81.50261434703987,9.895554831646438,98.66356291620356
38.72387700865944,0.8576437947774201,604.5891913916397,5.967137154096698,77.6400443419993,8.421274558086171,109.37579785478472
45.121597604210535,0.8633438697826565,795.629239824686,5.806569749188663,57.09577805874871,9.34755057737043,103.52318213946184
48.16038798816209,0.6284619776015692,802.7891963568503,5.271331512997475,85.4511287280738,9.169166762443009,113.19584305697647
50.377515506296696,0.6048788639118202,827.5701593618999,7.6987409722490465,62.74494265932165,10.403028792974162,111.86129222438971
38.36768059618024,0.5762914869439894,866.5468497733145,4.675691886495925,65.40842712915429,9.997893908076435,105.96181714681137
56.36748849392696,0.7420532943672207,705.4904799575856,6.0510191003805724,95.7255958276614,9.899594707872732,95.03533794260042
48.55329564085758,0.6182041790075259,800.2497248951287,6.0616546611618505,93.15297494901313,9.026375714155977,105.29736743374221
45.426661723035124,0.6565186187383715,839.0372373531893,6.298916776084122,66.13585295653877,10.085835192913896,103.58164233894561
51.676239041908175,0.6177673789818189,609.3297422137266,5.446814723669666,85.38389869690263,10.338962669141143,102.27980400692176
42.90755503579381,0.6189619695299967,721.8825702111837,6.218569353138094,69.49066840897844,10.393765390731634,98.8360590329671
48.34979060896707,0.6758768453477396,771.1398093507988,5.255066599529529,86.76275791724412,9.065802871592982,108.0074865072508
47.09740586824122,0.5323844303338676,644.89825747279,5.276190373498811,80.3017340818577,9.801690628510576,102.1403284405514
46.07185857675324,0.756955509464349,867.4061190291819,6.622426595562215,77.10319719047511,9.219674348030908,110.7980184630561
37.527515113435285,0.7015222938197343,700.0213703017979,7.0547309433594,82.18496861814074,9.647431221674031,104.50176009937506
49.71819465322673,0.7942857179543523,820.4685921182893,5.137621781857531,82.7914925960205,9.904615277250869,96.9966303568921
43.45923498422753,0.7342926347357654,922.0532047783836,5.311136908175028,78.15754602199533,9.094307135284534,108.74013557858036
40.92618355682718,0.6452946489609229,769.2182558954278,6.15458797198272,72.12583515168733,8.88068936794683,104.16465161241791
46.99558324816665,0.524285139127786,754.3568121316595,4.920662704669591,78.42313680444988,8.496880458208866,98.46553889458309
47.731570011779525,0.6187601742355752,680.8456150388336,5.342802675445302,77.02204362110963,9.247786862715035,98.62750176294996
38.79777142114216,0.6953025018445693,631.4487222397846,6.054591691514334,57.00670142998405,8.82741264162993,105.05243232231321
54.64487064430066,0.7624297810051744,842.7391965539779,6.119656517275283,72.52119210183419,9.67999624177408,102.43582186641338
47.73920525702172,0.5588277384142917,812.6879026766491,5.510031824847988,74.9429521795139,8.422284613212572,112.52994342527852
57.208675505505376,0.7078581444437673,894.8227495650176,5.107836836723223,74.44727444651446,9.064977110940239,104.36809065674285
46.56736882131799,0.8603961481404329,726.5090731214701,6.007159875718574,87.85326704441488,10.527948072797694,104.23696431324878
44.246404544358526,0.48520187770466994,767.1500260434548,5.845062371464519,80.75706408567417,8.98731108216676,95.53252584253677
54.56754823953123,0.5903932044095264,821.7571242212281,6.448233275140149,69.66379536490295,9.599570982403984,109.55384394116253
43.00270911658683,0.6411484775823647,861.0420723282111,5.9406608601477835,78.805585298973,9.937370660774405,108.26015587769406
50.01569965259142,0.5516951501100751,651.6717496561546,5.14906556503936,81.93692851937541,10.498705204963047,91.70074515068603
50.30433132839787,0.7578572305303395,768.9136799915757,5.725700438965229,65.69400708872493,9.308332100440595,98.6485385449831
43.03605309096271,0.5546059633206336,776.2749980718011,7.076481043314444,81.72436820827038,9.267402099200888,103.84112819853985
53.93178621601868,0.7151733877974261,772.0244822960342,5.240827713937038,89.95774425017581,9.170483207760414,98.63583195458712
53.04797738133624,0.4789254429686304,719.6115020194112,5.305088278933887,62.98796632178279,8.883419623651935,97.2103113950961
51.599079518519325,0.7698178598156906,747.2835204806406,5.109099428864772,78.5863589765833,9.366638966810024,111.52161183029546
43.22293901145984,0.515539713362241,810.7033139616735,5.410592356733999,78.48119840950994,9.865787964589927,102.14010777023911
50.8818509476935,0.6791100349154666,833.8395211034459,6.252236904484569,67.76083335288484,10.315559695231775,115.33456117743624
45.78946318833081,0.7645396684014353,829.4224138779872,6.368186503695585,89.71771675518015,10.883242878680482,94.97763432492445
36.831571096161184,0.7003333792595519,661.8932759005817,4.955608460513102,67.4085076308852,10.118207525710936,104.45008020097417
46.87097940491704,0.6327630845545117,853.1994188499195,5.377529333439574,67.01131824114836,8.43771916712372,102.93658040381176
43.553463289930065,0.48610964822553304,720.1142086490802,6.525061098595966,92.31146606302354,9.988283817987572,107.99337889322514
50.215160061571126,0.7771891024532205,830.4362856359342,5.925599371002187,74.2834884333283,8.848912991584605,97.19786748277966
48.39809658711367,0.6840712405318189,775.3242332306013,6.4541166843328925,80.00262980312381,9.52264617826362,102.04993079604266
51.69165001025449,0.6184169205806063,784.7849740935291,6.275185380388749,79.64632268008474,9.194440588529803,105.34768654715715
47.97709795022633,0.7671250930329307,651.9569695241581,7.639176369277736,73.61452603045511,8.221482388563478,107.74538946009976
50.99416862738454,0.7012309314015819,822.5348755151083,5.3183808464201805,82.35693844442005,9.463270571671735,106.07267304318076
47.37962086809572,0.5784052361176321,736.3207723596066,7.002572288968276,74.74091068949177,8.684487401512587,106.92667516202668
49.872477251019454,0.527677353880015,681.3620919138554,6.1054357085296855,74.27804892769147,8.761510026828548,100.19194499016781
50.83506899467221,0.6799099614381743,809.6955555049673,6.384813099906835,81.62055378793745,9.974337251039548,107.09039332583366
47.986129213044904,0.5905169844444149,907.0704236888205,6.465538477420982,80.15899777602795,8.699286077624375,104.96131760834923
47.89120322677522,0.6477210729972485,574.9277722835577,4.908992063222705,69.52539334461473,10.228162958870447,103.42069215131441
36.824825628722195,0.5605584160604578,875.2121608248626,5.146752409224783,87.56353444671741,10.310787879171826,109.81661722229583
51.82417040950399,0.6367076054282044,638.1519324985571,7.512678694642995,72.86435164678362,9.396083231586525,107.63751612672172
39.29812963557071,0.6381693402016982,925.3522320065701,3.915662460461955,82.24243276748476,10.401344637550217,108.12001822068633
48.208099706445225,0.6038798166166842,842.6393694791116,5.768449700522682,71.55517859737341,9.230671221538415,102.13160358079142
47.692666386986474,0.7518337441494306,704.1655507528927,6.321446787173877,69.58880585932116,8.928953419265666,108.52073172430204
49.424202064377035,0.5582968673857008,835.0049154298814,5.785212635765701,88.36773676337033,9.30251373185658,109.37774903217107
37.432299297715474,0.8430281603099345,702.9211422405945,5.423074844393207,77.21257758472889,8.535698478498052,103.4359669068548
39.28961461271436,0.6782840303529446,750.2721762420097,5.534693756480473,52.81328713148682,9.146401805558687,108.74992139109128
48.40806206950551,0.6345373942644741,727.9236736935663,3.7261010738854017,70.7161684683398,9.219688340921618,111.61342679686356
52.40793467503805,0.5961392317203366,624.0873224070559,6.618779643471319,67.98117985701748,9.934130027607427,104.00882420833837
48.87587096017759,0.6777182192490413,873.5885916549718,5.885460635377394,85.37160161630757,6.779873802654114,103.2074250150897
48.1270281736862,0.6359891612226792,678.5907748972379,6.238659300864179,70.99981767403297,10.24996976062399,106.31715520446969
51.91763794714722,0.6037253627436647,882.4764457066103,6.601837886483145,72.7139186110694,9.946307600190181,105.73312910684226
49.24854761364014,0.6069920786357961,856.6633333287506,4.902925329249041,70.13456764485422,7.749510678231295,97.39345514546389
49.35076574272923,0.5623980542227159,763.3683315309622,5.3007483292445015,74.40744715444248,9.522382622852492,106.38888242101002
51.23873429565875,0.6950798826558169,862.0522354860982,6.193948049759314,86.03800994304787,9.523010089204965,106.71430996563986
53.00890253859539,0.739344607178277,767.1116070648138,5.672624743997847,77.74567040336912,10.920989669619786,101.5692417532627
58.6058541577801,0.711745248114465,830.6333610870726,5.914610739258948,77.82857227752159,9.686037892827468,107.88668659803001
49.75782207659896,0.7063708969781639,780.9526077136615,6.2485143682980215,81.59735531131028,10.058317167044422,101.78887756024959
51.024296565063366,0.6585676411882607,721.4893953717494,4.8240090352071,68.80837300805945,8.9178221997268,107.19389945029496
52.40256481443846,0.758543114143214,644.4287403594044,5.027074093589931,72.84175522133731,8.560762160578605,103.98637704065047
48.874503039023075,0.654327532541273,864.740977355993,6.51833581730327,65.75145744796725,10.713279810014424,107.59394782713757
47.21243503655907,0.6493024501355331,798.7091669223288,5.712087415791116,90.90274997160513,9.748864351174499,104.8968745532485
42.54818541445343,0.8322135868100757,734.8870848747995,5.282387927993845,81.21725650167872,9.67345853156168,106.19245677453463
40.71745414943236,0.7216677433018053,812.0213545664797,4.727149453476263,76.70794123216872,9.445819035924435,104.73219259694203
42.334146867018084,0.7266442845095373,851.2896564713953,4.912605207632783,73.07466197766573,8.18942818281513,102.37252568013568
44.82936075761567,0.6714925555154799,640.2743313516175,5.763528971764765,69.33014285117399,9.828385241969295,110.53799019835436
43.783109041639406,0.6540989692664245,917.4156499867064,5.495871424633201,58.87869871909276,9.679731521031215,102.96199354768945
40.3124857027342,0.6167944280976501,870.7242316631213,5.287663864028833,83.41987758210567,9.839356619758759,100.76598437704341
51.083243826537206,0.6108553509835006,729.1006252242621,5.264438748060905,81.11805517886121,9.289532788879656,100.43085626000898
52.24476382444668,0.6746042118859535,846.1272970072317,6.028338253616139,80.53172710213897,9.441329190199596,107.98444642485259
51.61398227937575,0.6565439287913745,814.9232828736176,6.164152078467361,67.75765439986654,11.061306440892492,109.40802227675086
42.46936839983894,0.7879150304506032,678.623254863486,5.499802741009871,88.4674465257095,10.029640029880127,103.27438317935244
43.401835868588726,0.5957155516921382,639.580899972144,5.168462743546968,89.79681028896293,8.462855914554027,105.03417872945987
53.419482551129335,0.42481974713248005,724.0459763150337,7.351291969387839,80.6235939116021,9.699805940088808,105.34537859497105
46.454154402175114,0.5593420177222745,819.9496017234635,5.844519069323645,58.0747588703281,10.725788119138643,107.88850898600839
39.78327868543543,0.7749049207380119,856.3376906750339,5.1036371636629365,86.21650960342532,10.097558904506656,106.949711368563
42.20319055924234,0.5762546259201395,794.7313190545425,4.801369193293769,68.09022065421628,7.295660022058739,100.61880991068124
52.022813500310185,0.7469591003574625,721.0701359573304,7.5733945851722435,80.07204767514276,8.510761418317275,105.20460948576024
43.11072617820648,0.7539323416071801,747.5313343018108,7.355200930692794,59.17156523797583,9.844576088827198,111.52434416223515
50.59891714276253,0.642676966464018,821.3649152689728,5.168887693360592,72.9980092015056,9.187094458594412,102.40224601421835
47.234480500931454,0.474978711117767,719.6430009238029,5.006795182299951,80.70387622878539,9.58048696791184,100.99553546149157
46.147577913099965,0.5628304256501725,779.9861918090749,5.30578252971103,87.15784182749566,7.029244367138747,107.69100155781989
45.67698696356757,0.49084547021013425,737.7119440071009,5.690799672723867,75.64792754443934,8.43195560130649,107.53690208601824
53.76726567629204,0.7980641696043287,799.942936312632,4.83550475513377,83.5854758302213,10.180050274373654,102.66264530535402
51.535574931125815,0.7251528478406124,830.2844780975345,5.361932675897134,76.21082805881548,10.383593648558156,102.12344647768245
53.38730464505191,0.7044933914353105,923.6888601717214,7.29974738045578,72.0114332647551,9.723296687655996,103.25832948528199
53.213416171214554,0.5896809663572291,825.0124242185328,5.685912179374078,81.77052637621078,9.834738491009862,95.37556001668447
49.2723551736839,0.6648954999588761,787.6201619939824,6.528032355429975,84.46142769255448,8.363817664035208,95.509799008367
53.89947132785221,0.8359108275930375,732.7671256294534,4.577713572913341,69.88925249286393,10.231269387451382,110.26063515524066
55.54040868977389,0.419808983555778,795.4103171912808,6.424073366182083,77.016041092392,8.322767754753498,99.18044134306896
53.194919560750904,0.4526627667746954,842.5061805810001,5.993109946859822,57.90939291288966,9.287200721540446,102.29677059417992
47.98924329417662,0.7651703953132343,744.6284688633267,5.105180317964074,79.13328741176782,9.895173105341593,104.17653170433638
48.84073520592683,0.6194929387046508,849.4323218819382,5.7668571290892,79.56751818403069,10.490868921115556,104.72621079055216
42.31403218705695,0.6356730075957902,830.7312281231468,5.854085797905469,70.05852808327606,8.935085394296236,115.31193714184661
58.257703240753386,0.6712853230951754,759.3557110488715,4.716953128281462,76.1558310725694,10.139333281582914,98.72176089163739
46.02647358502601,0.5650104297140801,722.7743478509088,4.932392405810274,71.1551048467259,9.103107128061872,109.85121568447377
47.0008150619699,0.7764389163379115,624.7749814038089,6.69825158154799,75.14058267629659,10.784808327724285,110.0305048924601
42.95101370389059,0.7416061180471509,735.4449742540727,4.625741642763203,78.24714138251811,9.598924902530955,101.51003187524549
56.37359722881581,0.6878517929125794,751.1988938844829,4.593237175413064,80.62332059646715,9.003075189592712,100.02234538249574
48.201427609092285,0.6003885017930328,784.3579291092403,5.589435998122895,71.55548154269857,9.061417469150673,109.60523707183634
54.004080147777906,0.8679548737074309,739.6769668760383,6.737509428306336,91.61430817730019,9.305318218364917,109.37735154354093
51.721177158168516,0.5846117829882417,643.6913602349056,5.645002129923931,85.02575805477343,10.849038842594627,99.51880801343059
52.88578137300355,0.565409685750448,868.2284827980681,5.436555724661314,63.650857155992206,8.237122765318531,108.77011004653916
43.12793560020782,0.6000438733312413,852.8293527964917,6.112631506738413,83.08350494035426,8.55645142492841,105.37959392668179
49.04800510533449,0.6664879194280251,791.8204918931247,5.943249693901789,76.67811568683288,10.148533447650331,96.77017524218647
44.80598657647163,0.6408052712915409,775.2859203390277,6.466210350128826,80.75093250079205,9.951641317930422,103.03716113594676
43.9045284209018,0.5173061064839031,688.8943580134335,6.191304906162028,70.21756215310734,9.893609291392412,104.03340003954523
51.6674126811631,0.657634754986513,775.9826632631118,4.774784960405342,82.90929590537134,10.965432509069956,103.97358562974848
54.81301508736694,0.6671447940562516,868.9733964490403,6.579162565133191,73.9453378198682,10.310853117323525,104.91612952892055
49.31921907048016,0.8155194820440853,711.4282311146765,5.176591751175483,87.20263629049876,8.83028922020443,99.33877499203328
43.45860105998884,0.605926135370049,944.5732814273966,5.3289396437085115,84.97368314181955,7.675118596253384,111.9179341563582
49.790667171802426,0.5520920037895093,917.2097721718271,5.165857415421906,64.09723116900098,8.525323758028735,114.52694314540227
44.87706884058974,0.7353901604869117,753.5284537862574,5.18500512263426,75.35407558354602,8.324278938734656,98.10113375853628
46.312374053956155,0.6226041795233108,814.7722872286374,4.975158720608276,72.92212505700638,10.538334865637188,113.42776174442373
46.942039787802955,0.4489107348481372,655.2140476729373,5.341700853138465,85.68214179953266,9.585050647705874,96.90424471950233
36.99113394654685,0.5231942301961746,834.9286305687119,5.929755597177711,78.47700418327364,8.400060681606865,110.36214908757204
54.32221771533818,0.5723922484887349,884.5614974230821,5.584210991279381,72.46958856144201,8.684624991810818,103.57758339386518
41.30864468751643,0.41243462357651867,709.256150023831,4.8491493723253,64.48816977664428,8.781414246062836,99.3540207286865
47.60863708339507,0.6440140615740525,712.6042763533067,5.487643024583294,81.10532061884827,8.349347376953444,95.66709508417227
46.410539647229655,0.6843416583136529,788.8784156203193,5.557988121230735,89.14497327885809,9.69613097075021,106.59557604170435
47.9035854789734,0.6071478571263845,749.4006423915956,5.409207655857827,78.25557723197997,10.180603220652877,107.4053864784941
36.06902918927452,0.40916694159418654,735.7170395459797,4.930846488895204,70.68898733122435,8.913268150453435,104.56026867557836
37.50613390650627,0.5485734127417017,765.8636451899059,5.750213831479071,77.23928432830563,10.327656276919356,109.98180600609221
44.212542247623766,0.559208405474769,824.0425188444445,5.717555518037389,68.78921583233424,9.270087188132614,101.54520992112867
57.3179944212788,0.6742947164204569,700.3970488283313,5.0256957291306374,89.067443580233,8.77019686864567,106.6691705349719
45.01291491356142,0.6472408351724096,777.2339277473995,4.6531791291848785,65.1655673260036,9.634114049596983,106.28189448646067
59.88291802453254,0.736207112085143,862.3421890718272,6.667542126933892,86.71948298985922,9.076985435660504,107.60005623476425
42.73984993828785,0.7730282340180973,864.581586989509,4.94981195022069,69.8229237593228,8.472202984320298,104.49548502058609
51.924714203145946,0.6740577422802001,720.0152781635977,6.488981991524217,88.37995457900476,10.962955026558355,111.18208427692431
49.49104749823361,0.6711690355417846,765.9686849974261,5.887510965764268,68.04505807391004,8.896515572306757,105.12600682771082
54.0530730156908,0.6765670319713379,633.4676916529722,5.291162161942172,62.182772870241564,9.91374169576038,101.51001678907718
46.560929436419904,0.619011774629681,793.0535279201521,6.481963508069205,82.29412641157535,9.912703575331957,110.05104740263162
40.38065442523368,0.6553581878771886,735.3219998727845,6.25994337190136,85.92464236783746,10.345694648593959,106.5993784886485
51.34236418561064,0.601391812080869,914.7185857871381,5.3351857124577515,78.88965875760276,9.669983062046285,114.64409180979152
39.89807900752248,0.7032766176315449,720.455769396752,4.831632451376277,78.30824223220306,8.759906460232159,98.04547985181627
48.22477470728624,0.6453757129793006,846.7947420862218,6.2779413949936576,70.95086454924994,9.755193895862934,113.96405840999988
53.20298509862398,0.5918372835273782,794.7348529619682,6.345027700189191,77.1764533958589,10.263785128725022,100.81943605365507
52.21597602190529,0.7280283143545441,722.9951156463845,6.182344655706011,71.73953047785638,10.199555132426713,114.51499910855539
51.18011736870658,0.6333797527261911,767.771863595997,5.260238110697276,72.42658631540547,8.603506799972049,104.25672331738677
50.284733234957905,0.7873056887513223,771.0698762541327,5.196036995134515,61.625945786477736,10.112005926376646,91.13619943541875
37.533057597784975,0.7788528512347193,751.8967398529576,5.564891700568024,78.46695521773391,8.360529281861517,112.63388758472507
43.88792404380606,0.6752215678032021,705.6237274279007,4.946821138395377,82.43005899677074,10.69644957242539,105.97090043695096
45.68311078799978,0.6310777202556818,833.0959569050539,5.090034415995751,73.80480255786351,10.107602586208671,104.31915268977515
34.78808107512648,0.7429660828574884,819.5824158114563,4.5466122938563185,76.99294125658753,9.007359313337304,104.42339020704102
42.15849357903436,0.6329023309457635,783.5683536726222,6.517439381501459,73.11292734304693,8.017893481633266,110.34329583466108
49.277192565985786,0.6353485225141575,747.1096697104797,6.041847372247503,82.5831386979159,9.00014243734714,114.25049995916459
45.79232065380882,0.5324819617425653,866.8467425850511,4.7401367854808445,78.40699791954268,9.104984791760767,106.86594377788695
49.55599043779632,0.5049497964291391,875.4143409988284,5.598051488685568,86.13741310755793,8.84189902027843,93.8182283414922
52.7103628171922,0.48111898136973985,659.7052330571579,7.503432608635959,80.13431665047865,8.057736396009789,105.45942907213508
49.440961357039725,0.7197866025428489,760.2799137754151,6.278604152264561,91.09274823890395,9.575655222108917,104.67938058656657
41.99746728927626,0.748026535564537,712.3628369716644,5.548509636626959,66.17720097420697,10.306588013663115,101.86786199505842
51.18941044110383,0.6574459240077439,879.799241213584,6.231473974216365,68.40577962071377,9.73855265551428,104.19753717928367
55.11867341189261,0.7504563548137472,842.2979079529287,4.643497177860705,68.1234765279564,8.96542824267373,106.72099963278028
46.166330730498444,0.6754794036653299,831.5217671771429,5.712120336512745,73.67906862175336,9.290723906800597,109.24804526017633
40.74527627342513,0.720829835227722,809.6672532916762,5.743591923771719,71.83729043772182,9.961002321404717,102.59156317491006
50.47077426592848,0.5894468969950013,690.5717701514432,7.117348789295102,81.10930113855211,6.750610962152593,97.29665283143792
48.672548417195735,0.6958977988232848,874.4842800360619,5.492410578380688,67.18446188906282,8.536575575338466,102.81140129556132
49.658417812630724,0.5652377253436067,861.1622829119177,5.193947608567093,85.68589433177138,10.06778598511996,110.5609144370883
51.372997532495745,0.6708871166203016,906.3810032968183,4.8826709541017905,98.37270825512115,8.674292128019827,107.63448049955116
39.84263682113232,0.5059359053637361,750.0645911780676,5.316021880028698,82.2078247498063,10.196940879559719,109.39793536372773
54.047622350181186,0.8805112975565934,640.8621915082476,5.8221943346279055,83.89935590249806,9.611192730730819,102.93984739769395
42.661481433379656,0.7570995147455518,729.1416870718382,6.4978466080885084,60.316409220015714,9.859148707158909,108.51105010375659
46.040392628224375,0.8455344090293221,900.6373643794469,6.225639439801768,67.26049668509542,8.536257394166665,102.92159728024264
45.49484458479142,0.5404498452176367,749.6564484059398,5.814506001192419,66.36073998918536,8.548530443700887,105.23615273787745
39.644817273309386,0.5896449263957476,721.6831785152282,6.895169651359846,70.75333794913561,8.100220973220367,97.04573147070559
53.47049532823799,0.6167738216682098,673.3113623421984,6.200589646140386,83.4197304913304,9.052712792735688,108.45812157528859
51.820304092681916,0.6553969653027933,661.1674590218178,4.72041933973548,78.31198540466923,9.734897505659589,109.40377738682072
47.8577022571274,0.7240992386904138,716.9206793390864,5.961459701758038,98.74614030553373,9.693079661364878,98.07455391843742
46.06651647301658,0.5017329992942662,703.5770812226422,4.835165134440623,77.37088580861345,9.426951565575408,106.43152409192007
48.824949413222555,0.5930705029774251,881.3259570945772,4.5466145542149,65.09383410537025,9.841244353768587,105.82381479231583
56.337556000536516,0.7575648184143232,888.6701908396428,5.755817779598928,80.62892485387715,9.757741769778079,100.8908689826516
48.694838339770484,0.5892864728640341,710.811974228115,5.809519419057016,74.00485035947149,9.466020795772506,91.77217781642726
52.30282307156208,0.6617671843496228,724.5219808751472,6.3946459207233675,84.67803474011029,10.160089288354781,101.42991590686202
48.95897621734935,0.5955434113281857,853.5527044946583,6.425711135975835,75.21667777729706,11.806167808172074,103.23638219995884
52.68497371929307,0.6771074005963829,804.0280558973723,5.647558417177747,61.53751977419828,10.728495315668548,104.97593371740854
54.17314891385612,0.5424162640603526,814.8496697955551,5.353548063249337,82.37629092899445,8.174352095055033,107.68289257354122
48.767949110778126,0.6768600151064205,809.6342769567465,6.511673065311366,76.64102954410276,10.194135411318136,105.89585354013488
51.85521994610944,0.5935251124055321,854.9819739989433,6.268491266470047,79.11427891466542,10.729064137104238,115.91555807065738
43.72601813105198,0.6440093167276255,860.3370922310887,5.815094635767069,70.62263128127577,10.2981643449429,102.3358666840671
52.36530629146885,0.7512828392169659,783.9098864736058,5.827313181891583,86.29892857769647,8.215045751167866,105.69139443799426
55.861054722655126,0.7325036921409988,777.2591949450734,6.545874731402902,78.39454760065503,9.853412684736906,105.01352559895768
49.899276804709594,0.4529920396399776,844.897245724853,5.631953875581596,64.13483623556165,8.815523364066184,110.73586540338735
47.66190867663082,0.5588029580238802,683.6091801657228,5.272436194249287,75.05749844320596,9.61565558690064,102.3850814070198
41.467792278307975,0.6908980846032744,769.9687517036205,5.992649424964134,71.75381859421111,7.650832080242655,100.95154875082238
48.76077554154387,0.6987989037702343,847.926449724437,5.861352765021365,64.69012660390467,9.692203628048944,105.11764815199173
49.95615725321512,0.5104539025948471,727.5771196541076,4.8363498489175685,71.169565088494,9.45545791953265,101.76543127772194
41.222213169368295,0.762971815108554,818.5165196685061,6.079969738193351,62.52120112660444,9.21942283657784,113.31195153367428
40.69266872051813,0.7632441910502905,766.4974503201813,5.1640965903149185,74.7079341826045,8.644214529566263,108.90699603567818
49.79726484895256,0.6315750659392265,710.9525422501,5.133846271444243,78.92325522261834,7.957036569383818,103.24611760709429
47.34588980509964,0.7357470978749403,794.583646217907,5.016576163634932,72.89282991390499,8.7424198051367,100.98046370649253
47.90538661506562,0.7180399185946298,896.3500821526555,4.865215900417538,69.73555310471838,9.17520933222038,106.41837675667695
46.80020265496041,0.6474132573954752,687.9398196273048,5.521613289025677,78.70553424760992,10.424689356758156,100.73792896050888
40.46023232534003,0.5522035192951488,838.2690588994955,6.300878774335052,68.95784025602643,8.569125006493913,107.54518733091395
42.376109118231724,0.6192101142456835,896.35949050522,5.827437911619764,63.88017712059157,11.246209692004737,106.48582832328134
58.998274027964214,0.6127739072970078,572.732085381078,5.995493638097099,71.72953967069135,9.79183576377731,99.29808843237691
57.62892989482137,0.7942259797253814,642.8668159027782,6.319812233240391,88.45876066568314,9.272275758781591,107.60164880512708
47.47921293536168,0.7186423269648754,863.3933263738293,5.0848334589724615,81.21671389614576,8.375124234321689,115.4184474137901
42.51484528878887,0.6595673712110346,775.7899504557985,6.353896319881814,86.9531612803876,7.866824411030326,99.99221667065927
45.842865493548025,0.620972082232955,817.786696290697,6.061350719922672,70.33329082732595,8.885690167755685,104.72016612280792
55.75403805675975,0.6962189126139813,815.0408412041796,6.335367478688238,81.05938593596127,8.25329326309594,104.23176900663594
42.961492080137226,0.8627331822426927,669.2612253126997,5.961146210607653,67.47722918906041,9.144031189100897,105.20881067838855
43.35151800409891,0.6645617621987885,816.9262740521011,5.151171958919315,77.55079309033573,9.058988569504013,104.65150063289387
49.12920585383262,0.7089157219712272,737.0412138630606,6.399717062602324,93.1767461169754,8.846255124361551,116.86699244370777
51.79598904670153,0.6802731358213724,783.8001501444922,4.921153855748576,78.6228598280208,10.3095211611469,105.7855936008993
49.925813244991346,0.7146962365911792,733.3562852119367,4.883856681774851,85.10184941523103,10.023991223716282,103.81547620053044
47.024571929323265,0.6716216069412004,839.3469718788915,7.089578958816399,78.66083011955659,9.206428860500234,93.46449308848159
45.764260867927845,0.7734795856411405,780.0224557886598,5.316040287404128,67.84317418784681,9.55151384683474,106.87461883106634
48.11991949154852,0.6454548815293703,711.3972049954509,6.969158549519149,80.83656999355753,9.580118151396563,92.7719706459998
44.56389990342821,0.656794879401525,840.306512951194,6.290406503880064,81.14570168507156,10.031307762410183,108.16474157909124
47.06908796554234,0.6218083994927778,855.4665392127984,5.133015460816105,79.12872003926448,8.941982657957329,107.09387285396329
43.59567725835371,0.5550470695941805,647.4306968167751,4.512854772947233,86.19898682955092,9.649423444904047,103.38101482469642
50.313498823470134,0.6164461060314335,794.9573628994373,5.93860284441843,77.61821958072376,8.667143841318344,104.83412670676805
50.60546257306224,0.682400070684358,748.7805605322892,6.093974456528182,85.77861410058804,10.512083267726387,102.41969835397441
52.064340693161896,0.5979398329720467,792.6187665796776,5.138017564644205,70.0800701063628,9.947589231963505,101.98823650333821
50.74200696932752,0.6144644205200092,817.5965577260896,4.809483558525047,80.00730897894299,9.614299415359165,101.28614224412944
48.69488599911105,0.5639784268274276,631.8045053399303,5.92549280955524,80.36591589163393,10.284472989321545,105.0726109307906
50.52667360051427,0.7525330720203951,689.183903417829,5.338217843487217,69.71392115395466,10.132671249777983,101.70072850997346
42.81963786686567,0.6596064214504084,865.1800535964217,5.276358204649111,63.144950655986946,9.469276161102767,102.32513589976996
47.84648518759398,0.6297836385425155,834.0378263310583,6.35348229623524,88.14798183189583,9.396066042837251,118.69963953596388
35.87735471892937,0.7124641534916664,799.4189386246377,6.002843787703114,68.24465904017958,8.676101816712093,104.29807809405128
42.2539796511373,0.662506654822246,899.4606919412561,6.669135686991126,67.4080584074652,9.644464725649808,106.38394530404913
42.617618442096514,0.5914900131474592,850.5306116205845,5.211072444761151,70.0823251072963,10.0711099350116,98.0903563490855
39.45257519930624,0.5891881080122177,715.5430933051846,5.24137922819034,83.52681995510623,9.597647450360562,107.0351471192741
53.023965659387216,0.6645238942967321,739.2625690153837,4.635694099378018,64.86527974696806,8.990384257399409,101.49136017052247
54.032173650292926,0.6248487502971944,955.5831749289212,7.414609957132176,77.0406662668833,9.945105628172582,99.12725615585997
50.41887045745959,0.6538062645236179,845.9516851813077,4.565370462325737,61.475440542571775,10.230476471625217,110.77672965870302
43.45372045901001,0.5563916789732226,680.4857750636749,5.489717375754958,82.21701810766916,8.908319619276018,103.4306593636925
44.53542166345169,0.5476449793006575,781.8969782970817,5.652285271261058,71.97781382814314,8.906087950973793,102.4953224419462
56.24547822354224,0.6440605840490772,713.6665359078014,5.961987157338141,66.08161663861574,8.219739683582752,106.06564418350379
50.5534562245438,0.689384440841504,785.3375417392948,6.570722344604023,82.96047501617994,9.484194464190368,107.53286638829974
41.02057528436493,0.6968843655664801,708.30073953857,7.058725855670083,80.58846862448537,9.760867866002375,100.55293005338513
46.21103212506806,0.5528532000469992,697.4522624077038,6.312236408472244,90.70087661473784,8.74428596341808,100.74805875019456
55.29506496928465,0.665530964427799,950.5416265018945,5.032323747257948,54.09827349081081,9.84764024773846,103.73932007689946
48.35721852704539,0.7171016187975425,719.1228888421408,5.932672326215608,87.13556771542378,9.468403960972582,111.27429149718814
43.8639468764596,0.6392889315509506,883.998559700627,7.062090822820195,77.90653771156221,8.102407586347812,101.98481894402092
51.57611681223554,0.5174938135204565,792.9599703454719,5.591528989421204,78.20219887844985,8.864707643937775,109.17717619290521
49.72957505779193,0.6062948418819625,792.4314973921346,7.068534990388539,66.10395167889557,7.596991849806895,101.34418933601142
47.585380308783556,0.5136057423306816,715.7765082266989,5.201618630548145,75.80335362641404,10.231849618793701,106.50454199584352
42.9046373873679,0.622255436461579,679.9283030018161,5.8996958773451045,79.63681041226981,9.605985731277206,102.78459688425734
42.026152329675966,0.49992100111056503,673.3390819875526,6.383923399842641,68.83503470253206,11.092626665916514,101.46551574423417
50.952077266647095,0.5734838994114377,831.6686614660877,6.0877781942339695,89.53178957866933,9.861600585433552,94.82994252166593
50.51798072940609,0.5760227983460523,804.5854726172748,7.319882356074119,62.857052367026895,8.805481449092353,110.87045059086762
48.03113570775089,0.6286757645143776,805.8266980545643,6.1645055622120335,78.20090196556033,10.867205699682378,107.6530359544065
47.155233995112894,0.6900604562955771,591.3093657160368,6.482575790755296,84.80069209105429,9.167734927882384,99.26508951710922
53.82330014491658,0.777259386006233,909.2890749050924,6.095356032610958,83.50611614619245,9.934789406291719,100.8623829843608
42.417626621894385,0.8033773084347307,627.4521190706622,6.674995425220908,70.50652136304402,9.470605359953547,106.96673009747504
48.05898056500063,0.49867385062754876,798.8726789813439,6.0421839199577585,79.85721108505632,9.543388767814696,110.09421283146975
51.63720256895744,0.585274494874932,1033.4854641953823,5.800100005466868,84.0338250811549,9.753922052261363,99.81336404517114
43.42154910854538,0.7729812958354353,792.3395849154409,4.761227241201154,82.68197407530315,9.111477330792301,105.41121472303203
49.04514093856216,0.7248247466823875,855.6546002999014,5.921969237393903,74.60466068893153,10.408629466937338,98.90941597304737
48.50776304801268,0.755572709457124,783.5395940920106,6.516318029945661,78.59884088863481,7.702935124678902,104.52346280408594
49.76872408895764,0.8486678752940782,751.6982356157736,6.353453464346005,75.16825066455274,10.317841395944036,99.09190925536873
47.05092162000078,0.6357739172352836,996.4156289635383,5.106652684534263,93.41268609349818,8.360705417425827,106.14844846263271
44.382580085701065,0.7257568837281447,811.2604073559974,5.429965028207954,71.94445042531194,9.232992069905134,83.66260466372114
52.67126188283502,0.6681827654557266,811.1126632700312,6.502790230392364,88.77380738677317,10.654571052866414,114.3073416329115
51.35094401419775,0.747879725927145,758.6733984655492,4.607151402558735,73.4324842872761,9.713206875034366,91.80452164267737
49.217801663050025,0.80126400114959,830.8682913656645,4.988047021244347,85.75914222274716,8.00888521798469,103.27739521252865
54.3610449585057,0.60795135264975,650.3108881367151,5.8350284122738305,85.1858565555271,8.252559488164504,102.1857783511554
50.059823857229304,0.6962214327662248,827.7731817815467,5.45194519174051,60.48811715699509,9.7185018762293,109.0736674455671
41.97357055786917,0.6763018360746109,674.0408496286154,5.140774376848999,76.64963364652259,9.23230194559555,108.32525896058674
53.84279904978084,0.5608084680981926,770.0771341735384,5.937559679530761,99.24339683049112,8.491088117708712,106.46712904355039
46.1623241449354,0.6781580704914052,662.1230854894204,5.294120529849317,87.4232695974566,7.852212160178809,106.63206325786258
50.642116436565225,0.5373966017101472,850.0450260213244,4.644973308321391,72.45785832230523,9.996931756094684,113.49978353403716
51.86570375418728,0.6851915586211057,677.5933846876867,5.513920695898398,71.66194279349871,9.398003373006015,109.48354036786907
47.04443870107219,0.5987543269624508,764.9908866081823,5.051463769852172,64.46452930263035,9.392065395746577,106.35811058590173
47.44943914191092,0.6219588680565779,773.8680099524421,5.353986916833209,80.36135327926925,9.889210304101022,105.69748848303307
49.581769197650935,0.6540254287191439,725.5429088161546,5.789017177618953,59.626831048864105,9.350044099117078,103.02895030549307
56.659474845483075,0.603304012593658,642.0910179920218,5.321042758359348,89.31745480175601,9.103339492813111,106.53323888888028
48.80821847395132,0.6762453589264872,856.0480953590281,5.2151518476257355,82.82343844717128,9.134587059861868,98.75587658607718
49.24462135546632,0.6099753590892427,899.4550978066916,5.696923129399532,78.65307544543427,8.571586566969346,100.34093760028185
54.962502183152225,0.5878804960987147,758.3848152536731,6.68654703350642,76.94009240916283,9.904533520153358,107.93884008044368
48.218340145031135,0.6227004827045901,693.3856706667007,5.619106441273972,80.14884258588955,8.36784577369215,102.46642732769631
44.19165671681946,0.7751540487351077,718.8366388750474,6.501500577306651,82.2680131450855,10.187817579230368,111.71731743259227
51.33476408647934,0.7545719310221628,727.3868023428182,5.562567200277649,79.33832773698857,9.848146664042277,101.12599576986159
42.67501930022489,0.7094159305627384,863.2495358719033,5.8160025720354795,78.04384704866261,9.413369100600915,106.02948677528505
50.71868449252666,0.6622689753690384,868.4164164571616,6.19293532859095,85.8094678365277,8.14273423750079,103.5587749202571
43.841382941650416,0.5592522817758698,730.5042565366966,5.285390581935064,63.22477942271933,8.345525455397977,108.82781879288694
48.061022781695236,0.6227824433487744,867.0466530099333,3.8377845289529997,88.8028380759008,8.71648664991832,106.72624073637456
56.97921349028423,0.5876156830842181,850.5206057284992,6.282018392842844,79.98928283644841,9.822364708735053,107.72144616834068
54.45244813086322,0.6954279901444274,769.1401529013466,6.226742986629269,85.11558774447181,9.747600449662729,104.80377247984181
53.195901069727604,0.5956464148460981,875.9698727629178,4.28203514222378,68.49977674821261,9.599453510282984,112.60439583710121
49.28029551799185,0.7559484688983881,788.0604848729015,6.362212973581309,92.20217937146657,9.751360239656044,101.40015289794452
48.47362700931047,0.7042217182148459,762.6085885983932,5.690159861583388,91.99068807802087,8.744416488907605,103.24360788809872
52.77919527568209,0.7227329421345442,760.3699766642803,6.441854508503038,82.37596231410548,8.749826644987655,99.31946241636133
34.94659066103242,0.5954036958202152,757.2985789343985,5.365644971900996,82.95727056326659,8.521329093501807,104.89498483529796
57.845387578726054,0.7340505178281432,823.7814973144904,6.6076175421708525,69.3197548702141,9.417326842969825,118.65037500150173
53.87083621267644,0.6303082554826593,852.3228635600124,5.263163464037548,94.9250661177294,9.657212636054783,106.91096383967457
49.14666860526214,0.6098916776426264,785.2078262058784,4.424687117742626,82.29802271206671,10.283502786528734,98.54497235129733
50.02861306878183,0.5473518728977959,943.8593722777604,5.834127395262997,81.09667661771036,9.77462811768771,111.7983745766915
49.73295710441851,0.6438940918913632,882.1768383937788,6.1537027137520885,84.64759437315347,8.954948228807964,105.56162644196195
47.75688747317955,0.5737855521434638,761.2786496728862,5.851721433507258,79.49130193714991,9.595332378427095,104.96678305164157
51.7304394512022,0.6798373567971093,773.991237645983,5.555052568322441,78.05651553622653,9.151157927489962,97.05488193813022
42.23349494477066,0.6093941148897384,729.0359819299133,5.575444151672366,79.33668098648525,10.00455580584793,101.24318844273496
48.107739847361785,0.4385942851447856,842.1736478793282,5.07793687690226,66.31820613836345,8.933730812531781,101.83833615642901
41.002520104761146,0.6473306276068214,860.2282177080324,5.940831708804916,72.36811732027246,11.417352614377922,104.6637673195077
47.7271950129879,0.7875875232731707,814.7174795866312,4.530608403674062,90.73174700500061,8.0174377323527,110.72591728606585
48.43827929173415,0.6416539334246433,711.7480035122148,5.441335745638782,70.63030094984794,8.82846394208488,111.65472662304747
43.50720223994186,0.6182718364578826,831.7215651743079,5.154148737452062,74.34737005420192,8.75948833459023,101.42580895286557
42.46353578468864,0.6729374073244785,779.4635845645913,5.9198792154656985,84.69461659249491,9.793712005494518,102.80665264130394
52.324480402942605,0.6662090511505003,643.4668247954487,6.629894600054449,74.79952856749934,7.319392617652885,105.44818685958195
44.77699945838897,0.7479469665364882,763.6639242267204,5.561199913043163,59.53598071333896,8.714856316736995,106.69130491246041
43.93779688212971,0.5452138696805994,860.3551524817211,6.569103157749741,91.5077296582087,9.769278473893502,102.83766859888455
44.2672487059515,0.692438861408696,887.2970917458291,5.183982360215476,78.1898210381769,8.751129053089223,103.74203939013563
53.42226604468806,0.5877188342105888,653.0107427008769,6.322554959687128,82.72180526285734,9.406290544634253,108.40706810709179
44.31897752934728,0.7684509424518555,851.5128535596959,6.1776943104440285,77.04249459690803,8.375357275472417,106.36413392740151
49.89984652011295,0.6089809739133323,804.9117792653769,5.3486495108351635,77.34312026625534,9.857930637540655,109.05548822842337
48.685808059825,0.6586000543198852,777.2838373060454,5.914996356748629,89.11817920315444,10.039313597654687,98.12408613409298
50.260262648754605,0.5540479879268667,788.8758860335037,5.9082409064409775,95.9605509538411,7.755346246728026,110.3862203028065
40.02436855193871,0.6406647472655652,746.3396606268985,6.559055856079128,94.41929056917579,10.274813315771745,110.33860895147134
56.765653508379586,0.6351616795923478,644.8725069777648,5.150330798736832,102.47214822993934,10.38166075083775,101.698025634093
41.47757552159787,0.7176492028418433,627.8318164307876,4.5263905037563745,64.3432637923807,9.330361669003588,104.77808136809095
55.46750112410659,0.6778747586243686,771.5541089057622,4.946130376811905,78.96722719038507,8.944519560379304,110.50165376141896
49.120173271061205,0.7444372403066069,944.0055995266243,6.192838943541395,80.47531755440593,8.957321474624361,105.38726917386987
50.90194123658883,0.9009527735390066,769.626959254223,5.592101769417191,76.15986109415901,10.264710119642258,100.15535841972905
52.53012333446439,0.9458597999478005,800.9711597032851,7.020491259417493,81.08567572811711,10.408451753927697,108.02416110094255
51.166309473602716,0.819295532353422,873.615640805063,5.0288848227460115,87.32039321371786,9.358705841838578,107.11530415566416
52.9977207289549,0.752456654103679,751.3445521754721,6.219519099832681,89.90294063824754,9.923993185609403,102.22218486818761
51.80015036894748,0.51232226173147,653.8810363182221,6.165644056656184,83.03095823580202,9.803141544289073,102.78494682343896
55.43874783420958,0.7492557398689479,868.2135362790748,5.515616128462323,71.83035914595287,8.162689701037635,111.24131786458344
51.629935536779264,0.46286421637938546,668.2754136232192,6.070865474006378,59.01341893746326,9.97600555192036,108.4454858642215
48.65776835883725,0.6925589837485016,527.9107068132562,6.08775276319246,77.96556969826709,8.731311715171183,103.48439809248178
47.608130921115404,0.4540978027458457,712.6923627712032,5.593036587716375,73.36254730756828,9.493349562894549,103.1021886418208
49.52099674256842,0.6563929172824666,778.4753455649738,5.646034573596007,83.10060844276555,9.233142058438085,114.80521947684338
43.96662989387784,0.6527593135672562,706.4425002130837,6.11654385908846,76.09833729816447,10.282748250771224,103.71917675988743
40.16364982306495,0.6470665732386587,788.4272269655339,6.110883195274941,81.22307044475178,8.727618336103728,105.59811962688815
47.32483137515639,0.7341614318042555,699.6219614315122,4.532739392454121,77.11351290670633,9.69937546470711,102.12270284889617
43.87338696325247,0.6732718698137425,739.5508199620093,4.87536433441457,67.72364263933876,10.330435253399399,102.41169028822495
50.64631648826112,0.6102971435151895,763.0867081535811,5.288954117243522,87.77955002117135,7.329488526639137,104.00022989929661
49.42556795903702,0.5696218499701267,646.7539223452237,5.4076652830713225,76.02052216616269,9.280736625564014,103.4597138787007
46.81601484772428,0.655710828756577,895.4930755005543,6.490600736230621,74.46948833053591,10.664186123977807,112.50821515549478
41.92715367100688,0.7446806684334386,946.8425062147588,4.9872597844710835,78.5814551124853,8.500954624305297,97.62544650377589
57.533435632250544,0.803698699289098,869.8227805695057,5.170701558446063,75.25958581878422,9.519841730047936,100.41130616256265
45.56623224136005,0.612628113817374,760.0113070266594,6.141836969968107,80.62143170844413,8.412621483764775,107.2531966817603
40.27382254439628,0.5027236583952565,776.1517235808356,5.766984009924402,67.7377530448203,9.589664200279156,102.16817865705517
43.838324717054824,0.7493232803208583,829.0221968331966,7.020244129917309,81.86378384641789,10.249400103395551,97.05899701101588
47.56647089889018,0.5398294989227365,752.590089492688,5.835361115068369,80.0079781335162,8.405065070282948,103.04440753553033
52.58349912110348,0.514807687199813,756.3707928278048,5.8271512506773115,83.38680612216908,10.280367683469377,107.57296799006657
48.50254803278415,0.5768669072014174,847.926508056958,6.400970330568784,83.28081686481065,8.85272292475931,103.18298640237738
50.19145190613976,0.5667879466079303,766.4352977015023,5.750861429876662,92.1179472017883,9.400176731376277,101.06332940009874
50.09006108094759,0.5073680351817955,636.1313192007242,6.078217280513206,72.89010316275417,10.878692631223686,114.8599565009546
57.32867062658961,0.6241542374703749,815.73372096231,5.916629231901845,83.47652739103548,10.325362680124094,97.88616250188348
51.45044480511402,0.4428823871017241,760.8154626529608,5.651409501569892,80.87343026168708,8.91586669229082,109.22306511215749
44.18278914007006,0.6055509763403679,881.2841015775764,6.102610345357984,77.54096512339578,9.566807138813424,92.92315586573957
52.254904925645604,0.6835208845454096,822.4226984956279,5.963773840953563,74.30655620568189,8.331229953820241,101.59943613193263
51.46461768334409,0.7012033284864507,576.3919393483711,6.833625339562502,82.35951534450002,10.09505886101118,114.32309633748255
45.8409930032459,0.6953864955097534,657.586719304084,6.631007665819916,70.95061661282809,9.248350541745744,103.91454922148158
39.06743180066789,0.5212180694184418,774.5325482722674,6.786973622081362,74.77182386393193,9.829525752167404,106.5331662616018
49.5988513273212,0.5074077047067521,594.031317067907,5.815652616976098,75.27401302734499,8.254902784978157,108.03984393009986
57.33537086077014,0.7012384332837239,650.8380178154125,5.358676956088162,77.40533844425083,10.10933658018027,110.94050127476501
44.916904177883055,0.7436469208803618,745.8221616586676,5.664703448402252,81.0205298576392,11.794465570907958,105.75130115901196
44.46582570119314,0.6959709421557247,846.5406451547717,5.034263178019719,70.63148294351305,8.971164783009757,99.67676536807024
46.50720741093,0.7323135055596136,695.0476885454841,5.8681891157526245,77.71243137718406,9.373727272561975,107.12294427160525
40.6360312872865,0.6796677370777249,865.7319725835945,5.644531918251031,75.44903091504266,9.982093819958877,100.11791225409898
45.92018963026803,0.7613799182739756,856.9211686811268,6.617757188519056,76.73017721650662,8.51044081663102,104.90045884670218
49.039137050275635,0.8545394658615302,768.5653348969752,5.240961214816192,74.58264407615627,9.523656065030936,97.09797139108599
44.710390497028826,0.6191950468722947,819.3716755635049,6.619386103562034,88.34466564075451,9.633348239555879,98.73496079032246
40.79532045424376,0.6529723488482935,658.9342955142287,6.409024999200991,75.38026767324072,8.886361702655194,99.77420268007009
49.208003500678764,0.6797946251557438,771.1792575128292,5.89334208567199,73.41533489389343,9.00812868780172,102.73214959171024
41.6676780693043,0.5029699235515988,904.2992058222782,5.829496792866583,71.22448067862179,10.17983750507929,106.85332280757966
47.48891653559617,0.6257487154743357,725.2533922568647,6.282350684488575,72.56579382069398,9.91140474115071,104.0504502174348
41.2065041375559,0.7581655738341944,713.7837399667595,6.5457980576451895,64.33294967780621,8.929783854769953,107.4453487940082
49.3980992736393,0.45139206121030434,706.0856945690921,4.390724057907379,72.52677648197654,8.756426326843542,101.04637195908717
50.470286421446346,0.6151280900605781,764.8366435587077,5.775278849233841,82.50721570849211,7.28646526272558,96.43995068440668
45.81785094942592,0.5885245713593221,661.1844518110909,5.444876704771213,91.21627716628655,10.981444663879616,106.26621594544459
49.878742534266785,0.9218951461247487,741.8934629642266,5.146802575272544,72.83641572223507,8.610158430317485,99.31563002096068
45.86164207939095,0.644165412651524,812.6125267718537,5.8991694689456295,72.98250326993018,10.430683543057379,104.63433963279218
50.60704705877411,0.4810026930627025,783.7222170423227,5.375576265466141,84.70814968414462,9.299064420686754,106.16963117384658
57.50943836551754,0.7988862749007813,824.5103766391514,6.170314590134629,68.11951133674766,9.12958982472903,104.17972443319309
53.211176589830146,0.6643913369287563,690.0508469847674,6.349013350615887,64.05410914771213,10.694655639154156,98.16129471011844
39.734296315709955,0.7201614325529017,905.3272808683236,5.2194609149062,70.06711765659276,9.551293797310924,99.82215552848736
42.32123659105018,0.7280402615113258,872.4991928325471,5.659267124030795,80.57939120000009,9.387488233455686,100.14085794494082
47.83233050631126,0.6179467476925362,682.4363692530948,6.561888370305938,74.65453056736023,9.66247574386046,101.41672001994068
37.354398541329985,0.5490864413567321,757.4802547348994,4.990915355469157,66.92852477783168,9.89008771421791,108.31887958708094
53.79199192432167,0.6886553747472599,748.4096432137045,5.081719751819104,93.60718014476284,8.688897010749116,97.43682023319107
55.45063624130057,0.5845446723626223,668.7921809347317,4.462527336033093,82.00803834796348,9.549147663914425,106.79096847224402
48.170832382523265,0.6125791493580933,946.2157893793628,6.833678252583949,83.80252390027546,8.331598846813089,97.15289952986173
40.132636108038895,0.6794965159685162,704.4873650050475,5.529464363048611,85.89939008701135,9.855275728487413,105.16023836529898
43.104671664504785,0.571728685886626,701.5940599218196,5.567273417622213,79.46207201968647,8.934220360016905,102.23056887265935
48.67322473748491,0.646570910603999,940.1517151454285,6.389503391095552,75.7239410445216,9.312967257626468,105.25786203718297
46.54430609267535,0.5610520974417545,867.4046277245171,7.481281847931839,66.216306990845,11.172112657931518,108.76115816617369
39.83204339155542,0.623416997904186,861.850069424578,5.4894816787764595,76.66370904939113,10.410316359336887,101.33954851885409
47.31823066906117,0.6885617100268517,765.4579167244476,5.183091564109974,90.86767402929343,9.578193545927633,102.68457038370137
44.52618755815602,0.6356463884197548,780.6286055862782,5.875134573788945,73.82232815073931,9.410958639437704,105.29341550579606
40.774791868478005,0.6573848158232454,869.7356076959152,5.501444877989673,66.95201979234284,9.717450978906768,100.96593988728941
41.84476888767644,0.46876765344686533,766.8098545824832,5.440581675962253,73.28174881935186,9.529080972549384,108.84167747357961
45.60049457526261,0.5790372012767101,787.9199238250408,6.910995717290759,72.650054716745,8.156632056695425,102.27992675176445
49.572163480281944,0.6470587293818214,895.2935631461637,6.556383667785982,66.78427938207338,9.952873670651808,99.06567701740818
40.09016970316122,0.4519742629168353,784.2038292260268,5.991185970675835,75.30600647586341,9.912121249073857,114.1808937378139
57.47938071745263,0.6685335076253366,886.5252591120153,6.501935722476453,89.30529383982247,8.168895762395458,108.82883294955367
46.86592448303406,0.46644754494274004,706.8840607863652,7.256228578616399,69.08187272838632,9.713675092433682,108.91436131161285
42.97740750033437,0.6388088120244229,758.0033115165439,5.889553900612352,91.68335831512573,9.205952681618495,102.25346243761884
42.02840574953166,0.6901863752787218,939.9106831221652,5.840930019748675,94.02831632543281,8.652404551400465,106.9530579082649
42.98589544001635,0.5992829256603031,742.5473917817249,6.305527940877589,77.462281911053,8.785818319482482,104.91785176695096
32.196959311559304,0.8506987466602972,936.6266396668078,5.275963260307346,79.66638257040671,9.462850141407692,100.48317328520662
42.44682182561661,0.560539945715389,765.701847963369,6.625222324314455,87.07316504349376,10.279957734904347,111.10282774217463
50.92689771900424,0.5252215033314468,641.0135947262429,5.541370996208323,88.3198910538715,8.602589109540535,105.42045340553987
56.64423689420148,0.6534776736091852,739.5961015462885,4.91677282371312,79.25075883756764,9.697513299985282,112.28243954873946
46.00573650188238,0.5514039931615927,781.9998045125221,6.345536796719886,80.50386812548996,10.35659626628734,106.55326971624513
55.452870637995645,0.5687700955848067,722.3576060348362,5.7839116321237345,77.26446052821807,9.05776606799397,112.63586550751633
44.66624122013659,0.7430721640003541,963.0058332751295,6.052960904419683,67.88576285689237,9.719505271104051,104.29126087322987
46.50516464497296,0.575674747979966,878.5522794552437,4.6638918003895595,82.5005030391126,11.017129742451951,98.40604830570058
62.14136321655447,0.5086321152470114,853.1042190519514,5.4346663211265005,94.8022151796497,8.427692024419628,98.7471147300204
43.78333382893492,0.7517165856330208,769.743596997599,6.533449644328288,83.72700724597891,8.674448946605777,110.61609571735595
45.57730454913862,0.7107962582466556,778.7164200871952,5.790397816292605,88.4170814377394,8.219124257507064,116.03768779666208
46.73389863032474,0.7611097354577254,794.1421773750911,5.434057036081665,102.56181808472994,8.265568232719337,100.87699568927466
50.38132724352351,0.67585543306159,785.2134524960992,5.17186869339045,82.19846197744344,7.882366693411436,102.90800523435308
45.54788065818916,0.8916790461429827,846.1516639208268,5.4863587199689015,80.8992789721326,9.264599450615199,108.24300525908384
44.94921115157406,0.5557588489889945,875.8084189392587,5.3707207802780115,71.38126483143166,11.002503143163777,106.47725022199346
43.24129615028174,0.6143503056800272,764.7245089160205,5.755871789585483,76.9550971449563,9.397089978004658,108.49005142377956
58.89419088640136,0.7860857034587035,720.6386216381331,6.138133658951192,80.64694063633725,9.656607982119947,101.6555099881094
52.45434628888924,0.6861926755374183,827.5913469080965,5.433762078389611,81.63311195951633,10.75875548682846,115.7993136491276
40.63381356464751,0.4296688814550994,805.1863990361971,5.402253165420944,101.15112779491389,9.309764155448072,114.60507650758365
49.295661239155834,0.6292074021395734,766.1582353734539,5.909831369881523,79.98757904852344,9.756787716693808,113.13299741203545
47.12771350401127,0.701845406484755,741.9265869262754,5.283303154332285,100.10337085999562,9.283335952689704,110.16041812666394
41.973884309102615,0.5284660881572358,656.6840252843657,6.5779406322130445,71.23603774873921,9.901563570492678,103.08242131021271
50.1933977326725,0.6368291841770571,626.695108563362,5.722013541487825,71.31362712986923,9.889045850633968,108.43687323153216
49.43264415324604,0.5098279104490204,787.5874155956454,6.457165191878276,69.94989097548938,9.636336492395715,108.20643618248533
49.98746247267834,0.605081170912263,717.2322449051005,5.051973543817868,74.79834062188348,10.12732658404403,109.66480359022418
42.8958977723131,0.6240249798571248,782.7420401337343,6.031697439486179,82.11921474205663,8.24936593901981,108.08001613935349
50.009665491707764,0.7359243012753471,884.9617208091056,4.999482041818161,91.32045389887406,9.571980953907145,102.36048247066498
53.75007442989968,0.6455379438776776,841.4883862734791,7.040530067129527,69.63404737459871,8.77622045142393,101.96732392755774
52.84364950674499,0.8215361979352263,751.2402071460975,7.036764953750772,80.6173752873139,9.746273072055189,107.06020210929891
41.29678751048348,0.6791858903437118,810.6107629172385,4.750887830642389,70.10307029376712,9.126282204950044,117.8344892570923
49.299512410068665,0.5993603452386876,742.2762326982664,6.580377400157848,69.14186178546358,10.333704910369999,110.39619963357187
52.50291478958549,0.6756544327154312,713.7106889572809,5.275353295551459,81.20195556077911,10.270933780190886,104.61752229956036
42.2762663689365,0.44667497384664584,775.7861458327774,4.745437047838608,72.41060259740686,9.580544920253368,102.34094593416097
44.50696360414602,0.7789218411051844,782.2399857263196,6.047019272852811,75.2871382669941,10.214861523496548,103.54552496319083
50.19436492383978,0.6486890654648412,795.8780783377329,6.206124694256238,65.69252666401515,9.26152909261535,109.53491892310085
49.92312208008313,0.5541891300820835,702.9262916753146,5.971236342992948,73.1544573612868,8.49487881773534,103.6281175424583
51.02731064766322,0.591028072438017,706.4130265171563,6.245259848846418,84.71212093907221,9.337505964915136,104.46568979329454
48.66139139388662,0.6107687867774871,727.0451404082719,5.611192728063673,71.8701095570142,10.15771049770334,103.09623982438812
55.94714583068851,0.7347295976846158,761.7770068749574,4.7716459487368414,69.16607491758043,10.754728105303847,104.7143100233558
51.31387473810467,0.6749459562684959,717.1355605524833,4.7721425529195,76.78290278967299,8.768968837789643,105.52327132972857
41.87011014183804,0.38281070040330883,787.8394179275192,6.1751141613975316,94.82363167061935,9.646318451548776,106.07966252253094
51.0187107826342,0.6814927558638528,801.5036460089732,6.506890229456679,88.75024788628645,9.974040783763796,108.3423596636441
57.47922866095931,0.5922863218313834,693.6235890206252,4.850050342297468,74.89414107133753,8.707921588124163,103.98656155970701
47.07691799946862,0.5883262866473972,741.6057514052894,5.350931602855741,69.14931055655103,10.309586782738242,105.49526849430423
47.38651608639737,0.6707386557887732,781.5629339938191,5.353559686224058,98.12129767973649,9.791441772131186,99.50795312525152
50.656647851637906,0.438481116262743,731.9301996100852,4.829461839876031,81.75333290323525,9.711332570884279,104.78161614438832
46.26199947884107,0.5167892585646164,692.1717660070377,5.625723704943628,80.34113892565688,8.50134268024434,102.16353206447036
49.47111560977041,0.6068248371942694,852.4254579164293,6.97066113800455,79.2275472162088,10.00917272587163,101.0129892463125
50.501110379393594,0.8787900482784264,712.1135435252991,5.2666592603669296,77.28130503561887,10.768231769625793,104.6122292679329
52.20648332186048,0.6262127342340688,810.571905440753,4.97194008791728,72.46748084775624,10.439241586218204,100.90860225779991
46.461031766977925,0.741551559567068,710.8077791821772,5.92307644395401,75.11278917861489,10.117745760512987,93.15524581171802
45.93656939595034,0.5217484779518347,643.3904116714908,6.321629546022889,66.26297886990338,9.346056312927683,101.16445681029006
50.40601514543439,0.7560787179909338,804.5008497003121,5.904511933248996,106.3747594015058,8.881092608735223,103.21083770363214
48.63056307329663,0.6679739888433938,877.4803688383274,4.7645107849346005,82.05607059818475,8.304333337361216,102.97291605107407
43.100485167304406,0.7073450955764253,729.9150720476707,5.08950144205678,75.02533543722524,10.118074624325985,110.84251593619453
43.536280069889024,0.6827752817548436,727.301673605363,5.232161980226918,80.75477261918607,9.898437770754596,106.79952023456966
43.40354793347012,0.7698222675396906,869.8043184238666,5.144760606350246,84.12990762269285,10.787418489884665,114.41652391421118
46.779993399747106,0.8365965478619144,562.3764267716192,5.513882558459844,71.42159842248154,9.957422657394684,109.7952395963621
44.25915906524717,0.720897174571253,800.8284021167128,5.79033515317843,75.04451785471605,8.823926120238255,111.51100581959155
43.67485589203565,0.790707775013126,720.3904930579557,5.535005731596288,92.81070708475312,9.68333985123596,101.26340694697234
42.45674185188611,0.5045719686013573,762.5028133694138,4.93957256684896,67.21841074015028,9.780997437784032,94.9429867047665
50.78493046445786,0.6064798630957429,847.9510042552143,5.928482422576013,77.71731149869781,9.613024378141267,109.24644010345398
44.93758465758058,0.5890210734499471,796.1910169694276,6.64706141189493,72.18533303141704,9.678946509903191,110.79205415693588
48.106717155645214,0.7903080661950183,717.9645945947535,5.39784266887189,85.41660719275393,8.996968101490548,110.49804341448029
53.921657540818,0.7351196869108262,744.1341738642824,6.757493369763131,84.97769657710776,9.65258221439289,102.96160289649997
45.63559565256369,0.4696130442714521,701.8914832179643,6.493248167694269,80.22702699173756,9.442880324802916,105.09708026161712
44.99845453165752,0.7735059570507021,757.9233862527396,5.078802791295034,79.83741267334403,9.692051325649512,100.56847551574326
44.51195612767308,0.4651808815948484,868.6892044209135,5.104175673360113,83.62759237663734,9.92747510685762,107.0520520093141
49.16691083538046,0.6500143850062146,693.1887801818992,5.540126160608275,80.32085693173337,10.107004067252715,105.38479362369705
40.35696879087173,0.7354402900600088,795.1890676604033,6.302923122639041,71.20928227824317,9.076591556210692,113.840761224393
50.210679107458155,0.7004980677336787,764.295903936403,5.963784338172381,84.05463886564277,10.433876026073504,100.85979151726387
52.04756929952454,0.6352526591254335,712.9761289180595,5.972667473633327,65.86248902455517,8.918973572641537,101.78114361854362
50.044453149807346,0.6128668319978045,874.4338653182415,5.495763635599574,73.83108801576788,8.136657062352478,104.36110086591145
49.04815461608181,0.7070340114854384,813.5412545724572,6.999528693438269,87.21998433526622,10.042094243044449,107.39386053604662
50.500590702370346,0.44065237166075005,892.8468615671749,5.07116856117929,63.377374116240006,10.408279795439347,99.01165544140324
48.35592123757072,0.5499750351815219,776.680337405849,5.7547046561781885,79.43488713326889,9.059463089755862,111.09328132421616
49.29554561695948,0.7350699163870456,618.80690661409,6.067746807111881,72.02483968044815,7.334194692175116,117.79207440272938
59.08645663716574,0.5790050631455124,690.2861619812945,5.2629860089393254,83.73094069041589,8.33315065156855,105.82119152358541
47.02003557305004,0.6526613373685636,847.9723987277224,6.0309950937457035,61.28958620222526,10.484851846866986,99.28524549057394
56.13351348233588,0.7294352222029621,696.3702200570544,4.871148082883234,70.34400833640935,8.898370132505281,109.3123749970656
52.35103071339338,0.680468909256047,664.2347943964907,5.888135457985687,86.56315750895024,9.883847201366775,97.85659122752817
50.44330761993794,0.6178994753111828,791.9149521731299,5.655097215721712,64.49912191846941,9.752341138853653,110.1898833797188
52.018497799187564,0.6690880335610443,822.5571496177431,6.771508627381551,85.67159394799504,10.822296659745849,104.14744703204389
45.751999233430006,0.7825419297039502,653.4139228801635,5.907873137998695,76.63502741210948,8.880861765048905,112.17859620679657
44.47009103871765,0.7056357958305022,751.721949497454,6.7902712804832746,72.97225201679505,9.259624329240548,107.48006506725382
47.57709777696681,0.48471795400748996,857.7823563570914,5.937381041714387,97.08098112630401,8.59328221587429,98.08555796967175
52.90462148055877,0.6444114449326989,766.6907666396578,6.782679561879557,62.877914666419485,8.517889183552718,103.35745565170862
45.927922465429255,0.3965480147008124,728.5212314719001,5.323877487050705,85.9705545987454,9.47645554756905,109.57472763096769
42.59037949391888,0.6092683070332375,817.1412699070887,4.947928226238283,72.41196068623427,8.639015018495352,106.29463069641679
46.52111150895878,0.5435911721419571,708.855237561653,5.585765807494468,78.62028619598057,9.771169284001635,100.94106814321042
46.55977099177064,0.4354688795421192,699.8837297552506,5.513000391941285,76.82587094585968,9.564286213913904,106.13102784422412
53.18617525426423,0.7459741642366702,822.8697432345662,5.526764825154186,81.96761216955359,10.56716740110937,109.77629441579728
43.895727887276955,0.3772224152431107,792.8813194847676,4.78182541420172,78.94214452872679,9.413999829054756,98.85356023569304
43.23580611070765,0.6735616121728032,817.4919947132285,5.731703766959968,84.59139543920371,7.702075753081791,109.37801065594371
47.1510718040917,0.5734925106278611,657.6205062370277,7.028600911774349,85.95542021663917,8.750543212020997,104.19422582690632
45.72790383015239,0.7431950125160007,747.3210678909355,6.293812528410116,77.55490491971453,7.038754518872699,101.13400751704079
48.41500179301669,0.5471021278159487,643.6230161297412,4.807397314471933,79.90582171032392,10.845193788209436,106.91250093824196
43.40469473959307,0.8161643983092485,687.9872205951252,6.416145205778355,68.65359621244176,8.744892918491615,107.94986721310421
45.001299905152734,0.7181060266221609,734.0513706483979,6.069853716342003,80.0767462174789,9.875760535006794,108.99748322419993
51.33043042269919,0.6324050517600341,748.0133072257379,5.263098882826716,93.85589728240784,9.880932101526819,119.59598501957791
43.422364636074114,0.6248234774231994,800.7194886514017,5.562568983056379,77.05825511854034,9.849302369647098,104.75494458671062
46.46926766141433,0.7366199235298604,779.116569314782,5.512823229887983,60.49309557395402,9.686505694943337,108.52346537123594
43.84203942190376,0.61315265026706,749.0106245463115,5.400833918328821,82.24867689884253,8.918036921390303,104.5252980835934
57.820503681418046,0.6420993792813602,772.9051210105528,5.993147498470949,66.09376644027606,7.988226920858772,110.87643854567175
40.60671309865344,0.6152820766714023,635.3574148215758,5.421152076091131,67.67033801243711,9.860884522586979,110.84098509506752
46.859957533002834,0.660429131514831,847.5045773596646,6.515542122507331,92.02062795623002,9.718910871917961,109.7530640353547
41.92543841791255,0.6869716009864213,830.382174072093,6.11927010352524,80.43062930088678,8.50702341084351,96.21273743476291
53.306556943597265,0.7984669154317253,750.0848803231903,6.485326439348726,71.85484148846272,9.856101498503131,98.57738092787943
48.29165145425777,0.6511381860804539,787.8705565496225,6.179206107554977,68.48298950234168,8.406759153645671,103.29576270389616
45.93809393023524,0.6951409851931311,755.2579543730371,7.036452285337864,78.9902238717348,8.208065316057581,106.4059961824956
47.87796011948373,0.6439361262266609,834.2172542114181,4.89006183439744,80.8272345088345,9.333739708095655,111.40529630734302
43.311151811862295,0.5700406168081504,776.8034845066786,6.31644191772189,66.82318815817888,8.074757870924154,104.00784788370879
48.55041502955216,0.6638631202708954,737.5400778923902,7.563191547219851,87.13154431413456,10.3758372419516,109.45502519496029
46.20715989523149,0.6518930695819863,794.0766861907681,6.420340557703941,68.60551352253012,10.309413922526689,107.54064073931211
45.786286406402056,0.6038031982291523,819.2519797524207,7.246785955458684,79.86618205875956,8.40784140541984,101.5109491386067
45.569171802679136,0.4938144420028024,726.8661065904889,5.493687392827478,84.55883735641966,10.628606438199924,100.94822867429106
48.712479496089536,0.766408143627092,812.7748347595557,5.999741143996583,75.37653981561137,7.82170075256332,108.64394700178346
51.74881775161137,0.6007125606233212,896.0007606518512,5.154835341200857,83.24138292446034,10.524361746144438,108.12298570965599
51.9900120881849,0.6531806214713338,843.4080522172137,5.063039281489317,62.789293027209695,9.477865047004002,100.55711465699375
50.765590988085535,0.7086075026341019,737.1846438944013,5.451075946577933,86.69999868133937,8.068023717799944,105.08836871711233
53.00689924918191,0.5870847530793409,834.6450648453832,7.266345418695504,63.153934807337265,10.416752190750586,108.31564725063333
56.99941123039503,0.8601716878222281,865.3169166295413,5.242333431042509,72.34926960067006,9.959288112485922,92.98935422246207
49.224363357036154,0.7304124546462089,774.036193706246,5.369979488470369,72.25229651236964,10.062076339801024,104.14957992499284
49.57619908053836,0.6892243472601222,883.5753890160145,6.0345725944222375,69.57271590074495,9.015354060999734,105.67453928352333
52.755218401906326,0.7426328838094355,691.4983161921905,5.776157977033851,77.61075961698475,9.26558449157273,99.29548936201111
51.867708133039464,0.6201490625274884,695.9716742336686,5.90271315910189,63.13349039565836,10.433863930039685,106.98404703057894
43.15759646658715,0.7223143698092946,812.416795964635,5.351446955115647,85.34484686133563,7.186757092113911,101.62238968615155
58.747700917378644,0.727753411980445,865.6095730817406,5.135289683189993,70.32739918451995,9.540419987682142,104.97993601964652
45.90548838478706,0.6825151874653744,884.0530494571329,6.215850303170313,78.3054881433753,9.401537997725848,101.84827709517151
54.04956830807119,0.5631899918583618,705.177149601658,6.9684855400943215,70.25187334173944,10.846431676486672,106.56186159080269
55.22566237617298,0.5667971728055701,853.9553469545571,6.034520557765456,93.01037737083519,9.213990295044027,98.84636535584843
49.534183185257476,0.6483394464361376,794.7261739174845,6.016324389063874,75.14596313830714,8.749017889112764,97.32151979458486
46.433537490665685,0.6044296888171083,748.4252912183467,4.842553484545217,108.12998097878436,8.970591180163979,105.36335718430435
46.378091599021964,0.6477463806238044,861.1867755673412,5.460147003376845,89.50000140165359,9.861571541020579,108.9888943631774
48.982691130967424,0.7123176477722059,731.3620579547953,6.663287719405867,61.56169629418425,8.65097460680045,103.82169713264449
46.871886219889106,0.5660420740267607,716.474630582138,5.647695493943832,87.03249751324589,9.415788164754325,100.83912445128213
47.63302276412444,0.6932739676304556,880.6759727266906,6.511884716875044,84.48148633970578,9.12843899819572,102.26711591979151
47.65237059785793,0.46856413719990975,926.3517907775828,6.478647280962543,74.12940943135577,9.167607459531805,102.15224326346343
46.681945065268046,0.7924966994709669,840.4521351652036,5.208133107379093,72.71945481773251,9.688293245709204,107.19120266146638
50.55562831906536,0.4839387562890621,663.295188665637,4.536327542381175,85.15860106622311,9.905969138003979,102.5132354714092
53.94633532231268,0.638486798488246,801.7446866867457,5.03795305302667,62.35180919407778,8.90488180468923,99.46369318208686
43.636648195333386,0.5054499602820276,750.9402553382557,5.849344366293878,69.06607280632176,9.219970161827701,103.70283901310378
40.717624231056945,0.5500143701549274,868.0526899197787,5.517818880925088,70.3696905766986,9.368783147474812,99.16750287523209
56.67745989907727,0.5456670692528164,756.5364464511011,3.3837086951476762,89.5339567010811,9.704887748582651,108.8043540406869
55.695200066098984,0.7394836662881947,854.2338736018276,5.206993755546908,73.58313452156264,10.308496354819445,107.14532404295655
49.97585467868236,0.697263585130881,645.4459945282194,5.438428564766986,70.93943090549062,8.578719901869047,114.80308474453264
48.69987608019869,0.5368381461869091,712.1238137531225,5.711937904031523,77.30950422969782,10.884230569481067,102.92665280654512
58.64028554737017,0.4732778588648733,737.6678319534208,5.823885607617728,77.88425568708666,9.08004070366527,111.8230793379881
40.25382528874538,0.7722450667575322,695.0600405247111,5.778609871738154,74.13855388239254,9.42107701931298,108.43210761836704
44.45420762447519,0.6910456165341394,813.2042156873167,5.245879908075803,79.59550603415045,9.368545654820611,93.79745105785022
51.50140519423393,0.697719377838198,605.1915781137109,6.12847554002568,87.74558914027982,9.512943073542848,111.78699612914855
46.404350458170235,0.7598280303092321,830.1951834250498,6.736234227986546,66.25764519502523,9.038497033434947,110.88425117613376
47.759198893145815,0.4850799816270969,820.0502104622497,3.675838276160689,81.13710041099213,7.94455629520735,103.01616434857787
53.08570696085183,0.6865935922860251,820.9745322849858,5.258636022262029,76.73293092767202,10.60790568448769,98.83443248549293
47.63465008162956,0.7593383113614345,737.7009283964434,5.617377569886305,81.81874240160157,9.15631591143039,99.22585124806609
52.937275665089906,0.7313514700913509,938.4567814800612,5.610654514556263,99.95146587932427,8.884660731215716,106.80475238039132
48.55004740123985,0.6358496739467437,734.2259697793772,5.341245630093119,64.99852845621572,8.145159519271337,106.13622787662224
58.29668297005233,0.6006113571004612,800.1783084839767,6.481281570668594,74.333223022799,9.190895397318991,105.83688407172002
53.65745112779451,0.720878586531551,722.0044544161942,6.399236351648079,79.79569683228962,8.89515942342632,100.63065320591801
45.8897608086937,0.6912910453707426,741.6204524180065,4.8531492289308655,70.82517716507154,9.879695507796475,107.96272044337063
56.22650551198572,0.5767942352275403,663.4950221311872,5.0663739167902175,83.02267841675376,8.873077953948695,103.83826966044889
50.43149928512742,0.5940528296776327,779.3497902541231,6.8883003404735135,67.97739772665527,8.802668647863168,107.4634174675276
38.17424073912858,0.6905824226197105,741.6009719565069,6.108848473959461,77.15201409650135,8.157306972068103,106.54808854743466
45.487039341196365,0.6256320544222798,793.3689067796977,6.097929599132188,76.3927195696813,8.841707455345336,102.38079935094906
49.619507968439535,0.6997230332593545,690.2658751176751,6.255089020718164,69.77217000582056,10.223614645919406,114.50377435067357
45.474661313313945,0.6849440286948292,655.2382930573021,6.390978442622773,82.67652579290093,8.967622130576169,101.78974691099536
44.0265026450312,0.5955575830988497,807.8739733861553,5.726540456721228,80.50729669579104,8.248764171225924,104.4184295169021
52.07471545557556,0.5365352441707953,681.9704173856644,6.754981498764941,67.13297912980256,9.761177425383352,102.40898877479579
53.86546267453102,0.8672198121400774,668.5994629864108,6.4197703855781905,80.20477492312207,9.807741034358944,103.10251273935918
43.77221158205957,0.6280997727446848,840.6813560835838,5.876636181266449,56.415860937289054,8.602848499352449,108.77658664024078
52.41459795753049,0.46608117227239965,804.5029040912233,7.881050606853161,83.11119336816657,11.648896639090935,106.55207536038554
52.61540337869938,0.6470175935548699,838.6394570835387,5.359252379599568,55.87946704260067,8.721272961681764,103.13405256295987
46.04730564392067,0.9416522776577783,769.675198504524,4.879759412176049,79.29687353246239,9.678714536712416,101.2227533130587
47.62574457173866,0.6891180284459748,639.8411634057002,5.693039623528648,80.78907829578314,8.435913143162072,101.83604037987618
52.16097892199221,0.697706436796259,715.787668100627,5.538449415777069,80.25147552459883,9.728893417223087,103.91625573501109
40.923845481170694,0.4192078075926181,633.9389852674693,6.498514751353147,68.27141768271714,10.141349389923752,96.96906208629073
38.30922982932732,0.5628197999933837,666.3978341216744,5.070804668137427,58.06373730453937,10.509271320658195,109.30457403420401
51.661273688806155,0.6268994903449935,741.4863903147019,5.650716608717263,86.9885132580664,9.210195791336705,106.30345216942241
46.554628520878566,0.661560430843752,850.4634079088175,6.013869431960479,66.24543818570513,8.828063129935037,103.60195903248237
43.093269765322844,0.7156137644312264,766.5702136206294,5.860735368425188,77.13083922247104,9.545002033121646,104.11278549030526
46.888807665081636,0.790356729383187,760.0087745800334,5.748954727827875,88.35767749426066,9.195790864994429,107.66716434640541
44.17288246274582,0.7801074377437809,822.9189233369569,5.88595583756152,77.52643027033814,8.313503586268407,113.3104340770708
42.30192435939641,0.6540886000638235,848.2422638811145,5.3763682436690035,72.53402383442193,9.159867770530006,109.39284781829303
46.38852288178137,0.5835902089237038,839.880203652005,5.051147342954167,70.26218913223936,10.892066790923025,103.93213713928893
46.3309410452618,0.5982260209424064,811.3772474155879,5.293964867710213,61.552677121922954,9.572382555024394,104.42975085382285
50.79217017630613,0.6029219501623352,805.5031906627601,5.678533704554584,78.77863633336383,10.160243317493272,108.74440977167725
38.972273675727344,0.6407607854145165,774.9976303914947,4.847794708691674,73.72075615476338,8.440318316940385,105.53508339062265
49.48149728221,0.689940615637957,773.9698922016404,6.134016594578968,91.62592900965936,9.542615540912166,108.44866608876981
55.6720009803997,0.6529757347304594,691.7755358210889,6.771052772401315,77.40972195330178,9.360675051067568,102.40305110821377
50.200390779268034,0.9450479418192765,813.0222090489666,5.099298704455945,69.4837396790231,9.12886995050157,108.9659339764784
45.4356303914676,0.6663099125733553,723.36316560967,5.7719223982505214,84.63595197212187,8.281887996377662,97.5604533289013
44.52799083298343,0.5898067127522595,683.36669469954,6.060509593680122,78.87636875353137,9.56744519162747,103.5803541856754
44.53573125637019,0.8818008774962026,607.2137560372771,6.270685828483785,80.44182955432507,9.530047922872578,106.17802341534461
46.881301303739505,0.5004523214465357,836.6390896255866,5.960782411519212,70.07400790920417,9.717200969576403,105.67251641402088
45.251628652155254,0.6205894886584343,713.5385038631936,5.06863605688327,82.06581761569804,9.100279269295871,103.44297584352351
54.87247071211136,0.543553131972763,858.2126733560078,6.734068051299918,68.2446116169011,10.432406588750347,107.17160483493195
47.89069996160432,0.7550628610259487,854.1864086618608,5.371837212396287,63.079857936115275,8.984775909756085,100.98720559050605
46.21958416753103,0.7291354033433927,761.7511040293655,5.39841214927093,62.502016805365606,10.460682037449946,103.6004099686414
49.060991603333434,0.6362457027554504,718.785090365554,5.666435244532247,72.52213117410098,8.641999601973394,110.17779260123599
49.4364457390207,0.7226817783543075,771.132710304881,4.56403229709055,77.68818065319782,10.53066155175286,108.36247722690561
57.05802060863139,0.5476709076358125,736.3834161770721,6.138014533024438,80.61223842562772,11.896065280540867,105.85049900919579
48.80528506329262,0.7660839862912862,690.5649843107658,5.581044823606323,60.81955723663236,9.577530279032958,103.17102475499927
45.76287133749743,0.5991282296572404,773.1839307288528,4.551090042103941,76.4839454331928,9.919146392939886,105.06582789994208
55.19299105813782,0.6874489928534698,839.0086814276658,6.524220538387621,74.33544936408612,9.487553228406052,101.32608795241046
44.677680552528436,0.6070169237239185,913.4824278398622,4.415690524717119,74.36984297249869,10.991428291902075,106.65621359999338
47.53685921426849,0.5655163991183852,705.6272329594736,6.5768005935929725,87.4720463238677,9.925748977962087,103.04720874812591
53.763151239231085,0.5995636849602202,719.9081883423464,6.203980347428994,79.47613126169455,9.408355433441965,103.84113878337928
51.44611805181449,0.5649006206355879,797.4522919897656,5.847226088473113,88.56585305908287,8.943478555792094,101.75130702912273
48.257769455933825,0.6876753934744995,780.419555011491,4.903213607233149,81.69155742875662,10.091773831862884,107.32363514389094
44.22721523988258,0.4705638634584685,689.1612717850403,5.560447815573016,70.93854204395855,9.110172703367029,118.12759206784297
39.29903526230329,0.6934590286933112,752.409395778709,5.795565727287902,88.4850502307564,9.710558903474709,102.91531701913414
58.91359003828077,0.47111780138484693,729.0595320716882,5.81691101777949,74.59183720394212,9.655456933927036,103.17734771058403
39.07355925432772,0.7256849877263665,825.2533603445049,5.096731566922647,76.32435744790179,11.390717114477862,107.95963469948572
51.32652165445362,0.5177886153549552,703.8636853911798,5.717545235180701,82.37045725375984,10.50838683658531,100.38044297148184
48.00970727062646,0.49190404342962113,786.1461183591324,6.341554357595531,85.3814280753606,10.085828358514465,108.44734670579918
50.44972252718506,0.4861275690046247,828.7187426526724,6.453368426544928,80.08511277408404,8.683293125089827,102.03585829607783
49.27955036336408,0.6974817350080353,660.3274308396971,6.100275131789088,77.32470343240192,9.946370932497764,99.43744529272098
45.19450993732285,0.6146155494310974,709.0223832013261,6.2188130474168455,69.16438540661439,9.303083285486544,104.92836218054822
44.02697062559995,0.619752119044475,757.1110156248436,6.039523559781462,80.31993177989041,8.899880774500756,99.71935838969877
55.358198952312236,0.6310959970198844,842.3039598189534,4.311112638115942,82.93819755088627,9.246859956848157,111.20169703971449
37.38477224881815,0.583067872254642,870.8964625141257,5.9446252228073515,84.40006804247456,9.675134996568715,103.31661878888661
55.702343409769405,0.499751666265651,856.656012047998,5.746439636110222,61.55443837263341,9.090680148751577,112.34925607184655
43.4583078660963,0.46337885798553635,740.5304055759658,5.8045062771257,77.77634289781624,8.632342310062164,102.08624701927225
40.364739961471415,0.7133510512913612,754.2504024968262,6.219992331195797,75.75360978558524,9.023124996621192,99.6777193544054
50.5652614905532,0.5477518002318686,793.4544701472951,7.092668645321446,69.13638959720271,10.0669143180207,114.27095775304807
57.64982855841217,0.7196656794125307,798.4780599730555,5.9975970105778185,64.4301238599139,9.709610147531086,110.34053673143953
51.65452120937637,0.7098577597558344,897.2244292763244,5.356277126504592,77.59018638060084,10.465265626244674,101.98145686233968
56.20138089797098,0.4788623262094672,870.1233372845752,6.404554339184937,78.44115083685705,8.844392013498933,113.34739548059184
46.78076126092591,0.4730781646909721,820.6547572154055,5.189113895163193,73.7873422136303,8.662309092103152,103.03524559903511
52.72019443526419,0.6397952337221233,783.7426891077789,4.447760054192782,79.63029915302057,10.52034944984634,110.2720921331513
41.09780935054012,0.7212045029205335,724.6253769804224,6.190081113483693,87.693905174196,10.217104664163248,108.45623841372196
45.99672877879074,0.7054968565736288,838.0015630201232,5.917572675870725,89.44770125180543,10.531652446281374,105.12862439834066
38.5782355520178,0.4523141498940564,679.7130060955092,5.632915489986164,81.78027426056128,9.70034588630724,94.84336703145412
47.9507210803888,0.6006150621749813,779.4555794269323,6.142250424091435,80.63544084900198,8.439906141810763,111.98509110763538
46.225186792044866,0.5976098327647049,885.613780598933,5.3301456394383395,77.34769788754653,8.320919911663445,106.18107362711324
53.56448350800514,0.6731697462965064,717.3584533707549,5.981766518726921,71.20213286829213,10.913742887120312,104.66277128522871
41.41435763599665,0.6475018327080064,690.5353625980849,5.43228368250724,76.40410468455725,9.660124075825134,104.60467708309683
45.0924845517733,0.5934558145855406,843.2135727806892,5.392586150295064,54.90838036755595,11.411431489951438,97.33972027905095
45.083138334824554,0.7386516553754243,674.1300269023905,5.318396679234348,80.20251174519149,8.459017853502822,102.26455334016224
51.27290409730502,0.7934681024953869,796.0143103751279,6.794897749340013,78.27196422334936,8.436605503456388,97.22781170435378
54.469532224149575,0.5634241894258798,687.5177519574737,6.2870283574762285,78.76038842316109,8.194738762149713,108.13766763759133
50.51781245934486,0.6416486470742664,737.5424198054711,7.301816392223309,83.46784596104365,9.003664207420565,105.36691757438065
47.069604145323844,0.6454169835056704,785.0234163712627,7.143397813464433,87.40930557769272,10.271884617297161,103.62616933010574
46.696938021407405,0.4853436476073226,718.0780109064253,6.052544948150675,84.43350298848384,10.112025347711846,110.97063837200798
51.56269985004515,0.5968611768851276,921.0532192980255,5.741241153946268,82.7458043296523,10.466976369752155,98.01074479035626
43.9821929490532,0.6364375886355039,750.7642197041336,5.59434866481495,91.13119400503457,8.72285922964887,106.68861628248123
41.70928831553799,0.7483823535773235,840.2437782403966,5.989032201299715,100.54372317984804,9.909000142253019,102.60497630368036
43.43248072314015,0.8466914411818963,775.153568872226,5.627986207909319,82.4912175850534,9.206860772798953,111.83061577099353
37.99484355655082,0.6096712747282366,785.3321374002163,5.516575460265946,86.55979679686988,8.757050727019314,101.86982431438261
54.10979681886528,0.5978407186035437,873.0342147897982,5.111481779981558,90.40129451457376,10.729164833002478,93.29109651126315
51.33910244992358,0.5309659172645349,813.7306187347448,6.929025036540616,79.69566577378131,9.467682885814668,98.09208175286115
44.62840625222011,0.594058627674771,622.1195213421441,6.706618735549919,90.94434997885192,9.412428173645054,94.87761766822544
39.09116634359774,0.44898321615964976,747.9305032292647,6.125954895019708,76.52213744318908,10.123318801025412,104.59807057795358
44.638430068197785,0.5401315495283282,799.7069225642283,5.62988717196251,98.41090523361797,9.237392665491324,109.17326965223188
44.91332549826849,0.7038598227408,984.0234417797055,5.775213609841105,73.8464455438986,10.305537812680775,110.07882241028264
49.01883671586586,0.7719253391512946,751.3210334531875,5.846787983019069,74.8053592639772,9.31915686729865,95.89760145736354
50.5835158252062,0.79657559612923,781.7289462285993,6.105888985879421,92.25957178563861,9.282612896786095,92.9812974036524
48.5404123936527,0.7441586254803702,742.8768184610841,6.206225920562812,67.34179895078975,9.52131818777263,111.7816383677585
45.03108976764707,0.7435079817118766,732.3624343070973,5.182054875725534,79.18560422367246,10.92945970114458,113.91881091004085
45.66167753918728,0.8048809082308428,781.4446878987902,6.835121097315958,89.69230334943752,9.782518078183628,107.33035298579074
46.90424889099877,0.6311984893824263,716.7291569001288,4.646010898043366,79.64250740235433,8.332914331876998,104.90644973502003
55.695159742836864,0.71660184498235,846.5467789377673,5.80813649629633,67.8963219432992,9.804737204200821,97.12424486080425
51.71906282792179,0.6311582309638462,803.8721385931356,5.338550803057229,79.58036845715476,10.657114711478084,101.66284178992399
51.763310786799686,0.7455294534660493,874.3898303679737,4.704287747307884,69.16034540831012,8.463825053686028,101.96437371665554
43.63834196979566,0.6862329463852234,825.9023267686173,6.875331735206259,93.2038579495483,9.629310347625811,100.75114370935009
46.22042103378496,0.7249884518265262,808.7532792069586,5.569576763854778,97.82668874417769,10.140420789113731,95.74565750457054
48.22008754093801,0.6652217187416074,662.4056433305909,6.229702148433,75.04351874766691,9.362518332687438,109.42501310304158
46.363744949285206,0.7989113930648608,878.3233042861931,5.675484850248168,75.09203084922794,9.181275389666036,112.67310251532126
47.83635335208943,0.6045224536317171,866.5515090179156,6.512750058145634,75.23227609195925,9.036217552263885,103.42100154329157
42.85490779512526,0.7175043343461479,714.8408654551417,5.451354129149828,79.63359386254581,9.685341143059029,112.61815998747129
50.30592662643596,0.5956763608152268,702.9587419879567,4.0697176305030895,78.86462206552116,9.068821214344734,100.30551714820841
44.25196612736691,0.55707313309449,652.0541203918583,5.317452021994941,72.5495522299305,8.528870868071014,109.75253063338351
54.48609241475481,0.8461226147628039,790.9242642530251,4.923114020913338,71.80207119258881,9.562094195568385,110.6392941096083
51.5042386879013,0.7551835298049724,811.8421880799955,5.860867472788612,73.36793400450914,9.577941863143614,101.40373707862229
41.94058368124963,0.7628611325351294,760.1429763384316,5.816644377508278,86.67009728694454,9.728365714176212,103.42688003184426
60.809460509953894,0.6825342485606452,706.1425799327965,4.723054261893217,81.75897012656324,10.168268420575721,117.75793869946094
48.39254347694852,0.692139601081653,862.6933585218328,5.254591454941975,69.47258596868787,10.267965619144396,110.9334397009222
40.50964118483215,0.658765520060318,653.9999271566838,5.285879615084863,80.17597533604993,10.257185133894577,106.44686588095202
47.60200728613238,0.9107786909131637,727.8360352635423,6.817908503250203,64.90569637043461,10.533974821366026,100.00678147248591
43.2611958869726,0.567848103176535,828.0666777188768,4.7736351965549755,71.75264313656956,9.536724208497471,111.93784099302107
40.22440766927708,0.6871345037335198,770.8281739096701,5.177558360728611,74.37214034214709,9.37118111868683,106.9340226248002
51.7789127694953,0.833350210277616,880.4755239816429,6.008041752937152,68.3334304673339,8.95436325469671,94.82734498213058
48.627513788931104,0.7122612329167831,708.00079718196,5.6264814753562975,87.4957727620133,10.727229271631543,100.35208596525612
49.024686221628784,0.7931004051981965,795.5410473660759,5.428878228475541,92.81827547957691,8.857497818015368,105.71505789997137
48.84165678290136,0.709403715010086,735.120342890369,5.567463089148524,89.23804438932603,10.452567630318534,97.82750580834603
50.1431374737079,0.5286785026404207,772.5729500163667,5.5495592446336905,72.43781375404633,9.39944134104173,107.44180638624789
48.45636213614595,0.6957268339203612,903.9522272243647,6.238876437657206,83.21081143700341,9.139934549821607,102.86924538952915
49.12608123720915,0.43280302735113346,959.8815758689956,5.745401899721528,81.9688460185769,9.288945836256547,103.22074863818523
45.772635398943656,0.6773336267398054,862.3883695476495,6.529406385837719,79.34190688466116,8.473059846532134,99.16698269141109
45.53671823803974,0.8018576346685423,980.0231866040281,4.445946638652801,68.83491109293152,8.757427621622917,102.4300980893155
43.120423705149626,0.5290170984058352,792.6342100847044,4.906584449415153,65.32740763855114,9.925194470774645,99.56305786145143
53.716988030722135,0.8330186480062394,747.0759806819442,4.321008547111205,85.03725680064929,9.704729351432771,108.65521592579367
45.99291903877529,0.6781507731802477,895.0300772766255,6.376173741853471,79.57929831158715,11.45359440151702,96.40835736022231
48.466116397908266,0.6856818396352513,647.6744247099745,5.868366843341428,95.96185027821296,9.607441166034736,112.14283684944941
41.38617215275063,0.8507121364218744,909.6356747531688,5.746148677696881,68.72051113095806,9.727093794537485,101.06305274583475
53.31187848338546,0.7143180836569771,624.5533635311835,5.797935876096833,78.72886890770813,8.811002874039515,109.31440436332105
47.79607270279183,0.6742180793571056,802.3057202655361,6.1197337740465265,89.65186721768593,10.42357906451595,107.82075048655766
55.22542184670408,0.525679835388466,888.2681835755171,5.441386228514748,71.8697335343927,10.081940159814419,101.45781874539612
39.87713502233837,0.6245061921037316,664.7722603291911,5.671633446529302,93.63662402533548,10.044132629581425,102.58713456284448
46.01160112246545,0.736587957927687,768.2171240057855,6.5602822609204585,84.29652874303834,9.722145553726877,110.43961915886764
39.40761466319688,0.5773196511035739,757.7214184856933,6.541127932644979,84.43703466995365,9.899388689772659,116.25380245328837
49.66182557415473,0.6371875122271147,982.1796457243181,6.485243568395047,83.83662169317945,9.578017821635601,108.24675639713232
48.86699702142185,0.6698337925374624,778.4079633021037,6.15651019363992,87.05985434056164,9.09293810619116,106.21274581783454
48.05482916879017,0.6896833027124726,731.7147894263524,4.244493582020859,71.68566746885173,10.35857415412146,108.09464222388608
46.81177884626643,0.5120683669836288,731.4153693420238,6.346466815460955,68.05001721278572,9.60922858399956,105.26762328377113
51.00621972228975,0.61475781129768,786.6453809289825,5.865756379327996,93.528015198396,9.687998980750484,101.83719218011782
51.29746350497228,0.6747701379468587,890.9419402123181,6.042602196738523,74.19256424906544,8.421112033688354,112.46914017052062
54.02163405327611,0.7066727158634553,666.4503477922558,4.937105402566369,64.72690385074372,10.947068446127938,103.42041783202637
42.92715945433106,0.711123469385795,765.1035681550214,6.899292434915166,70.17177414935917,10.222125484711482,111.02184186271462
46.84162383383529,0.7305605409847856,766.3376627408865,5.602459780244151,80.59493134230846,8.30590430279791,104.88074386363868
40.65912284525702,0.6806175119030557,763.5335070733894,5.560642079037567,76.530418571709,9.342386811085975,104.03880190710046
51.276247753359584,0.6144210953486534,736.3577176591571,5.653497053577024,97.37406445075123,7.527969745821246,111.31099359480041
50.821691741017204,0.6206583656600527,731.5080047677211,6.093658396090897,83.52329599460084,8.72705449574329,109.69043622895818
54.416265564057724,0.45499862932935964,779.6896184879854,7.35316258881118,69.83425854812305,9.14655575908852,107.5182993147295
50.868349749847624,0.4688291154465466,734.791390293004,5.806743889831681,80.43231664648764,9.823826535109935,105.00569325733696
49.869295474012645,0.6152081758432387,884.2954290313374,6.219760279136573,95.87172426179993,10.146189806095457,98.04490833562393
48.22421945737926,0.4896437935602119,891.7582824465642,6.924434655708678,78.4686939747041,10.377482063993167,106.64562077372844
50.61229647134525,0.6296794377704585,725.0752406824436,7.093870753188311,76.94271705130008,10.687566481821397,101.11399716716744
59.31423965855595,0.684362803595792,887.8386459191579,4.132386772346681,70.65331178651873,9.464839447524415,105.96981355518008
48.11535267582484,0.5953612650459231,903.5412573263948,6.435849957261068,67.4085426128156,11.079463772718539,105.22994462756165
53.09542400890624,0.6594383948057237,865.9911657053469,5.321698579103566,93.32289428669564,9.766567869115569,99.57401722407538
48.40208527171548,0.6424182315998181,899.4834975808149,5.375759426334178,71.48999701779158,9.35785606988952,101.02130376831157
56.81873242069655,0.6493204119203447,835.8471286420755,5.16515281967976,52.67733754378978,10.620611563721432,110.56157372209196
52.441865793301915,0.5840922577032217,933.0676915756674,4.572551130111147,73.62157323132173,8.446563334052819,106.51897163134242
50.81974456446675,0.6658863884686499,766.2936158723612,5.305798515581764,94.94607380037641,9.584963210903425,111.88507221751325
54.498626991708754,0.478858449835893,722.2543899687437,5.416497648456107,74.26936822950833,8.8797212933592,109.00495007852811
43.08321884895115,0.6004967367595856,787.5882445775769,6.662594517993754,74.75012141974348,8.941468142031676,105.09356601175273
47.33301299799535,0.5769145008196073,817.0785995203681,6.2508954499041,81.4179502326256,9.810228992025964,102.05835776167831
63.18145833638338,0.539996318023837,638.15842676795,4.944466562705004,87.2712367657671,8.479458181296891,104.10299710245069
41.21486424385545,0.728099975925491,879.8034151447399,6.826289957866516,64.0481946256658,9.670716851381666,106.49092715758273
48.121755379427775,0.5497076009905539,740.5897525050591,6.977145067736741,85.80367330108301,8.657263403301018,112.24145353085416
50.48649938794562,0.45468038512389486,739.164038744816,6.052134722539954,83.31852851948992,8.906983528181856,107.06579768565113
41.938419302492974,0.796194021387716,815.5218156535906,6.08083475830055,77.1828883973972,9.631526436767855,105.88960574983392
45.11936847521848,0.5792284377323325,781.1149234882969,4.88074650827579,71.1911040977264,9.416479651182778,109.95495690884715
41.95690908696921,0.6357401180775117,811.6578724594635,6.1862264330835535,79.44699535986396,9.712788895159457,105.25507317760777
37.463804401240736,0.7356895611210749,891.3067624934132,5.228734689109358,80.70843311182716,9.198900239563867,97.0543898800043
50.2246755395883,0.48349944209654827,856.639982967625,5.811206292457506,87.13883550995915,10.869913403677316,111.18735179548716
45.1922481005449,0.7569123278153602,914.7895902197868,6.516840470727523,85.1421496899585,9.696656879893135,105.42780240820585
60.417152399635015,0.689182511406062,736.3695016317226,5.980498435814659,90.07889058781694,9.468058851963299,105.73642537230297
47.14851149506119,0.5850654383398104,594.2349394988994,5.926170755852865,87.82976648414933,9.264399041609554,104.01130737707528
45.86982300744658,0.8679130916434916,869.843093500426,6.326705619286726,83.15784648224573,10.84251772833899,103.73438995975222
46.07729278057538,0.5566876175847119,721.6169526665337,5.6595121568301225,74.74017687563841,9.266730508637924,105.17296396190761
50.537564610864884,0.4679446745081257,855.4037738506171,5.379986839684273,81.11285512724194,9.458373768433416,102.09394705857511
42.74974114465371,0.7019494643766321,837.3274384779663,4.874211702719499,94.60259913240431,10.834761370940774,103.62290086401954
50.77517422683261,0.6707856169767331,796.44139877534,4.691099181512649,79.06252110508768,8.774276815758487,103.54848980355513
44.62093976996947,0.7342275135313728,693.616873766978,6.068497183526531,82.44167283364158,9.917061017381466,108.73538583334306
51.38274363667058,0.6905991483650422,734.8817704150015,6.084027282211216,72.9285674543802,8.655224410585033,101.44951958760873
46.883236472675314,0.6444404801431342,807.0681482076335,6.799268607664617,81.2418907919809,10.551242565431313,100.30034474540524
47.559536610159185,0.4989659818145651,625.9218699417745,6.75973446221353,57.74366310125099,7.673111955958889,106.29469411922399
47.73325900258952,0.6881691435132641,662.3120301674414,5.276515286933563,66.73728828421827,7.621577818839773,107.16544022808293
49.82044155706991,0.5110587768755561,636.6768565622037,5.538358712996852,94.44642140449037,9.47863259416614,95.24871781249686
52.358803067248914,0.5857108294338518,778.5895039370314,4.585105078382191,77.69543029110318,9.799044184865425,101.7063295086295
59.60916447517766,0.5072386299292586,788.7693843085874,5.770539695219857,88.06195634089504,10.89270123513055,108.53087779352019
58.085683137808026,0.5989850100332463,754.8940109572362,6.780935121193668,75.48977113194812,10.160953755862117,101.45958613110017
51.568500282630005,0.8382463443812848,732.2871028939012,5.923148419369616,57.36424237673263,9.771482192322631,113.99766411895288
52.07657781816801,0.8137737562089031,689.2956184951139,5.391237059316924,58.95029912131754,9.732615559216034,106.47470509654035
54.12247074783497,0.706795508747492,819.3627564025379,5.847379122248747,72.55380284125181,9.708016525085062,106.12707085006203
52.181107008510814,0.6061566071854159,846.2663847912767,5.554265419428985,76.66585259679746,9.442232779434883,106.98196457137739
42.36005645017695,0.7423681029866909,696.0261874048214,6.404856686152939,75.08835996483049,8.899851549850501,112.3437388698306
41.340752197636,0.6456463229776676,741.5799579369659,6.1136878123815155,82.69634134685862,8.478507488075833,101.34147910380402
50.9360060241748,0.5307698643640868,796.0014518542598,6.913595513711392,87.55701317482149,8.812407665447411,94.89495100330996
47.680949393028385,0.599020569272938,754.9237977790544,5.500358776859085,72.70505218345131,11.24828328709444,106.89354824529975
52.79224529202414,0.7585620189387456,882.890208584062,6.1240377140305045,65.12083188581198,9.640404264464266,99.00023457877302
47.38102891633524,0.7784137207411911,786.4303412682594,6.495386678814847,83.28933342278125,9.455083226803197,97.34582804329672
45.03205546551679,0.4823094089104304,693.2339028518332,6.490456349968689,91.18224098728226,10.35366306243265,112.31907905587141
48.281540672471365,0.6439394276626051,850.2324998221432,5.3788274970305165,73.06716036766298,9.09713194183321,100.36545291387522
52.90711572243316,0.6600476735960693,746.0187086088392,4.590136657556725,69.31257536217322,8.208812231353573,107.37692836271887
46.632344722192755,0.49405694446205384,754.5500491967974,6.3966772209587885,72.25432330065848,9.841845087478664,106.88944941248319
54.470109690116054,0.7815523382769634,767.1676174724013,6.54064824796142,76.34438411351569,11.030976272371468,108.5687882427709
50.41966163105942,0.43678805180288627,671.4943202777033,6.305740736490154,61.38910894987016,10.459887324411138,102.68694184957886
51.430646745014634,0.7838765226509932,828.0940951699466,5.986053330616563,68.24233287412439,10.523778915187266,112.34970802865098
46.966240278228966,0.6205285713987239,830.8957894738744,5.194211406487525,82.74216315686209,9.483348031543622,106.16825276756866
53.06312247396878,0.47292546136495894,698.4731076392084,6.129782678361331,69.11264141261071,9.764788680248417,106.87101332609362
37.25359811461857,0.6255479395084815,816.926960961,5.473650980679092,76.3406094274677,7.785742453719381,101.36729830500792
51.89092351101844,0.464302979077101,826.0500763237852,5.248240630421155,78.46854385455961,10.609883926871449,105.54565691020287
44.555109016129904,0.5785906375090198,703.2099355955578,4.847981152544346,67.04654462915069,9.155106114666644,103.83488948454729
38.231157407107155,0.5219540808377656,839.036091392547,5.979151082393813,70.70631934563573,9.734176449309535,97.31227019021449
47.72957628767972,0.7899309747821205,768.1684596385267,4.212022253331061,98.18382635987248,10.30189779764011,103.78575902287321
58.25124411568432,0.6279862870008688,861.6580738503895,5.057530135850933,76.55184977996512,7.948989832778375,110.5597397117948
45.00859822065963,0.750532678192342,791.0636674515797,5.017907080382398,94.07902252226194,8.671607337657464,108.03800315865114
38.951604845325974,0.5082386520596939,955.2554877722301,6.062319389727713,88.9188613738478,9.373183881240491,108.63631470054675
43.38496087390864,0.48765294602921383,867.0210973930247,5.104283108981061,78.90221874953603,10.45459893599699,101.79502519092792
49.47312756324844,0.607213527387783,828.2282524729477,6.864793313511867,82.84528095361479,8.568279117921064,107.84035672589808
41.225048955019254,0.6264677048441084,751.1795825414374,5.486846597925336,57.86673049476189,9.921209625382271,103.73518251090297
43.19134234380688,0.5777792577927607,794.8645416408698,5.8941074466807555,86.55095548194625,8.37932032814394,97.69920092856009
45.29186367344383,0.6190885076078911,775.8746183626436,6.436247153943188,64.4959439085682,8.663144961307564,98.72523907306334
46.14486724672445,0.8394952040330157,659.3638924134148,4.637251427607159,84.71471458577376,9.798582321507496,108.1305116832759
36.16779763740406,0.6189748744766028,823.5285092717778,5.922324284375426,68.0672353023015,10.157679113987019,105.79489760631682
43.51431156684445,0.6326708163409356,825.4435178022547,5.2428987523610235,68.31577860387198,9.271927679689036,95.21320168689326
50.30813433560178,0.7015944771500603,842.181578355701,7.066338441262102,90.58661815295802,9.171593343091612,105.16011007586337
49.61498406338921,0.4085941335260256,761.3427435047191,5.6406191546952344,73.39915146104372,9.563210636316887,95.16522927188993
49.75993569541859,0.5534856720917938,733.5689501127551,7.065598991293047,96.14222329081939,10.948241308301698,108.13689304857438
43.66085832404362,0.7699800490609063,780.4958809692499,5.146191759671132,71.70721646377963,8.70357612609646,98.3349140557835
48.03760207048626,0.7142825396711051,666.0513541967041,4.7326197587794345,75.54086451245792,8.58601025713802,100.73747441991189
44.38662436432549,0.6825851631541728,738.5821803784931,5.2617137510133185,62.69180539831288,8.410438874539045,109.34844068616837
50.16959111344008,0.622452100906116,796.4974028919105,5.874424138383931,66.11079605279765,8.533268378915055,107.95312532236625
47.5325068748111,0.5591703157280755,679.822220442101,5.751313385590727,92.44351647745465,11.272306540419658,105.66598766179487
41.39022130397441,0.6884952385451583,695.3673083667338,5.417682128236304,72.7130639753403,9.476489643218216,98.39026408492894
39.60648810483923,0.6589440504502173,728.1571724569793,6.300888765067388,94.98560110965087,7.773506227773999,104.32365999709397
50.3581062706793,0.6209615613864649,723.0989413090979,4.240847832744734,73.14353586661896,7.604947139787328,112.23501025871717
46.83766017598322,0.7130517068075298,772.0874365730455,6.221201279788202,77.8722123033059,8.910100306978343,109.72364541834482
51.885274513248774,0.6579025941920581,740.0412478842777,5.6546257471301535,66.73687444321205,8.786657312229806,103.42796677157513
52.34135897457249,0.666654294906886,796.016596834013,5.4305906343671895,94.66514457011834,10.960228696142185,107.57733072966803
49.264977485244586,0.6109220909464951,803.21707734507,4.640005478559123,78.08159569484926,9.227787237900152,107.0394148977652
53.79424856564198,0.569684424665897,858.0030936245511,5.8758206949334495,82.73382985436606,9.448462690133711,101.72301941466695
37.94306522861192,0.6628518018051269,747.4818307721703,5.35922087891162,86.49166705812209,8.395806813948663,107.72875244918924
49.24212928793789,0.6397551996779296,794.9832876051181,8.05873125926657,79.92046987371269,9.302581817275987,103.22296497675643
52.893575093935375,0.6415725396534517,885.5393865448559,4.838573793347912,82.08682479092312,9.751617314071337,106.74493702207715
44.633755873929644,0.82810662495783,741.3373874233228,5.463744698057792,72.23249170645626,8.664671475545955,105.63552025548066
47.74455414615476,0.5034292910336241,745.7059299082964,6.637956318223429,90.69174009446884,10.584270219836146,103.00044706186343
49.019249127411214,0.5672935473907411,852.897349026002,4.752128541955513,68.66831670764165,8.371471654723726,100.33668422052463
44.29764889638148,0.6247383325326789,781.7974136961265,5.653643480131066,80.24583947410702,8.70074144705648,93.27108565341179
52.56291121271404,0.7183475085987614,825.658238356636,6.2325018840497295,65.26307857327045,8.587707008091122,100.52717660973266
55.30069331689484,0.6700420422956919,782.334213392733,5.33397165855769,48.04476567005457,9.96609976297499,99.38881924909043
41.54918490317737,0.5271445775071563,619.8931320073973,5.105136505905331,97.40603653687019,9.233296960544676,106.14627881970394
39.4119710551322,0.5987794573984354,877.4587668031214,5.954682043541276,74.62112273688749,7.177955731246255,105.73043939227094
38.821118391721285,0.6469085600712713,685.1973250889658,6.273426784350963,84.6724240449372,9.541563002070918,98.18893635988007
46.633532535233144,0.7265976376601658,936.695533741017,5.123789241659507,74.54293113953173,10.023850629389724,104.74713305349421
47.00671535534125,0.8177305756706912,879.3793077124137,5.273434075226625,86.99257073342379,8.945609637348563,110.37390382872404
52.70728491906171,0.5609902825237743,814.4898527584048,5.43013858490618,74.83622277158948,8.700967052177297,96.67047885952988
51.11145184270324,0.47583234440073463,850.9341193167288,5.844835991991913,63.14431163943494,9.258602780809248,106.0490730955972
47.695609851655064,0.6427150754120255,807.4398103909817,5.368834964637764,83.34695190799003,9.39198577048839,106.62948738641855
62.02308056458024,0.581215586407657,792.7047726775804,5.428921137928508,92.1298184327535,8.279023345925813,102.96676249019423
46.119228578779534,0.488058122209133,944.0094342810905,6.348982641248233,98.59855856975065,9.197681831833792,109.30968013696557
46.74703303225114,0.5871745661949416,789.3846415705322,6.180215877318581,73.55051969148997,10.095413607862996,111.58690504324669
51.41276371472412,0.8036389574721391,766.5205508726946,7.418541668353538,76.32580624503986,10.94090300480331,106.20101900611262
37.32206207034206,0.6331485581182188,887.6298697295833,6.774789639846839,80.20330930114672,8.857991322815323,95.95647623178611
42.981372862557606,0.6800406625960785,724.6029790945311,5.417840725048176,75.16633469362223,10.10512733622607,103.76189858799347
48.10132592043028,0.7337186125868125,843.3317208471751,6.052999467931554,85.4678962000169,9.720540318378113,114.48582519734208
55.757365117621134,0.6488194633049051,836.4191600005919,7.183431936278555,78.34627922301411,10.503874989923172,101.24179301082034
45.32067126697647,0.7082501499922853,732.0751963728194,5.877754104066703,93.95235545344178,9.381735155915377,111.3934059722058
53.72485964873265,0.6552638109319164,715.8166951064021,6.142282869754769,67.70313782610613,9.681353853615633,104.80973259075108
40.73605617338402,0.6113601671414143,843.0548447497622,4.488093261270462,67.60763410460243,10.17923484598334,109.36832883435818
47.18972729071424,0.65970188298255,830.4777851561488,6.547380811850656,76.0585150735295,8.58220063974927,107.12707308388593
42.17441403498482,0.5820127304120469,753.8202020017477,6.053658849626458,73.16784303584507,9.861908918529746,113.5698656022003
53.12621996118645,0.6076215912850579,667.845471172186,5.284381183194865,75.04272531671516,9.934910900349038,103.62121758858441
49.16694965552821,0.7588519532532105,656.6421293221144,7.483474320913607,86.30806712197688,9.639606807826961,112.77838577672492
45.61950675263197,0.5925675028298207,788.1959955212818,6.673292795237944,63.861365406562726,10.690731297314244,98.59012811919996
52.02547263523885,0.771193411568441,759.3538932648223,6.177794715014994,83.65604449688385,8.4326284310216,108.00630140319116
48.37237222089092,0.7031220135807811,841.8099829301693,7.036094668967913,65.15869499070922,8.373664918891112,95.13972022860352
52.71086011269042,0.7707810987057092,720.2652332830695,6.780754127259929,72.60914066967031,11.527568186288839,105.92086077322823
51.38031843325436,0.7724042789367529,840.9323287718221,4.040089226288537,73.58335094198202,9.946292392415748,104.38188176447834
36.15843271015254,0.5895187848560556,920.7305984135064,6.715111254411371,89.51225783229134,9.123789600102299,91.8421530473642
51.24814756453527,0.6925670812736481,757.8857092044519,5.875994737536885,77.06409173300615,10.540078650831518,101.11339961694856
50.44338598829411,0.5697331869209553,855.632557092724,5.793888798445197,74.04621498314229,9.440356078454274,102.43268606931044
46.7460372123949,0.5996454097806452,808.3078345683409,5.410479405548555,81.79519188684898,9.376331280426845,102.72534468709587
47.6901487763949,0.7657434811627382,742.7570008124459,5.540608196613249,83.70811432250679,9.156136599089955,106.2549823118219
54.70942229403569,0.6778385699705478,868.6039620941048,6.072126721650244,54.97809476671134,9.720038481845346,106.62092199902202
42.91543494995387,0.7439992824415674,652.9572562826572,5.838428999561939,73.64748786353323,9.020195717143977,103.3192238264398
44.324337019422686,0.8422372325864944,745.5140827162102,6.034199070286161,86.83263914458243,10.319383821637839,95.3912177727809
51.42770433617568,0.7674766332246789,822.7840181172131,6.168461442354251,77.45417030348337,9.354569136056751,111.03717666564553
39.5168817109352,0.6877075231216258,968.6356548955858,5.653440343416731,77.77896749423661,10.105524567145398,103.3250108013862
51.46563072540185,0.5844277434602665,744.7102593396623,5.833676200943749,63.182634192957934,10.516479484682005,104.73842608649734
52.084360120744236,0.6368944835648479,892.141175527365,6.336733442792596,85.54852269000978,10.390342031905634,111.16200479140574
39.06506610849509,0.5416121323185681,810.0406343472498,5.076379489689217,73.59261292060415,8.351545539838582,98.25521911166754
49.20249011369159,0.7079380723319967,778.2095295519078,5.616578091873116,89.7754674045621,9.53765939483932,113.01413383063056
46.38843359397006,0.5153359906004114,744.8359366585199,4.5267059578173585,87.56879350445422,10.527965799763155,107.83939725915856
51.177746836848264,0.6073802122355011,889.3044398560396,5.477140612980299,80.35437023153466,11.12346240870329,101.60554272189637
47.91089579849008,0.7581630280404351,868.8376265684672,5.626847419218384,72.55181782994322,8.539053752890124,106.54072302157046
52.9698270269402,0.6526432942772108,950.3884822958389,5.252906697875997,75.77571804710855,8.404496082818612,112.52447078414372
45.866082427849236,0.6357447181578801,717.9949511019116,6.258788182828558,63.883220753906826,9.759216648691197,107.472734192873
44.434146254628345,0.6177419458654859,694.0994342608855,6.686411540210938,93.45144921026373,9.755309218401992,105.07557406962049
53.49398035691272,0.6448738540146908,869.488765752439,3.1386964668120707,76.59427760247956,9.846759420557303,96.72969220110443
50.908393189303055,0.9673948455085879,756.2217637675038,6.362885598415212,69.13938165856278,8.32994708564899,107.46059943020228
41.26289719737609,0.48524896103039106,704.167917852172,4.943233755109091,94.1636692835498,9.377209065465676,103.49992821409977
57.56076336909099,0.7448615972055556,761.2706409402361,5.158308310802607,61.0153350563218,9.321495136580156,101.3690975937931
47.90412654672907,0.6536047200897538,759.2548697884565,6.582111780954884,64.22097401075919,8.37230101291393,106.39788485099474
50.422926260688044,0.7993080743157777,709.2981715983566,5.716857354265507,94.5384183676907,9.908128741075911,105.22911362127955
45.011907902635635,0.6801970614853914,767.9311591294195,5.433580570649696,73.57207083214807,9.679141108346338,96.59409634718432
45.531096151124764,0.6005355354203238,820.5132276408469,7.1719302819145945,65.03383021931853,10.554317647197484,104.62622111955282
60.91664019317621,0.5109564326863973,859.4303603539615,5.160310010358145,77.08582083141835,10.218638913877827,102.21895657223453
55.37982191261442,0.5816714374094119,921.2703429965267,5.2600016715492925,82.26683823126506,9.215098088021989,107.25586545592746
48.76301263165112,0.6914751211987759,738.6979467160542,6.359940393294843,84.05294463442468,10.31120457555546,108.19096031371697
52.80898824278628,0.5825400045265987,795.9269838803389,5.431308775554049,62.60995921179834,10.515140538872771,102.8230254816065
45.56514811468189,0.7124056251654525,673.8560504819988,5.618526180833246,74.5415600524664,9.75653811541324,109.94346627790684
46.81897927836533,0.4759100645185742,878.6067286580852,5.448822769232074,90.47638586355076,9.531757921531295,116.68166674632188
45.21680964620294,0.53919937333453,838.2464567006641,5.323156117857597,82.080765517227,9.517168537091646,111.18516103545227
38.19786877302908,0.856333639992126,702.0841602501089,4.0931528923395035,80.17370540353362,9.070246236787863,112.61366232868623
48.45487092787403,0.7072951154356955,681.7496829169968,6.069014475130145,100.122036863218,9.116081400109165,104.89121797441314
48.395866266371826,0.6476734615260236,738.5256863189493,5.882666267463918,68.7975421221941,8.593418439711828,97.1942204221202
43.67862485125484,0.7900841932781256,754.6540499201334,5.943363992083137,73.44285004152286,8.471117731882673,109.6631621884379
47.8881842577286,0.5746280755736561,824.904540188448,5.14222292353051,80.99650927959532,8.414480793501328,102.7546713810695
42.46535051063736,0.6426804248346695,678.7354225134632,5.535901729874662,75.95437306068808,9.53723840514609,105.06356835107465
48.92509470247131,0.5568864288972776,834.2156725027138,6.3461739321791,82.73471414063306,8.387461253144249,100.76969281248167
58.378152849899166,0.7215363102937439,659.7326921293682,6.705475910893022,85.48574349284134,8.12072321960671,100.97630720936559
44.63786015322882,0.7127775295100985,835.3830476902527,7.381039507033455,69.16646843814095,9.355486832676162,104.49870217054367
46.651214362806385,0.6602426382946189,746.3054512162798,5.702357312891566,79.39411752698093,10.782198178936659,107.7243464359848
51.15321485344816,0.8285560862505658,812.370949301308,6.740383248838024,81.85043182220001,10.176947286719045,102.57296281421995
52.195886778172884,0.7041853414429272,895.188454922219,5.738783777573844,91.5840948125488,9.10673090966242,97.97954466849913
49.61260324189357,0.7143521265266304,860.133632587002,5.357362739902419,89.39722570445835,9.251314824563178,102.50782581457746
45.27903269780857,0.5540082501493514,978.254778852672,5.559617507747136,62.991194673323456,9.4856538461578,112.0377059842548
45.47960196810587,0.8104679911220015,803.0127237955824,5.617764645819699,65.8417253112254,9.912416321780798,111.77939038711659
56.549485824772304,0.8194498231539229,719.4761066558677,5.375428543197592,62.455874426519216,8.410482585763118,103.47288788384866
48.35066633224306,0.6724872069530349,694.3308872606877,5.4423047605883745,79.55665667052845,9.265395277977397,97.28950051025457
50.55789045906928,0.48367118676592125,766.8507105011217,6.128817366538884,73.37481613243686,9.505049504675993,103.6262963153855
44.46682006372794,0.6443536190594268,724.6100034501088,5.206381708046181,81.25662503864744,9.50213295669051,104.73277096267303
53.462580174850565,0.6861360353287778,880.3189022284504,5.960000072410714,83.98123032401254,9.94640958165004,98.1250371325279
46.822455713233765,0.6871138415797411,712.0876000885626,6.293832051575507,88.98234597533413,9.492256872917773,95.71613057662208
58.20663570172405,0.7190001137554013,734.7372402404014,5.876411416730224,75.82236364259477,8.78721845638343,110.5348452526663
59.798926461127124,0.5043045746561888,702.901898322228,6.419721908650042,71.8873699656927,8.701617659206647,103.06121647639092
53.45949940438524,0.5326673655744142,803.2881444485024,5.837850954787927,66.37623932882249,8.681173599959367,102.68377487907122
43.154381163898336,0.7539795742388751,793.683586735556,5.773011785168772,67.3524670894576,9.732342646435976,98.32177843155551
45.33042854861335,0.5215271529391681,588.7768164663277,5.502617625108206,89.17386505864974,8.14969632415468,104.60966155040593
50.37184531061159,0.8361261574364142,811.1607985504069,6.899756083199966,89.2822935843906,8.832025229330121,104.12908664906158
43.083260952509605,0.6624168171737986,767.6147498215889,5.86187438209994,75.13920072874639,10.15648915395639,106.43214675375897
52.38379018984344,0.7277870087397328,805.255628899469,5.9424287650292085,80.82971896885991,8.756235954313583,106.80314746705567
64.58565327989251,0.5260547450612754,881.7269874359091,4.91782789608929,81.92199081796176,10.313707509753591,104.3076854540494
48.46728818195249,0.8006811894565363,647.8481993313079,5.148054111375005,72.36852327474163,9.464561223694961,99.29378156253723
53.30806873102403,0.8896986907662703,783.9783438467257,4.989921163502903,78.19095917965382,8.391216777548474,107.43102253898228
40.211183356567005,0.6718604113615357,747.1527832289515,5.3058729530291675,77.78239900227729,9.840780904882523,115.28973847509317
58.85231258248775,0.8253216425290403,736.670040574457,4.084997226762258,69.45105355786369,10.305745282815403,105.28177114702298
51.32305390262809,0.7698264565858537,794.5473917970396,6.360165172044569,72.99904851368734,9.541981873427032,106.43762683815372
43.38424871465356,0.5876838727494046,818.7142493287733,5.024484706552686,69.45658939987744,9.994566146834233,98.01389892302845
43.003411738758025,0.6852344083950763,848.8143038420473,5.3051192376237575,76.20651938163725,9.058192514611637,108.22911235045639
43.011675840394126,0.46693512198969694,893.7976765343352,6.218260778619182,75.94404393989932,10.379597123385903,106.88976998576616
42.70341470209106,0.6197468798853467,837.6316030197991,6.559778326598907,91.6905637198305,8.443927997440767,106.73872553434153
45.39545095560434,0.7865118540924687,784.5492053618108,6.561021884278162,74.29593164009768,7.828471410141935,111.37944777668521
46.333079211754,0.6434888808167175,658.6642381315138,5.910662570845137,83.62931316431062,8.08033427306086,104.42741623395298
47.66573149304293,0.5783006710245179,749.7990658683034,4.128392218703556,83.34069896208779,9.007874547214545,110.06602759833275
45.232317675844925,0.6532881886235425,778.6816606554809,6.354547891496843,76.94878959033478,8.905994422339193,104.96965588748924
56.04024831107743,0.5666845170183198,680.6606113575544,5.441377668273456,69.42603243399685,10.214473775958508,110.94670471497778
53.423164618587684,0.7998473304700451,911.4636210780252,5.532612860145667,77.6587397900594,9.228908312760643,106.81842453775708
49.65857039609125,0.6580076826221583,667.4041666566025,5.992137542725541,80.84295225822895,9.19614832293424,98.36376481990101
50.35752499197507,0.5646167099125112,828.2472339663677,5.7735241327472595,65.13700287628957,8.992601864596374,105.91075514647034
51.43332080368143,0.6886530702659032,820.2233265029842,6.964538404615516,88.51645116556458,8.490364813700847,107.77580677865379
43.053658413118946,0.6130932104322442,816.5012347018547,6.353750848509763,76.68232917107649,9.394773536605818,101.52239884420247
43.70894272414107,0.7234243653926976,795.892062679401,4.847698939182132,93.4409562846192,9.55883491730591,105.04228291363687
50.519647397029715,0.6312601569436755,841.1888099566391,7.333841315063647,77.73285779898553,10.667665077405763,93.49719631083337
49.48252589605396,0.6812695527286046,786.1221717430334,5.7333189763690875,83.7073371085784,9.72378830239654,108.20866829346866
43.993953328460485,0.5198330597121862,780.9678798528209,4.943921893783141,101.81459714259138,7.6167918624287445,101.98862114744365
51.19230938622903,0.6750605483081147,734.7360883486247,5.930557758592127,82.17767088465209,8.25715275101236,105.24768615735715
46.67210207634902,0.6949719339115065,780.7876262947499,4.693575597899872,77.77977399624464,9.736815477697862,90.71155542582949
47.840730328005456,0.5640672972337281,860.713587255492,6.530801790186279,70.45405067144189,11.151202289695796,109.58511895321698
41.68861943588294,0.6456124664897667,926.3742187596768,4.516054407201298,81.18157297804237,7.701670470644891,111.2033231015112
54.759077383197706,0.637791935318997,672.4533336776816,5.806088277523246,65.10025033971435,10.391789052120188,105.39582234561254
53.80096807011234,0.688343117998645,780.8556642684078,6.01712309982476,70.50940187036599,7.941999302994885,115.21938904278458
46.917952335788,0.6319232417795101,810.5559482990841,5.123684049100304,83.05260758643585,9.609172480203076,104.91714968226185
44.5736131778418,0.6351064026812401,811.2502992490681,6.794539650246623,69.11394179575947,9.476339870976163,94.15224640472486
44.837081880988165,0.6084037099478574,673.4872721077807,5.539239390803265,100.40257942676753,8.231970385082235,107.29871196502594
48.173097290763366,0.5897882607144931,817.5066899634395,6.304926463180099,77.29283148780426,9.56013178700873,100.74647374675075
46.46672734543482,0.5717406691707049,690.5514711702326,6.306274425767495,87.94423132117292,9.418787629232506,100.26453586996384
42.855027342190205,0.6882739873929401,790.3007868212895,4.616542449896763,84.65754803746829,9.54255650388936,103.50563435252693
45.13052761996565,0.5383212698652652,785.1668115808725,5.874126403115224,83.66796258072323,9.920824904410418,105.95925638410536
48.471940937935145,0.6370929657954845,768.8331492206838,4.636444404168584,71.231141953089,8.188153165007153,108.47690279309363
49.55135894781495,0.7203535061612082,980.2702278926201,7.1629045690418796,83.11375765578273,8.594981987452663,98.58077213832988
36.41104540783334,0.8001749603847359,763.7854283048638,5.824356140071976,64.7170071623191,8.603833318146762,106.2864457829236
45.89049936410374,0.6030852628903036,838.924684160952,5.5857262501320255,61.61609856179848,10.89360788832186,101.86915598424676
47.793842628246765,0.5820122468487791,791.1449963164607,5.314013387546093,75.88627006576495,10.48068873881826,103.36034508026194
43.1447745921188,0.5911544952741173,710.305859575049,4.656593965071801,77.52433531529857,9.040981639854248,111.90520580367365
56.31667766762489,0.5294564296760222,744.5305729756591,6.008155179430551,82.02650107026237,9.357282075109556,111.58183759364394
45.566052876754895,0.4537318468233843,736.5437169915674,5.015513158121734,78.36486557407305,8.48486046575815,105.95914331612609
51.669239354454696,0.592254385064087,631.9043679682993,5.049931081636614,59.61965909420054,9.931908661612676,100.98384973432857
50.32736412109308,0.822869297723439,733.3686077889246,6.496673754217279,94.59692764398588,9.459898297037846,103.29576160109083
45.83617884767776,0.8164877620673368,823.774226569427,5.239836958703949,71.71922153719137,9.936991028005973,109.68530926607119
43.31999621000127,0.8071520447568514,593.4377339372611,5.787784122731314,85.60883560761158,8.807383460261,109.21914891706271
54.740845789032235,0.5993331319617978,744.5431491737442,5.64853590341156,80.59137109535246,9.657885080409752,102.99604458307616
50.319984216716776,0.8163511724596021,761.6158550962473,6.393826453766495,81.8724544618112,10.21132849203582,99.75147235317446
41.004489067883576,0.543837054282567,707.1853721613114,5.824701307675008,69.3115561916618,8.216619509797026,97.64241601472345
60.40595670710624,0.673215543911562,739.0201409004098,6.060410719165472,61.74465590003635,8.597501182953959,105.29411112094486
46.958425261059396,0.7897054828809255,911.9464536205217,4.926730050549648,102.43585643592274,9.706284744249588,102.21361468756419
40.06991676349711,0.6572152444939854,799.037079170386,5.4367877751257545,71.41444600066909,9.442878799656071,103.3897879937626
53.84994872942831,0.7866777654104207,828.1080074183069,5.2541770218267105,69.77159581528116,9.38796189648808,101.30984063011708
44.02983523291527,0.5404503063544577,979.1136454704167,7.134875382264374,95.0505170161087,9.21633180163247,103.17441429482368
56.953239431956675,0.6316218185705703,769.252578032341,7.534679430712707,84.25777450293432,10.14730740141853,111.47688595328655
51.99619660533601,0.7588471750195798,778.1110560049726,5.669484975614819,75.15071768972194,10.051106141476726,108.10741544105251
47.75814353799715,0.5075685488269069,1027.5879471250314,6.022531312596378,80.51374353599367,9.540824430953469,106.64296674422953
35.43821305641592,0.6659117306252835,938.8409693987584,5.384898902633477,65.40599349598905,10.420478447812428,98.3758580202286
45.47968479517552,0.5885340852985044,737.0407442280149,6.783715417847803,86.01420020500959,10.491845695712682,104.1985937643713
43.362989672077596,0.604256254493389,824.2857807150921,5.84924044869899,84.011205212109,10.136806094987838,109.14161139370074
40.610520950347166,0.5004470243288924,772.6971587839291,5.623863349143582,79.27897806886442,8.179866945672163,111.87593724861573
39.84930138226298,0.7878299497103545,750.7196134112377,6.163007660271933,72.00112670504032,8.941008699500586,110.57774339209607
49.179569340543885,0.8234224702968387,852.2758958258935,6.101734379361354,60.04541759945507,10.208659222664433,106.50050116609478
50.18874115146624,0.6889595373933598,1016.6452022618018,6.6557581130574945,103.9617993219741,8.494837700592074,113.26020064671627
48.1431744389264,0.7049444001038401,646.5668660284084,6.066498527928879,100.08885644482935,9.331971954569495,114.51141527772256
48.64065174192045,0.7304202557256599,756.2146888380873,6.682235632098005,71.41211036416607,9.09155954160587,99.80404446634599
42.89048665556446,0.6912391279230686,663.2511479581508,5.274999236026612,90.33959250439786,8.48350608127285,109.3272379357644
49.77466985454509,0.6730075743760886,743.8146903045437,6.942852018721252,75.49588106076041,11.41516972495946,107.38384631502227
54.795031892912405,0.4533878807743502,807.9485753410502,4.317841223119512,69.20562299103395,10.792370878547874,111.0263388489166
44.41329519600529,0.7444411406903969,782.7099418834011,6.592997441157935,82.74338361945775,9.262129327136554,106.16522218421947
44.97144555050638,0.598022158883067,893.1126077274345,6.475317061296691,89.15555027749853,8.479821300587572,111.48495212988907
51.9379493447129,0.7813250268038386,759.8704517866996,5.457707587471549,76.3439799932994,10.530789563492629,102.32816615120021
54.02453176975294,0.6944286488712371,731.1512171756108,4.980900438704558,74.49658566016649,9.974082055514357,96.00708133435876
53.847124934174914,0.6929712881609812,802.9047046774002,6.6175779340245136,80.49927448953817,10.39083773962441,105.81328084851522
55.64615559067309,0.6065955542391493,721.3558574634102,5.49790194093525,80.5091559785211,8.863759823946364,99.7115595970535
51.9111234515092,0.7509063286563014,854.9984452400124,5.434175945874408,60.7985845841704,9.698847648399703,114.69102136006188
54.980803315036795,0.6786394663226132,705.7327902950886,6.475434078786802,77.97639872010544,9.031666568697583,98.68613579896538
45.09639642535389,0.7334682877666094,802.2891044895233,5.679591898336742,83.50155376954103,9.361972772688162,104.03242073924743
42.615409776721165,0.7333482450956972,708.4564853394079,6.901331893692009,85.91049681729697,11.978756802105952,111.69598774349896
48.76594448851632,0.6760786850075307,758.5336871449106,5.413892462513361,99.06170021939985,9.37124149236034,103.4683868890394
49.890698364685896,0.6527774786553547,698.7672680102175,5.2364452824710925,86.7775894739815,9.271094682123843,109.36987560874711
48.68388889242022,0.6129148081087084,811.6364401267545,6.2310265708404575,70.51278472742246,9.435056709267263,103.69203188591813
50.36734154782764,0.710103165224033,745.7807531052795,5.176777432693389,75.0853473595688,8.213287114760735,106.08882664228436
51.685296145987465,0.7371476906092855,826.7790225655161,5.086117589782166,76.74453182374553,10.340618313899983,108.24178378337757
49.90615175307557,0.5490903298282697,727.7226334222114,6.494938895479806,70.36265990328444,9.030920435560317,98.53172393895122
39.55017000680495,0.5152658213483544,791.7038092953155,5.51483196543836,79.03344747154104,8.781522627266547,98.81170139525487
34.31692149324206,0.7690696467373508,833.349374343734,6.049606109603191,77.75635065752276,9.528645121564345,101.85076767360721
46.23802934501258,0.8083493721094462,864.7549957510535,4.589216750934907,89.380835359343,8.479193447019902,110.27149157708142
51.51532943039099,0.6954550937685648,808.4909428360959,5.932285191275164,85.41584081272688,8.951654614636416,105.22767501831099
56.373360497561976,0.6924858736472002,760.961712488996,5.782087575079696,63.521864272569545,8.611552737406665,104.83043801959185
47.404180643987544,0.7769248053887532,848.2943325323442,5.125048812943064,96.85012408798238,8.936475497293348,102.77605442002461
48.62721377446106,0.6862986861752258,758.2305459299896,6.334976261014879,76.7112277787365,9.679708419530314,110.12142744879976
56.64796671284037,0.7233125135705585,752.0684704896186,6.144763709950169,79.71789912074188,9.683335053966282,113.9415832429977
53.49283364390241,0.5667957954525036,723.2822493555714,6.048283957731852,79.48484560752641,9.375241754836832,108.18046485136263
52.302913047174734,0.6612428443378026,789.3416267519593,4.985308076952486,67.7055831923634,9.038799255112858,116.97617262093509
51.029885118723605,0.7059213575724609,904.7467218079347,4.915656916581791,90.62020800971999,10.438746132542548,105.88569380634613
50.000919907793865,0.8169532194300082,699.0833190044509,6.7670943224170506,87.1987618371301,9.475067209697729,98.4211280117751
51.849147451179974,0.792521496087662,766.599214709825,5.543673429050946,68.70093826232527,9.473315796262138,100.01944345756053
49.59421632964987,0.47839911639398525,600.7774120074056,4.860523092000556,89.09878879936545,8.052541026251888,99.22875407371825
48.63770480277528,0.5903024576316204,712.7884904412131,5.801219244647569,86.81465252926894,10.121134361749458,100.07573141309321
51.14328459884581,0.7806750409318693,835.9374122146767,5.334751478422442,77.66489364314008,8.467364500226331,109.00797136837078
47.23570652739689,0.5016362316620385,737.0977920274554,4.964170764392508,86.46189575295679,7.6623715968363815,111.97080475801118
50.90345259151546,0.6527580348825434,787.2083715213408,4.940893337760957,76.51605662987602,9.932553330224042,98.95662227908923
46.11055578748432,0.6761134271370554,706.8355878007179,6.308706162465608,80.1317061028983,9.880483272402971,106.79410387004805
48.48634914359063,0.6499932581310036,813.5412683764106,5.055209369527887,88.4358280327063,10.333609020336034,103.91223871993526
45.68967134138071,0.6028545348641655,776.5623818300946,6.426032492319289,89.94831010658828,9.824961030659638,100.26309193846295
51.262180376636316,0.605298556399792,825.9183062337498,5.8858606096476365,52.37702534343689,10.020470694612335,107.73638691396368
37.344553476701996,0.7956105039913288,847.4227937459856,5.378541969581156,75.86735501075374,9.360030979864638,102.02518179757818
51.32484722396716,0.6825809282879117,755.6912112714498,6.286267700381484,77.52104924181826,9.487238546532197,94.39252416285258
55.47092347018011,0.6238889223492401,763.2113277749374,6.298249272414847,88.31693573095757,9.816751295154766,105.1911558800467
58.71667069693581,0.7273450024355725,801.0173888002987,4.528698762205091,67.26997258085211,10.023250825363997,102.5561301075339
47.84832701909835,0.5600760087064587,794.4780353142582,5.756778840625187,72.42069546102076,9.09629977007965,107.90962283625201
39.251470025995,0.6459972387351801,719.4722301665631,5.902072491328993,78.63385429295093,10.53296769911333,104.80869548029563
59.54900387685932,0.6573893297029922,796.7951939918387,5.328678804004754,74.24344489666123,8.514548966028666,110.01769053067105
47.25483700550748,0.5243886871508234,796.9373603541086,4.484697751847115,70.66262727213937,9.075127396479152,108.16396018918356
47.89228967744477,0.533807835302339,825.4857763108204,5.260496614813824,81.73185640353464,8.552083307936567,107.39044367929236
50.9289730043821,0.6172539191338714,806.1242958722901,4.737453473627361,56.552849456149374,10.565643531814985,108.67202759864136
49.37207448017233,0.615716532076536,790.2010443919185,6.31824814900257,76.74720252605191,9.971413397807257,104.14862722916921
57.40204280642633,0.6047829158064384,754.2257824250692,6.156368020076041,79.07369909075244,9.38376773642599,96.96657683170707
61.4227919439611,0.5640977470388873,702.7113476938588,7.070577291251327,64.07505738016978,10.081878246986667,104.4372276365147
53.1395184528866,0.7502912110950873,624.2378902015014,6.044392704081606,91.80338045639778,8.806852804794694,106.17061536602928
44.41018596203159,0.545559390527303,816.9065526333634,7.359951017706718,77.4922309273524,8.259696619374672,105.03905300412053
45.536888172601394,0.8387147888432058,764.6380834826498,5.745058254792017,70.2761317240052,10.619850266679265,102.84712909576731
50.70704459276077,0.6704596295431475,749.0459669524071,5.374227878814893,62.55341735003525,10.077000624273825,102.23697280986848
48.74027338123348,0.635286448682695,750.3585774202922,4.528652193462084,83.18687261360596,11.680069529295283,112.12628136158351
47.87775071883015,0.6648720034707557,925.228508864762,6.364024829078614,86.37292552012788,7.8707540457785425,106.17087741105188
45.102094185224374,0.742940189307614,765.439496353465,6.243247437008486,66.15307564920722,7.922215569456199,103.986873396239
46.40464771004571,0.8126036491360366,815.2189073970893,6.225318715954761,76.72029385960113,10.937633231701183,102.83145339024391
43.293918089324066,0.6381675016839619,947.6990793481214,5.854458949067349,72.30397361554435,8.766294426822231,117.66200947794887
51.932180138781604,0.6887622809101313,676.2622210093957,5.917044263734372,65.9809691560886,9.873901251382403,109.51244819429063
51.26207341061701,0.6939856538939914,782.7024759711799,5.914194641324494,76.35433389494088,9.66107385146847,102.77650047161207
50.15647902136502,0.7388837880780801,835.4448169416914,4.8346276739645235,79.4181101861806,8.077679474375751,111.29515490485012
61.0192475071847,0.6173387644929061,629.301466784691,5.7152853166025945,68.872890166468,8.999234323108594,102.44428598450585
43.36661693906027,0.6583456718394678,849.1802141944778,5.237183017676379,74.19579929253536,9.430452662330833,98.75168873411815
47.97147300528069,0.616242659954824,720.879881698629,5.9354165300601816,88.10559096088492,8.543775393970442,106.0859224723931
47.77860951692627,0.6920582394327076,783.6249693032796,6.37578715592142,84.81015479634748,10.242029154133183,108.06638311914027
45.85204693358493,0.7216140673927696,709.0133045227408,5.038228369823786,65.41711042613744,7.860845717121339,114.93357424332103
40.533567004018344,0.5049546850491912,646.7928422664517,4.282839969067174,84.2274399827499,9.431939692771548,98.85599887642402
50.04321988489739,0.5599192900791227,751.3257893093764,5.169590899190566,82.52311758771485,10.34747625910994,108.37730247039974
50.357676054132185,0.7392929253852467,733.5269701836195,5.950737805555605,90.7655481161067,10.560087404526271,108.04153106855456
49.98255384242398,0.6481686864714314,754.798358781657,4.811474404873841,73.72232942557912,11.236740581112837,91.79206307909317
58.89833814947272,0.6891026676757335,802.443812663148,5.78466932161716,63.57376272949193,8.657618523155135,105.00860106133248
50.39467501595145,0.6884021788992072,709.1060989491447,5.830102669507458,85.30495376580303,9.279041709895333,105.61244356342164
51.79015386264478,0.7021989119241997,821.0217979710015,6.494413644926893,89.30763389935026,9.285553762962685,112.16125363617293
50.66855318941991,0.6058309666721325,915.8344647901444,6.689411546633148,90.02972774491184,10.14088598873023,93.215985954237
41.57097834899286,0.8042504028961868,656.471739689512,5.813642553821686,72.18713931100936,8.920416956965063,109.04766007137925
49.865753346413065,0.5365051436312367,730.3630698156815,5.155701663841398,83.67912861212875,9.557130555123843,101.36700889303997
39.00078904377646,0.6065383507843508,820.4561574962365,5.97234633244007,77.86565963598831,9.509631793882042,109.4747904156674
63.05875640339589,0.8034988365170337,914.1639394937065,5.6931295467804315,86.27128690550637,11.389488627484498,108.2492563874262
48.88968195321133,0.49338828990548306,727.8396089491431,6.4434779306692915,71.44932987974991,9.454044766999832,103.61276071028679
43.01648979548721,0.5500130325914632,823.6607693325309,6.543319261051016,67.2834725983061,8.150866238267305,105.88008420362834
53.984101006144684,0.6718289669478814,634.1133789431173,6.566010352922063,93.2588962806334,8.8575346060017,98.50297964796202
52.75553606327076,0.684851699201971,770.8680050546444,6.269054551345981,90.501291438278,10.537913136641647,110.33064873224238
51.08574209588956,0.670039226359471,645.5057305223993,5.479766914953904,83.46077246962903,9.904287512493083,112.89454467183299
52.337907159138084,0.5213107510886643,806.4045252890305,5.544706401762555,76.78708989565028,9.481876523968685,108.58082975161817
51.109745387004835,0.7069687022171258,858.2830648029327,5.104674250714311,78.92105558605593,9.266703876393755,109.29978816229148
56.278564626171296,0.4458044868503974,794.9198428090991,6.656041165919764,86.23884297849375,9.409233653389474,110.66189149014353
52.07102400305282,0.8800453656707703,705.442211978099,5.027527041261422,69.44430957276458,9.819811029488742,103.03120548745653
47.35850283081743,0.6955829052072294,738.6620752858016,5.958745728685799,75.12206721799478,9.57968144199165,106.4646110059724
47.9773981747948,0.745896195454865,841.5880886770067,5.934810253516577,75.78189330418513,8.901282978435901,110.29575910994647
48.51275057186124,0.6707400276779615,840.5981532571114,5.573353043805527,82.39710759998484,10.29994955790991,107.7317847820368
53.765024693251156,0.6104149138843138,817.9742318654845,7.095252773251378,85.9477055325343,9.697108044430987,103.53997415251882
49.81761034495827,0.8405668555036419,876.1716272300503,6.339469016929126,81.7569999852323,9.009769670894867,110.96929375401008
39.89087491216401,0.728155018817888,769.2833537673,5.759037665973269,72.147258738382,9.272995368882874,106.82874962023709
47.24375760029235,0.664027272953233,873.9089321800373,4.219102226657695,82.48795429650761,9.118303311335398,109.19655107902483
38.6159017907299,0.6806889564544638,715.8506171429913,6.360428510357174,64.33845088625135,10.459235141721566,106.9745552472389
51.67284502728984,0.7417429583891102,752.2848940673392,5.265874549123654,73.66278283159001,9.967794626194536,112.98201517211277
42.99293364465519,0.6178232783212846,943.5067140889494,6.054769608382015,85.39991417616137,7.92343703639154,113.66350751625393
43.303789855630136,0.6251781773781238,803.9376286013791,6.28928238743342,73.00484428610996,10.225993097105356,103.83679601928654
55.29699250568542,0.6075464700554262,679.7256755157869,5.332510643248716,75.19327882486883,10.245016990549304,107.46909973241596
41.068058807490516,0.7762666564887821,787.4935839951094,4.39691342178699,53.74126766069377,10.763832180321403,106.26684667263375
46.484010241836884,0.8291556397231947,704.1983650139961,5.432573877240891,68.89149552426133,9.963323011082599,99.23620863506986
46.185559676763376,0.72994608070365,724.650556042555,6.381164302551466,80.23041289864726,9.529096843961456,106.80657096794253
42.933413542118764,0.7884082289323319,804.5334592229281,6.275440390839683,71.90541544440512,9.02703884113569,112.61494617643146
49.92806542327367,0.7184980096441455,632.2027836630087,6.74813650929426,83.91709710915572,9.112729232643277,104.71070166944655
45.042884041683536,0.7270519395689616,891.2283101751929,5.844894981508537,76.68946734746092,10.70257034551183,106.82259549582015
49.68612781947539,0.7625344251716563,810.3603673325517,5.205978083127738,79.75017003814202,9.4157267902418,96.90331241753243
52.388287389227045,0.6473992789271416,696.5511654594657,6.192267556105864,72.18171678068347,10.871982583675667,106.96760715351762
45.828326527353454,0.8329219539711399,681.5076060838209,5.566294425417433,75.73524051288658,8.517570282592837,103.52362013317926
53.28178935593231,0.6013404655604999,760.5905109388757,6.760135104580527,94.61391122765366,8.795268923329246,100.5093330991323
50.5361679087084,0.5490110397688792,827.5215965229314,4.260070722017196,71.51820653239841,9.901004588233356,115.47074393174078
49.71419430758282,0.6638128836462563,769.8720559569647,5.724161054617762,79.40089040770002,8.769855116727825,108.75688766246923
48.331770908504524,0.5929694574447396,779.705813956497,6.252770037893859,73.09926226573327,10.5352543517129,110.12172604682003
42.53692191056957,0.5793323139900259,686.154817027771,5.838493895466462,95.58870337527162,9.465244861246635,108.83522477949404
40.75021148157228,0.7619941970040844,820.6827285760938,5.7143596129458505,74.42207213911999,10.20555070384344,102.20525987142263
42.786972554895286,0.624399764218919,900.5758505211932,7.199520118030186,59.18372228804439,9.517416378641583,109.3429492411873
45.265170564549635,0.6384439765315989,690.7379245294698,6.307175710699698,73.31286626379668,9.661136391612285,107.21287755910325
45.42273576307108,0.6900895080738149,817.3280502531633,5.750858882908956,71.11198940295967,8.630163750203753,108.93588310979881
37.39065776914022,0.6555843807967608,643.6994389511239,5.284073130166525,86.67395756073302,8.543494781958765,101.82192490580753
45.87421154873351,0.4173064090369801,738.7328021497484,5.779929487888309,89.8480504647599,9.244352264812363,107.41215018549025
39.10713284605676,0.7116812468166408,905.8587957884307,5.717012724320698,82.14070616560767,9.93201827976119,110.97627342429331
51.49335700757937,0.5967844473912262,911.7743944681775,5.583352349666756,72.56285651918662,9.684261846943546,105.9388914018666
39.88957216592662,0.36335687212819723,859.5075022611745,6.774422691918357,65.2980760942806,9.618212717340098,106.13604403584297
43.875482719884694,0.5073222002077777,902.6708617476417,5.496324414998598,93.92153314211153,10.218419541253052,109.25300248266937
45.647273216026406,0.6230575894239703,760.696496055317,5.130403877432819,94.10581682445826,9.009025244792726,108.79935635083775
52.1951774841907,0.7055001956885123,773.5381064713829,4.718568460705115,86.98072753627685,9.332412452037422,104.06561832127862
45.56550194324065,0.6368523598745347,669.7495790099581,6.516856998416907,91.40476044407923,8.12224171854043,99.72487317147278
44.114271301738896,0.8324017373869672,729.7572116484276,4.167808986664674,79.99260783955427,9.263561619930083,107.99947199320388
56.53011124316505,0.5415980404627149,660.0890288219254,5.976707992626535,68.19836431233226,9.182209027331336,100.58987598991496
40.60376547928524,0.5734872997304881,817.7087868616156,5.884103325420646,92.29773423086162,9.268961636519862,105.9789118239924
53.384670841753234,0.6027823361510327,834.958349919098,5.514576810283266,74.45345874910286,10.451575102236212,96.78586753306332
49.738099133446354,0.8118033360807106,798.3037883514331,6.268417655824228,76.01053514207335,8.496751257469425,104.9612519239412
41.54381125596476,0.7480312069847316,858.1499837019528,6.441523449982235,84.03643765148254,10.384673693434435,97.73154160464037
43.90941660129211,0.6435714072772905,763.6724492418923,5.399539348586212,75.87392823361104,9.815701390236923,102.61066331315656
51.80727929151781,0.5583147554721,799.239551678663,5.3196080308173075,60.94620266275286,10.089446458225245,108.99045694481953
51.174282030481955,0.45408768131240984,635.769677036542,5.892547165166589,82.21408864899307,10.618156518062602,103.47316328700137
49.9975319426881,0.5104047783749223,813.0944075958762,6.297618521896283,73.31072761481674,9.35838274963853,97.20653955887998
45.51428408965599,0.7269719015393751,822.444847290067,6.41998916157906,75.21451964472254,10.44975194541127,105.40880083008803
40.709526056617385,0.6552074146351307,750.5190778556625,4.64736737244014,78.5624935474826,10.471194938391983,106.59447456381251
48.28945943159607,0.7228715500561504,737.6289047096624,5.516265152750632,72.37118873532391,8.849496853234962,101.63281655359994
59.86930917320361,0.5751927692005987,927.7882686025621,6.198657659595103,79.21117971252818,8.451731029680962,102.7712085169159
52.605729495256384,0.6263312187166747,710.3462422991867,6.638796168654558,86.93698834486636,10.327459983418791,105.69541530922271
46.502725026672266,0.6049267143704682,741.9248537964451,6.2979898824003655,68.86609911081294,10.539901148707758,114.4355600033507
46.61384971992295,0.6036695790383122,815.6334464210347,6.560346701096224,84.87189062028791,9.310107510089717,103.01808230492135
49.97337836160774,0.7733454051640145,882.7099241580243,5.9229481153158225,81.21608500937515,8.926107804159505,100.25006381866766
53.76709107672603,0.6252601129829299,722.7264705316637,6.022611582915177,96.2311888625427,8.744114201290428,109.19576439220627
41.153192895361954,0.9884528551268095,832.0963945983721,5.762905273374097,82.55659938631665,9.907278518695298,99.68429890720675
50.00387771214382,0.6810568999152822,803.3559632888037,5.084274428649259,71.71346852198346,10.400822389681949,102.28863725414863
54.81492828798143,0.6397458150381079,916.5091551447905,5.8018481231127055,83.71525898702606,8.295172768946493,109.421287284275
52.03167115231328,0.7232203151732424,689.0498256067755,6.832974049311261,81.36481977199523,9.545329482499856,110.77314145514839
57.05612501289727,0.6669428583418613,737.2793036541813,5.624330552623376,64.80818206231106,10.30709848445985,107.30767224289092
47.958994965264615,0.6451008592880343,845.4000874102766,6.511307134409022,90.76831409375022,9.54646539423755,98.72163752375234
52.18220510474439,0.5542339699701181,665.3304763053515,4.826680497061191,72.47230458891607,9.646097600227689,99.41460156812346
39.18278086761781,0.6844379645901846,812.5942231919007,5.158685107379265,91.16790938508058,10.234800133696325,102.86339482858564
51.583565009412744,0.6132865712134146,749.4411543642949,6.679672904502198,87.40995277791711,10.164629620713155,103.36832947131853
46.35234049332074,0.5652544839901462,726.8513298300066,5.521190995971163,91.87071091360612,9.571856377262858,105.65813806344512
45.62528095732482,0.47686338737136746,828.3263871280665,6.1055447518164705,69.76584041615484,10.17415030730635,106.97385443096645
52.25594288317095,0.7414731675877461,639.7622977316703,5.265279793486542,84.38009462517836,9.118264978130123,98.98960034498613
45.370591248372996,0.557642022371048,793.6707412719188,6.1416785655660675,84.10686381688694,8.532072467525962,114.12431564306506
42.84974093738086,0.7302280123826678,756.9691078759239,5.663604465087771,75.73719748498655,8.825873801167354,102.65498074757421
48.47601311583135,0.8288754104827164,843.4780747888942,5.340105722646541,96.38774470691993,8.318816574241417,108.21349472477881
44.63294200523786,0.7737398007589489,814.9695318093676,5.6585212692511035,87.49886829976312,9.956805806191817,105.17005469659678
51.863148565827466,0.6193843928930532,680.3849450969423,6.63006870030748,85.65440999770813,9.296195804614927,104.43902823189747
47.33421512193001,0.6052032843586788,858.9310745806357,4.86728728913927,76.17923170540824,8.892983297593384,97.38845821497694
43.380634131143125,0.5347764493234304,872.5342904900463,5.588053116845305,77.06663899600511,9.230268137634319,105.50488301006597
47.19979833852899,0.7560319308346304,713.068126671917,6.210244522876514,66.2168998591415,8.81575090946316,102.75788694875263
46.851100403783,0.5355436328284047,777.2304354023506,5.1798914797246915,94.19399136182656,7.718655041066066,116.5466228818789
46.101015396296766,0.5610546023514495,819.9524888083955,5.745721233813411,86.36306642016194,10.140113326040911,108.05809998645225
52.3877607769235,0.6678456246361486,708.4356085514456,5.880336408265287,75.54508396321904,9.67890464765429,107.20293130089355
52.690928170389995,0.6917407582309406,831.4943977553355,5.358277797211497,94.48014846646197,9.920236855502797,106.04145438802726
57.3353049262593,0.620295918138167,554.5036677410855,4.084544666048666,90.4001686753663,9.417050083898987,109.74052993774299
49.7735193629724,0.73666817273603,744.6168081836416,5.553946929660181,88.04383171979725,9.622686748860248,99.97350293602092
48.46869911049009,0.8346059169741581,891.2913882261776,5.356199001255036,86.69965454469977,9.299898957959485,110.21508657733338
49.629670594682246,0.7605246378133821,772.7732733548748,5.669175091024333,88.65290234184653,9.754240845616996,113.6504170571618
56.19342850396526,0.5857358776814946,734.6516926177707,6.970047525420879,82.84993029187224,7.666290918386915,99.1505807217781
48.876463269244454,0.6167285729384672,812.9796314474858,5.681724551520522,87.71469637614051,9.941100720894148,106.53960459095558
39.92263556290932,0.5221832950958807,724.9771181682579,5.035253896035448,73.04558174133568,8.454680029251644,100.43999927184791
43.70507772615581,0.5886807206052013,714.9394662166056,6.767486250586048,81.7589333617709,9.632864800812063,98.84784389490862
58.24178182328625,0.5150184706082489,759.2961288679217,5.455312165278129,69.75506739142712,8.205231932646779,104.62441523057497
50.115408059230475,0.8817318932772035,746.4217723575243,5.67800364102433,79.09127692521166,10.954952294800508,106.6570412273514
50.9321686156248,0.8454852349352928,750.4732795633779,5.884863718275002,79.3042576110974,10.48242514001289,98.85127800969222
42.78218185133196,0.5343307648310741,929.4984990615383,6.467891952364935,69.07667444233152,8.729131505081998,105.89960609477842
53.17640191538889,0.6686160998312598,640.3364513463514,5.953039740810362,66.99754551364356,9.74499233935485,105.84398007209236
48.17151659999299,0.6888469651225927,668.8398361919791,5.890768445432086,81.8851358161096,8.504789493327529,102.58375240367053
50.04123342488854,0.6723329892008629,791.4360730265076,5.503933933738745,86.82936693537967,8.36234953114446,100.58889943430083
52.283288083362514,0.6400705344637813,811.9937141671794,5.491424537365571,76.54209227989838,9.696176812681319,104.0322335080041
42.579436603234946,0.7211528123126048,781.5245798845742,4.711005944532211,71.16629252925374,8.855415848864439,108.94298050612893
38.438965173014225,0.49387819477566375,764.1808799833444,6.006793761008565,75.2999653267726,8.824435000568432,107.74675915326593
55.26172280041893,0.7258615437612432,831.1484692906552,6.802827497903566,80.12853538785956,9.550629971560735,109.35951598676732
51.57705402766409,0.7173267293471258,787.5749412188397,6.17491456089788,70.95175058643846,11.13046308599947,109.7851580760069
45.0954568430904,0.721085931375001,779.9768235810012,6.137661687632053,79.28304370296097,9.96902193897923,110.66689106024796
45.75765571184779,0.5973450051355588,780.9306257003273,5.200832477717282,66.1003588321153,9.099991897171225,114.72510299090096
45.162001731499,0.7829473108851309,830.2931077241476,6.324177739147034,63.82983330866054,9.832839549132451,108.05859412639272
56.72199979429331,0.8117677044899855,793.5725097845045,5.685848033258194,76.35150471659898,10.696710189071378,102.87128105966993
55.63466688796811,0.8853800096523595,724.8233704115886,4.763711624752016,76.95998685040072,10.608636597895558,100.46916197428109
32.476625505667826,0.6205443851814887,722.8035741855512,7.093647532410918,79.6197543886444,10.510477742817036,112.06649732353992
45.01853026782301,0.5566364988851125,788.899475501463,6.258889681933852,75.6012026722183,7.930948613943765,104.10464914012753
42.689768906096575,0.5392822987158462,842.4977596040663,6.101475065649378,75.80693951490733,9.597820541258857,105.23327019443661
48.287641566964794,0.7385850310998732,813.6154493929286,5.335549412559248,77.59488084736505,8.647529155649138,99.51392533629225
46.44130605696392,0.6838098860272793,721.9854482562254,6.056575506691548,71.8849831342139,9.58997813915391,103.58384553087745
41.776760741047205,0.7391919814578987,794.5401148859268,5.585431416333949,79.10376055495207,9.74972935399721,106.85442411565963
42.773217222982765,0.6078080068031738,685.2588501074155,5.645139536348919,76.76175878978893,9.116357168013675,102.17084959272539
57.57448894386711,0.6263523763676913,723.5273512300645,5.010994611448265,65.61891244255716,8.66511425964876,101.72127395803876
50.78999916142988,0.7079692545957385,772.0549273502502,5.899840113887155,79.55525618788451,10.182312116084981,106.21984551974074
50.4974188403731,0.48482303408401806,721.0271464449784,5.698944168446852,73.8739986381815,9.337566015765272,95.82760465839566
55.85365193935459,0.689391501044067,791.1555560823423,5.750484310058688,79.17737723426237,9.723942059112545,106.83316248868951
48.01279062582238,0.41205036777106396,648.5374400789093,5.793742021339502,66.10537177285677,8.436161058938874,103.60410323714821
48.23735622562503,0.6745179960069843,830.4826128668735,5.042728927355299,75.65596998050435,9.068130343620782,101.72755897547763
48.8838753248,0.7181584912896145,617.5941022485804,6.2901494148977735,66.31683907348163,9.4730065753659,103.07369315257688
51.8028942977113,0.7444475672340332,737.604351239844,4.695887801637259,67.98447307132525,10.150485660199035,99.40267149324553
56.64209400261013,0.5424179460740206,666.277073245397,6.639537888170523,69.15315440305604,9.791326507140997,104.60876818906874
49.1655498986213,0.5173860847134985,608.3624271042968,5.181726026317189,79.57698344864956,9.859985594352029,105.52246103321256
38.53548042419902,0.5778203614215967,733.2382816094656,5.502175729578547,82.25476697311495,9.214763608184242,94.09221196539664
51.800880633484496,0.5018727662627873,804.6896500894854,6.273876622103842,66.56868398870616,10.382549625119566,101.18694047473807
46.32393081677437,0.7364617155679455,763.5345504933053,5.54460547314866,96.91413231219673,8.993794744773655,96.20636965301564
45.41375957480072,0.5823656621134752,732.673730475931,6.082857334168026,83.93164263113277,8.98301214783847,91.27861464029031
47.31072108446866,0.6733044768534968,724.2590677865041,5.496461225252028,72.56456998706757,10.35753946371992,105.90105869661048
50.350172975719346,0.723460155512814,810.9252770811878,5.773957026892117,67.124801922184,9.138559983204793,106.19574870643986
54.28445641208679,0.4547161675459393,818.858271483041,6.5164230264773115,82.4246019004963,9.757759278904585,101.38191984456262
49.633310284082754,0.7698720920791177,658.2520724964635,5.298550976658653,91.5184445401942,11.25106758089574,107.04937678961903
50.192225353526396,0.8277822297097293,717.3755032332126,4.612198901389617,78.4682981275074,9.094644194771218,102.94360075471349
50.21068055987444,0.5280915074474957,758.1731130252281,5.301536911894433,81.38219543858578,8.63144922556685,102.82220297124103
51.619771178493394,0.6432138707680414,876.1715495312994,5.744149659861589,75.19036251434197,8.476297407663328,107.48048948239772
52.72728846766783,0.739082147465147,811.9007511346232,5.743769056339537,98.17774845206023,8.902303937560658,105.50866454709127
41.17901382591661,0.6842713052327635,811.2232463876235,6.853784908489585,64.78449916066947,10.375719847730135,103.15411626907695
45.63395504280851,0.6782607696029745,771.7846968972837,5.288623484308764,85.21518722594372,9.037931236925756,97.57276292020794
50.08096508667538,0.530509806443573,850.2704850598964,5.913017595788446,69.72193214359643,9.861239936380537,98.6025396960045
48.914318349647125,0.566458131423341,784.9528126059217,6.898909908533093,75.29374095790585,10.357667703598585,113.24560605495793
39.87996409535697,0.5893474192593533,854.0934181075576,6.0782310976560545,74.10539977171348,9.433539610242025,105.20463657759502
45.36837844411775,0.7349895156647794,867.397044639144,6.809290482102205,75.2211066944697,9.649769586434372,97.2630475646265
41.536147988902314,0.7978356937341555,777.1315099354525,5.617122633345098,78.32399686701704,9.303640558206801,102.58717178776419
52.09016838940213,0.7040373710270004,811.7795089577949,5.55490046892081,78.70260230559768,9.558944890633457,94.84796675965354
45.242544897883526,0.6591031630109656,816.5058311040214,6.1129780140816035,59.392574358266344,9.59764375796702,98.37821355925303
48.48050620460593,0.6030652211876004,731.246172224027,5.81524783396198,73.83094744317788,9.647325236742034,101.6076909036746
40.20357395067751,0.4959938389026623,848.020659977024,6.387569816755407,78.70655691599619,8.3662550965786,98.3266821260074
44.472279892414164,0.7661944474293503,766.8688376271533,5.649197770744898,76.72428655673093,8.611157123627834,108.59500880417825
49.60112072214648,0.5385188972818065,702.615943834049,5.469267569940008,86.74524380754696,11.072907546947135,95.92161756670598
55.38931633752848,0.6534834307793658,820.6776724181377,3.9574643289596816,85.48494729464497,10.107793486985669,104.95604911995838
46.247516446922816,0.8191677806827332,919.4448888945287,4.498381793022168,72.72518986591801,10.262872555245263,102.41937126294061
48.69281952764065,0.6226732304848284,967.567336597201,5.487113174816971,67.43747267508341,9.501299270243841,114.90537741037275
50.07025256790004,0.695844185232841,907.372221083333,5.938980331523921,72.97579857339227,11.08645756153755,107.42950515452674
45.489565615445464,0.6996225546741519,785.7231983632829,5.9708271660246,94.70365105404464,9.645749297761972,102.21478756172944
43.86435791191065,0.7649782237646678,763.1003563743831,7.649012579874776,83.75505204660729,9.077287492958911,108.11388494400866
50.51009778076955,0.5180436373514063,746.7597359804688,5.586554061839465,66.80477018264575,9.838763275174298,104.73640409947882
48.93324579750292,0.698223260712689,770.3120514688488,6.005567515884262,85.672716800337,10.645063632134024,100.19061298463738
48.24998765580721,0.5889921860317223,734.9456829680852,6.268586872862906,91.78972889205859,8.640392090670753,101.05424816767115
54.11299167848022,0.7468731201141411,893.8785460609654,5.0964013741281065,74.9993696727342,10.083900832045694,110.00023603450315
42.128164440696665,0.6708007703406949,869.1587059006946,5.0963471945041405,86.76127919435486,10.042778128881395,110.06727175351274
51.858798801960255,0.6279666553492603,786.5239906647126,7.556136945916989,88.40628974495324,8.798428875064138,99.0133961300839
45.78020257561535,0.61915462717608,708.6006698936873,5.993712664585502,84.51125993234066,9.38301331471245,111.07568689910278
42.77965358986565,0.5868406171620393,765.7314366994278,5.717566533659322,87.32164610618058,9.623430644105666,105.32149182481973
39.9211706945249,0.680879736165162,895.5360265633312,6.256645392359913,75.80364515007285,9.54338563478921,107.01220355705986
49.95637650551631,0.5549263320186282,791.0509744365074,7.370904359928703,62.5621059371687,9.089682993757238,105.92588804035684
64.05746514796178,0.7010492681273193,689.6876462156529,5.192544076817115,65.34750605931879,9.932142009819623,95.92150682651283
49.600896168680805,0.4706992704363167,745.4751218291622,4.960991814423328,75.82268515267806,8.887068266473861,101.89576779408674
42.550102215948456,0.43068310343934,807.0697295648208,5.447479005357412,56.41465774327834,10.757029590603038,101.15612133631171
52.76160222691192,0.7570594690456647,834.8759670730881,6.8639506606830505,78.63977268869682,8.734879252672961,110.68915924998565
42.393257068254336,0.7175582141924752,823.7933770085763,6.347459049892574,63.97800970759096,9.581684170932391,103.37412101625479
43.867094927031914,0.5993275191783323,825.5634253813856,5.795968189348189,89.13135331115453,9.117778018253567,103.35818560462603
48.74847373691196,0.6009443419409103,842.265411786648,5.486687345775335,96.6648442245891,9.02623064959837,113.07952835277109
54.13651540953757,0.6027138071071065,775.6238032813319,5.7651631175918485,64.40358575852264,10.07962131987729,115.33062384190717
49.59437876207355,0.5956247327008265,687.1320750711016,5.8848053276862515,80.23581157603181,9.119536490574133,107.61462982107442
51.57012168299261,0.4368096638476598,672.2127915153862,5.8528154498736615,93.36806460351198,10.737825388823579,99.15953470950896
40.83504198370706,0.7486004843864372,718.8099710139836,6.275883621525569,80.84409122578556,8.954400347768122,100.87051377817359
51.91327028529115,0.6068091724210324,685.3422235633748,5.3285256801927305,82.52679453766285,8.574067882076234,103.37798317529695
53.310238515182874,0.8048808211118841,794.8054940208914,5.536398848950943,80.6295891163705,9.455869925540267,103.23620876826571
51.02963002335574,0.598273868850718,736.9402889714743,5.372156130913628,80.12579977697906,10.00591969463588,108.00371857388217
49.0378905769511,0.5647882724363066,752.9656456411931,6.167892761031249,79.54256360886377,9.00728073982452,106.40427931010295
44.40865390519189,0.5932085211072251,803.4044494946106,6.175532866742406,93.39361851244418,10.77806588317016,109.27284162651581
48.98222066724422,0.6170443482332103,840.8647259013067,5.1026623820092345,65.3252781800469,8.36479003425901,108.62222625987151
