vib_peak_hz,vib_rms_g,vib_centroid,vib_kurtosis,magnetic_rms_uv,current_rms_a,temp_c
32.94169542446476,0.2607694961854541,533.0384398002533,4.1379073698917965,47.281204492255185,8.276891239162858,89.59937526215649
30.014365704248387,0.2567034251204431,531.6947435569294,4.608794614674219,48.11298621366105,8.46404539367921,93.74216173766696
29.81365358679296,0.2762289264110138,569.7582056079872,4.50319997454757,50.486346620756386,8.044718917782358,91.87057540870535
29.894610326238386,0.23825586548515776,389.61380408367137,4.360085189600206,50.48356449335989,8.155708940969914,90.4235813556211
24.69117762194326,0.2385508408701405,592.8171471562621,3.5789914502137714,59.799273688046775,9.634287165775469,91.23149517637742
29.484348778374677,0.24718300580655975,372.4583124980375,3.39420248151158,47.33062558403666,7.724420573097204,90.76169607959972
32.24281615250295,0.29148690935128774,482.49734305549595,4.419614354484837,48.126902181096256,8.59575216113054,92.47376463525103
31.352986702505078,0.29430328160351177,558.9664050106599,3.315121746543504,45.945433355429245,8.78074085979396,94.23048283915799
30.846445773816104,0.3204211016904501,544.2910102955146,4.1036228233328575,49.51829768422565,9.456433348156299,98.90813085228416
31.534553800164147,0.3245142885417855,516.770441756581,4.690036687135289,52.72202547384072,10.27917678477186,89.51332375027874
23.17087181797264,0.26572327394620776,565.1859849869078,4.309280105678887,47.61518456136905,8.262194224958705,88.88361313403291
33.12301636639117,0.3144884933001362,439.493041423753,3.7907137560252933,61.047262078291354,7.940834807389744,93.32059118588583
35.12914285767479,0.2644383708158909,582.9622527502097,3.9428776693271197,52.73741580372649,9.375361776311042,99.39009745942522
35.067943457319174,0.2612043560361241,492.41874376459253,4.381543583592071,51.558756214560695,8.67182386540455,92.57084676839575
29.505974197723756,0.195949062780795,563.3588984023183,4.206356479568125,47.75874715958344,8.680308299370529,90.69301380700355
32.55689960769326,0.27890781432130896,562.5913687667759,4.913079139345765,47.999370406693984,9.30610565465834,95.52789006686906
23.414523728661266,0.2747577703543652,524.3301446584925,4.417175345108844,52.112355633035016,8.435629231882372,91.74308507670098
31.023114732181785,0.2333308250660336,545.9194368316757,4.846921945336654,55.35637819474466,8.63571872567937,91.62514214379154
36.97584877867758,0.2568547266969136,497.1173793284321,4.651968271914623,59.86162146269442,8.112189930141238,92.6805853092788
24.935451126029736,0.20103205001819768,587.3013109822798,5.513670293748258,54.57469106335892,8.219634811494616,89.54026293134139
35.259484196231625,0.2303263496950687,599.1140772933754,3.611307778626322,37.73092911060017,8.463174665834137,97.37035372416406
28.66395135423178,0.23095162859643958,480.24947292238255,3.4536597924703636,50.41825072490031,9.408761262304354,88.89223911006411
33.64377593849224,0.33280215261899493,394.06365161362976,2.6027969689929655,48.02791510586775,9.16051317186114,96.51987679620382
33.946419651704836,0.2572801149234035,458.8228202206792,5.180986467345862,60.899420216466794,7.530591906981766,88.0306592587752
34.553686020921745,0.21413632658303738,563.4090448373258,3.4390792506191925,56.347551564150045,8.393061234111169,90.1657979634091
38.537734369828165,0.3076065361109583,493.07677285607775,4.521176477217469,55.00150294982965,8.446652985884707,91.43343201124797
32.82319623319681,0.28916700133230233,577.0075503479096,4.410291820568636,47.20743426098581,8.470044034517205,93.07112850523524
39.7439653310129,0.28346876785037695,483.63038689327493,4.135202190345394,48.63645670191929,8.217769893369388,96.96345268277503
31.736342938144585,0.2502076847886384,407.7812341558073,5.27928427097968,57.221737014097585,8.414865968357477,89.00312589430197
26.21195863809872,0.30539811507911446,459.82114676957394,3.9479935540100657,54.15704792477906,8.437981517392107,90.62519759374155
24.55583387673088,0.3088584989280323,451.5161272874534,4.57060450214979,55.018217809849126,7.7134688889269185,88.75035249157813
32.9344020081904,0.2397632244772054,539.9090222112627,4.256959148107449,47.61563390024668,8.633426581071792,101.68732019120219
31.468297289758198,0.25661181730959126,542.6901738964596,4.4629296406784675,54.85787791775138,9.922680124052874,86.29292952946484
34.9812836858296,0.26067558092985066,520.652163837343,4.27939111423722,47.747503252267734,9.203974712236349,93.19281958441218
35.3711270580229,0.3153263746214639,450.35560154628786,3.779832210686583,47.929241370461106,8.67633631316142,92.47987055686747
36.79672182060683,0.2564114285411043,554.0036965071414,2.9637620894438443,58.88728821460518,8.117649513762714,85.75841328931863
37.57841214331717,0.2565159160106714,480.01051026309227,4.651751948000517,52.18078999811058,9.592165694134133,87.6623221656978
30.00917438393914,0.28879039922148303,550.4361365364324,4.316131562896797,44.4003471773793,8.778883723538803,89.46670064264156
30.63818877350978,0.25331945507881176,571.2703911175711,4.4767208389289905,46.510482399358565,8.9423774194188,80.92561803213196
24.788506601107272,0.23377603303653827,499.0508340300624,4.3012847030526205,47.01315496842097,7.907128290047493,94.67832786782145
29.02504837270257,0.27798250624935367,462.98228154029835,3.9807425262231755,61.707095734629554,7.632113960247258,97.11968019991316
38.603806378315205,0.26789055847442567,549.5440156926118,5.698182406629654,48.29481229464542,8.076448062122477,96.57770375713895
26.542925277961476,0.32205724644044104,551.0882746011789,3.9037852489408684,51.75962043645633,8.344282400342406,87.30603522535901
28.76288072917431,0.2648982683864956,411.2967104918628,4.545030329928544,43.95634440111674,8.5844199002407,95.47012434111925
21.854152083043537,0.27406578313159147,386.9450746495078,4.441410912931746,46.16783904250229,7.950650589850127,90.39739910054648
26.993754019823513,0.2610454721797435,528.1075844953671,3.981616433951523,54.00636386976798,8.64320325346221,96.36207764403443
32.56736341156167,0.3024724419117481,531.3494367656249,4.788173669689893,50.17005645395648,9.255536332251742,95.3333178723258
34.95321729136438,0.23956257504336206,484.18835733103447,3.5742911457639606,42.68921672053657,8.516562259731385,94.65025543330098
30.673651269700777,0.319702933147726,597.090806490494,4.187915567807552,60.37712735853316,8.90592857638578,89.40576286026813
29.509220840430302,0.2220016091370176,611.3084953216095,3.083264088032699,56.41097994706679,8.301414041653373,87.26146821347336
27.245258788646026,0.3379421825289529,542.5038230641904,4.294261215558193,49.86466893336174,9.588462155739057,81.43495164953599
34.2420028341484,0.259640776834871,507.1644083057539,4.4433297762288975,50.791671381422404,8.98417731149184,91.50944813173419
33.561252089562615,0.2637282054879344,518.2649523595352,4.748343233298593,49.75333659405205,7.562643175854458,95.3555187856184
33.87853934771682,0.29487711236580716,496.75580619878247,2.863636214260282,49.18082486487708,8.39269816516811,86.3956837219513
35.89554884180434,0.29747421987373085,389.31573968499004,4.337822621937023,43.16667790177812,9.582340225298243,94.81467570410071
29.346420680596204,0.36011224517741813,516.8774641860032,4.795460155717666,54.56181200423162,8.775725630297565,93.6209866870536
29.02807709762169,0.2609645019489531,543.6428329213284,3.7112769615058743,53.49218738611405,8.93491771502844,86.18721682123582
27.044060282379245,0.23882877448691808,499.8808226817166,4.194497462841791,56.265962260288894,8.923752396579507,96.23664153322495
31.881148452947084,0.31756206758739325,516.8744948331528,4.0033550110467,39.63725892549398,6.810326119157661,90.76431197017781
37.07211804753898,0.3017353977254773,431.1336601531775,3.587470286682493,51.97260992880723,8.55637029365712,94.17276862174879
30.487515734624996,0.31845251767172356,389.7889793876788,4.8096445230022535,65.75567873526221,8.253045568863886,90.20092667807545
29.134358475366387,0.3202102352174798,522.0322427092923,3.9155930064188835,59.6435437657131,8.241522955406401,96.02182281453352
21.745418459041403,0.2947769909864241,522.8657723606112,4.405313555710776,48.29773054770938,8.236455835267146,88.67025519016816
29.988831296592295,0.2790485708442984,426.07507281974665,4.823224822817083,57.257500701561256,10.06131774184119,92.23283292646101
27.579325798333826,0.21453113443516755,518.5842102878299,4.2996897418861,53.74187132652767,8.811090899315953,99.11175136968838
33.92998047642267,0.28170290505186213,576.811365180434,5.006108694327091,48.973896340760305,8.988285310523136,96.23172350106327
37.998196106075945,0.3060224840457838,493.6248794565006,4.16887881972421,47.188373214595046,8.175160315817553,91.4605895162996
33.46359360146091,0.23632317715508155,473.372858651189,3.847054631888188,53.01009150449355,9.845366673437475,92.32220355505875
32.363190325190175,0.34851567617373974,393.12362153927785,4.077186653930821,60.729042730873154,8.56955743881718,87.59658725398931
26.795798292171543,0.31864736481099665,563.0385054011903,3.0632244829129434,48.83573083226195,7.499185594140487,95.41496833055508
33.259707405764246,0.24706044556124795,582.4072047307786,4.500789337165303,49.592225289752136,8.558712352203825,88.00037294997448
31.059948010455475,0.24229335947464126,574.6734521154034,5.01503514690114,61.55062868263918,8.627375063944086,92.06897706585404
26.17701814980688,0.3105262081813501,534.5390645110195,4.008209730596291,48.24561580432406,8.417953744222578,88.02001495035331
37.282345003436554,0.2314105999707484,546.662889461725,3.8241277890859715,52.658413085197,10.145408459826935,83.7997528050129
33.55035192941283,0.2653679762489263,555.8505091277782,4.787153980164775,56.93255763757304,8.970738638847752,94.58607924213399
30.049934575778728,0.2619542115665836,586.0034874283009,4.222460869205522,59.318532915318386,8.42598934305826,97.875551908579
31.802638767464206,0.31653593324241996,315.12013934948646,4.391070671679548,52.66278352787363,8.445432394093013,90.22090769575975
27.79208282530051,0.3057006240179237,580.8662752003099,3.8969877984033645,56.75339782196446,9.619422765952136,96.77425605061222
36.86963901271817,0.27504901592606334,458.53016772241733,4.621255511168589,43.507228669314856,8.909770126308869,88.13871502774242
40.54869874953452,0.2769852005184746,407.0641563831556,5.423402349598707,59.56665776033605,7.588832970965767,94.72967820124444
29.45860165118808,0.3341842644759713,510.5440075682131,4.381466166430995,46.32824640731875,7.389425471698739,87.8266305890006
38.08403297432646,0.2785575789779094,465.94265580337964,3.962561856084276,52.600386939596234,8.008739035999497,84.68165236839165
33.70845862318545,0.2828500842773282,446.98133846456847,4.977799567879436,56.047850239460175,9.162427055796956,84.65952841260592
36.27879883054596,0.3521624689430554,497.4341924944087,4.1703985145818,52.75878476017786,8.361608240099981,95.67298821219062
31.13020017362536,0.24410449639788048,584.9714709386026,4.684710505053355,54.91030919215461,8.649386699394507,91.8976798509549
28.57491007282434,0.33118022476741893,545.2287033189215,3.760140208159318,63.45739913567176,8.707684657978458,94.80232255409773
30.48036096592756,0.2500744389374221,441.74232011240895,4.690595001252444,55.093609631656776,9.317428845072843,95.76478554393759
34.44831244301874,0.27217273353049554,486.33183663211406,3.2998748114619723,45.40235176795197,8.467097107773649,93.64101334573238
33.76680665173867,0.24636789153332872,527.0721675103996,4.982528666746761,58.195316890174624,9.960557374946971,86.92465038084345
34.17273369328281,0.303092509065436,523.2436460926828,3.8816797209469986,58.84819081081422,8.524507316352608,95.00208958498096
34.31977366872741,0.283261573406051,440.748400436697,4.632895413317392,52.7260011107959,8.413975295001771,86.77919017251723
33.05971331026788,0.24244745521900174,518.8074465752619,4.4353523317266115,47.777257147333756,8.917319088060536,89.1585164308134
30.536194330049074,0.2760348333830821,544.6659488689405,3.991390050812076,44.73112128678415,7.508974869048861,89.30606739829578
28.23704740811977,0.2954199192620487,507.9320614317159,4.16042547954005,51.89322067843048,8.666218918106248,99.11463506597877
29.16955237723213,0.3153719815778743,504.8659426114299,3.7382699967836057,47.937183314795774,8.504769981119091,95.94949000107815
34.754269789007274,0.2861151594202878,629.9961838016686,4.384823006528898,50.03948920791829,7.782817382921912,86.98717251265474
34.54021800575086,0.3092824208205079,536.5535395563059,3.625650385004506,44.36349332247773,7.632601338965363,88.13759806945137
31.135447099543484,0.2843053545239166,488.0386694269617,4.246612502941335,53.89525127851703,6.981000354850033,100.18424784016761
36.92361903213781,0.3017858796280649,608.4036778634564,4.677475638989574,54.377603738592725,9.101503870883827,95.7659961140508
40.31609674713806,0.2574548883154095,525.7623685594078,4.161162358404488,56.16846453023894,8.818188223319616,91.80169793240648
33.832359119164614,0.2634355860783716,514.021119584812,3.734930067468396,47.24349256487791,8.566669990220264,87.19902494212185
32.40706086676765,0.23523436589998237,531.1118383709024,4.48986424743466,51.99823036450689,7.546714318469586,93.19112621653724
30.765045118360444,0.3004906582256711,549.3488572644856,3.6141246692884295,50.04163557045765,8.520766963904055,94.7490843058049
34.43925606841944,0.3139860546846817,599.692706511787,4.147647509985329,46.30441196894644,8.317735516679651,91.51275303812561
34.86797002712265,0.28478909651990475,583.5543955061311,4.404028216134104,59.567265030734376,8.609802368920821,94.86105555848931
34.29013236461641,0.2820589988513458,518.7770281522793,4.290112928436659,49.60259349475074,9.396209642809211,92.77272937464795
31.798411295084687,0.2905200280722155,495.26408997909743,4.703989703549286,47.178532502225025,9.730635449184529,89.75583609426863
31.212539323754527,0.2704498079361405,550.652001077556,3.6032306044751543,55.624282507878334,8.962703873053327,89.07118388244444
34.24470958556538,0.2232646627711159,543.4221321603391,3.925918327808992,52.992295888096166,9.099715275302808,91.01007751031088
35.908809724287615,0.2985624775915471,557.8338433318731,4.139905510670913,64.0569802092065,9.033697870052654,88.82521867702759
27.381077180685402,0.2650720201132036,592.0906875602698,4.387643662174445,49.49260146859671,9.3079847670993,89.31510935560391
36.147462953041234,0.1964637776845804,438.99963879171924,4.654396291294713,48.099525146802165,9.167145883561181,92.47819494261235
26.2229827037528,0.3586214137341434,516.0744333676024,4.604174366731753,63.524525252523965,9.306177768223131,92.14832584556996
34.99108096736755,0.30091468147099004,523.9851929244398,3.574284096174761,43.4925483927451,8.489026162562645,85.09046200321337
35.96749184896347,0.25752619926975034,602.172024486172,3.7672898630595166,45.508065380919554,9.425031325588481,102.5581316457865
33.81519082268639,0.2731189837352522,495.7871076044415,4.476323725479147,52.67938519906621,8.532630665508808,93.24002933553484
30.953757103996715,0.27010591992625504,496.2316718107388,3.6457685045419,51.73913301163186,8.882983484638528,96.48374079071813
34.337968392700986,0.282108786168288,569.6688354633026,4.044247416118543,49.00967851929257,9.158844962086645,93.12813896967957
28.22040730496515,0.22408276756726553,495.72690833518743,3.8618503457142244,55.37831061896313,10.100289661800941,93.00428810182783
25.934676319439532,0.3204996837985106,536.1937610598976,3.675006087197369,61.71618648000897,8.8368609672442,88.85206441646682
35.57498898834961,0.24741322157153825,478.37853450568247,3.7781141306279626,44.1793939537815,9.53926652763961,96.64623228732438
34.0683929507955,0.3551179681531977,490.00592693049873,4.257698590356338,57.4564040608967,8.701345978781498,91.54496793316916
26.378181974110095,0.2981177340544369,603.5005152004653,4.48144139792503,49.31489305770578,8.81666431848935,94.49567252679972
29.836640683974007,0.3090536102106691,501.2228595998433,4.073272837384222,50.36105173605064,7.75801139212297,89.36655780614772
28.015661579396873,0.27695745239324737,465.4457642343632,3.9793941455677904,51.44200648026047,9.039585741062552,83.52251836957454
34.37859179445369,0.2643798353941462,530.5993644793801,4.308214421268933,56.94440243500817,8.686880637352127,99.07359722153545
33.956293279856006,0.32910211577958043,514.2387247405107,3.504167505189617,56.42514941499094,8.433800257207277,91.95941617603235
31.39841046372894,0.26634197090007167,472.4605663235658,4.050303212888468,60.06833296845163,7.695733344546861,95.5384202426079
32.316753061138854,0.2744744160087549,526.4017122223687,3.9856181443743917,46.22149559662783,9.737140844365605,95.97330704439327
26.21557517260682,0.23541142639364698,590.2542046129724,4.7588953863344745,56.47474659531441,8.725746891641698,91.5204290345737
28.528791773520247,0.3377276336890702,523.5020266889966,4.124846283111821,46.21867274086836,9.20396364440569,87.43676410486972
33.08963343755471,0.29270126923727285,523.3825411076468,4.376340654714857,57.07460548724749,9.29257872710667,94.81256277771617
22.472378922873453,0.20064095704440704,575.0264255598322,3.8842406087792116,47.665027833168104,8.694219828230997,87.06878018067898
32.97302062915203,0.2484955308152375,526.2837983824114,3.7129714202792825,61.4677306109344,8.130283490313362,96.14508633008268
30.563437541118272,0.30328494587276544,491.2016592701309,5.194199083752428,47.68695358733383,8.983431756959346,88.9120670146376
33.5967385781569,0.288650461258693,507.99970374515163,4.4595274406777206,57.884992035511495,8.902325843429518,88.7281704797034
29.630628647992907,0.3227652701609614,477.85980360222425,4.696991082270979,43.03094428469595,8.980680849305365,88.97960404183131
32.00772073776915,0.29537650656374387,574.2766156582495,4.035480480725053,45.30202652616542,9.130468878098425,92.60580679216926
31.270793830562816,0.3444142114615286,504.3741141535187,5.1566677583820315,50.20703977560542,8.299079403428092,87.21536215238383
31.90054981252924,0.28418910565040534,554.4875264484889,4.6960636548274275,53.50609258260014,9.1902788582841,91.03618424984852
37.26998880523208,0.2869763819518565,546.0369759434985,3.3355369868358364,52.550132244016986,8.823851261570493,92.77194020732263
34.42675679485235,0.36202660000830084,528.8832067968558,3.6353025304351996,51.38465500138882,8.29094611850956,84.15743499941723
25.64272224487613,0.3083430424367902,519.8523381149269,3.854094500506489,57.13563469798817,8.377201222671351,94.22901903603758
28.608022955331965,0.27770074039529263,471.3843333571068,5.0688232505790225,48.72627261898117,8.849941602627512,96.9059200466438
21.07123396123135,0.3101005917818708,546.9941292488772,3.3718348158090268,57.80491335290675,9.988697217935224,97.54573988372579
27.31758384856804,0.25362877715462906,456.7888593776118,3.946208662707993,55.60441273453246,9.08390259176711,99.76170918319094
29.89550554463646,0.26947571859736436,525.9392669999177,4.402486217565981,60.15495082122882,9.501513909757962,90.36798111783435
30.506848629414947,0.3299138091694733,626.5784686267949,4.485820171071804,45.49394466191022,8.199956029886653,97.66871118102783
25.917573242549683,0.3501748080481251,526.9160444836565,3.7775501396546165,46.878213346187245,7.82017853443825,84.58699661220406
36.244350875643605,0.2739938561303552,468.77202528620427,4.301190815947075,52.7261217511001,8.261065488324158,95.31497553930045
30.307601579600878,0.35752616476905963,486.39618890916336,3.1721904818600537,49.71829657266642,8.338127622601986,92.29101848479209
34.3712638101763,0.28971633904285937,503.9830147003261,3.9757331649212984,51.35871365134768,8.171538961367661,87.2536759352973
34.045621271401416,0.3201097496404344,477.49229052785887,4.467778011927531,55.162743062144855,8.85724002972793,89.87590674426154
30.876172591378182,0.27468916282014283,436.89534249623074,4.374014418091056,48.29104856225144,9.01806717204537,95.20207092916627
34.601188696458,0.2914804670552305,574.8887166151868,4.809570368508153,63.7958831334943,9.005535115664614,83.09556800995199
27.60639277471028,0.28671648584031234,491.145061718482,4.513693040776802,48.76457059344883,9.491102659316818,92.93396225804065
35.2091716572266,0.35071962328719103,500.14305911133783,4.457248221693363,49.1511041830716,8.670180641118712,91.40203502239518
30.116266141610108,0.25377150723655195,555.5884915132191,3.5980379870448664,63.242671068758874,7.836503006766852,94.14390558018789
38.48954538365425,0.2943897975158175,575.5403847251536,3.7283959447739004,56.406747933269465,8.556836227823693,85.83169442239185
32.20417577522595,0.26704664549175283,538.7539613928375,3.9323625207899444,61.98513444032318,8.38788803552873,86.0212420726244
36.2398015557776,0.26890558654045327,487.0869817415089,3.7636348492624574,55.23267962897433,7.954508116068399,90.4019174004432
29.608702911156087,0.2648894982127239,531.405808839691,4.222557664401442,43.19498892138906,8.422167971076023,91.46972908293938
30.735609581364233,0.28621775683050144,606.736084049526,3.8942495940502124,62.311348048176036,7.75183950385555,90.90371010333769
36.400377236737754,0.2368594126141081,607.3933103402517,4.124441485771339,52.75432653927301,9.035801645043327,88.58646556366513
34.118236974204606,0.2644999338430887,544.7136911572718,4.6464070129407045,54.197960948166624,8.514357970648014,93.31740239372418
30.56027346242649,0.21467004550762248,460.7668355361099,4.76855156779453,43.942634137678226,9.06898237311692,91.11532137892569
32.932747212145046,0.3001931520924351,483.146834563966,4.176225464719931,50.472701288922565,8.038026004442582,91.33001552811656
34.16168102340851,0.24858798035978558,506.8676160243811,4.126561530691128,32.45219066812206,8.205788457489934,91.26822737539892
37.86957352092497,0.29976295321786245,696.1142535318992,4.446117768412956,49.888276196424485,8.978422730362546,84.4880208755007
34.31651861548468,0.30866734702799686,503.3191638234436,4.784432960646307,50.33527165499489,9.100915231300794,92.85349791386902
24.58873765030871,0.3142366137328927,530.0041529880626,4.176298617664422,45.3024386543619,8.441645074487496,96.54428204015117
28.31633798632821,0.3016511368877464,512.6628969256765,3.090512629644662,47.295202440463186,7.960221439973785,85.85460833572624
29.109766611774614,0.2963208231107402,508.61693712285785,3.8872553236186547,60.308946494824596,8.47560920359442,87.65862415745968
27.250501218817327,0.22710183963264574,507.2002530686176,4.185366916297844,44.654289243500486,8.760654738717855,95.75985171919014
43.214840101608,0.2243588032185455,496.91566898987685,4.47664534477687,47.71601957807654,7.913937092827335,90.12562149054916
38.976200003339144,0.24173068827547492,419.13025423668284,4.213422232859233,56.84518491748943,8.40719979159608,91.68669152770636
37.31635287354493,0.270262782477995,495.1041298837247,4.597112329655441,47.15211399559495,7.669096100108372,87.49353850510111
31.015383024499567,0.25548890482256054,582.9841762703559,4.569892415871924,52.19488894783975,8.46876063773548,94.3197454713676
35.629783231688684,0.29426451864868836,568.2082382323196,3.9939595986662795,54.547594407473,9.476157279504188,88.52770703665071
29.05463290827916,0.2417689389776834,466.46412702369787,3.185000072093868,53.07653667094948,8.276349562277948,93.01885469707513
32.13413168820722,0.239881815945628,562.2724870493515,4.261558024874893,45.01458214272948,7.622017270609383,96.10574574299811
27.307255401038745,0.2345174533225296,537.6952980985318,4.026665854489354,53.68472448883325,8.448911176363175,88.70526498479852
34.573994538316235,0.26525760802429776,532.705430758722,4.4188858301022425,55.80068354562687,8.33905339493924,93.54443905378626
34.778996637805825,0.30474113020228616,532.7522217454568,3.8413916309311777,47.48279369336942,8.803262461089867,96.89612982416801
26.03807534467624,0.30438402523916447,526.041404773004,4.284822037314359,47.77149713217893,8.744020550346605,87.1142766611332
31.82504424908328,0.38731112935036355,517.227067227258,4.17794007300029,45.034889588837665,9.33719572766918,92.97520174873806
22.5159423007305,0.270191382447601,421.67200597003415,3.3500162635676336,48.65965627751323,9.10758153710087,95.36878838665521
32.94683210952609,0.2601937592220836,650.3800564097724,4.533124358639336,52.85690278965018,8.441051470217252,92.41916667997025
36.31393275541281,0.2509872386794779,492.49389077427213,4.422955359236454,58.07477435888477,9.574939735097118,88.440602052782
36.89970424731318,0.31851620344518106,471.58801767054325,3.9492310782808584,63.17753322887701,9.105031419935804,89.30699983227967
29.409991443209716,0.25756293739086383,510.9238197420853,4.349220106474767,49.83871891771057,8.320744791586826,94.44612783900631
29.269417765773586,0.2673695190920325,517.0397386897658,4.083267566517883,55.59762757658254,9.70796612971952,92.6263878334278
34.732929535227754,0.2961947988033337,633.1343577628479,4.413617305463912,41.31662134286365,9.252747377878125,92.51340694913993
33.51237467873936,0.3363707029534332,477.9946138599271,3.670245824648253,65.53981380000695,7.998541854688477,92.03822077509587
37.57461686947606,0.32433270701497674,535.2241142567751,3.70191534912653,57.072106776788985,9.196496783521042,91.42784045957963
39.52295985552283,0.2675001721973217,477.21521789949225,4.2300978401196465,55.7627918950925,8.652841669024564,92.9970015441137
27.04360882420147,0.35127801382807033,466.10758299130396,4.785772983283504,49.240565557793346,9.156255134059256,92.07705366587395
27.089945325476865,0.26079918191680074,462.19780561059554,4.755044758340951,50.090122641575526,9.532773007717589,94.66257510287794
28.075230972533785,0.28838528387075346,544.1996280140587,4.381633799097641,52.44233116101064,8.262844618014132,86.65246056948163
35.08274588374649,0.2740558195767219,463.4022732826591,4.401084384709722,60.869037440207464,9.167333583474491,92.49785486743176
29.976877381625254,0.2677362751606044,618.9496472113007,4.130953893449804,47.51016073027809,9.50055722223387,92.37430384699334
31.284264757088188,0.31152632174409817,505.7273111688191,4.535975771220198,54.52027843038562,8.200204878945915,95.40335739940866
34.03928689157814,0.2862350238145177,548.075229149382,3.3940989154239367,56.01166761402498,9.50175043482745,89.0241645799201
31.47508294983478,0.3433524200003742,534.0103671328363,3.6089398792385836,48.6916948227159,8.213797654779174,92.73424467477764
32.78337636917479,0.24627274375675026,494.14883348509545,4.149829367125526,61.041072690104734,9.04150905443646,84.76880439012206
29.91103263973954,0.26278567674062564,531.4402173093928,4.20123646665988,39.232750574331845,8.453669337860935,93.50034521957816
33.71595550601929,0.26594832953176684,672.826678908124,3.7204610563192726,42.21082149320311,9.235750937086147,91.10119371935357
34.45083497762035,0.15890655678706994,653.2682367748359,3.795580813745384,53.33466558629944,8.189143366974376,90.08951043256761
31.046782126001737,0.20834468675654,615.2020526842912,2.8441459999784593,47.59931200481361,8.824168620639048,90.81153259917639
33.78286451097754,0.33070334435527177,598.5886185752862,4.682010832406114,50.07892354609096,9.067454918141594,85.13501387985748
33.8305414466947,0.2256941933453148,490.51654338749495,4.353507181041571,64.9677375490247,8.488908522910519,98.20983068686863
30.161662494508743,0.23740415859284258,607.2957208613273,4.726620307023862,51.26543634116839,8.261270067082373,89.91570989431133
36.561132842387174,0.281560357962155,586.1196194729305,3.425765851348534,52.929627224975505,8.45080237373519,92.4484657552474
30.785803926787203,0.24342742792609862,472.9279620299741,3.630986470256077,39.791790973311976,8.236175227579663,93.2368607183826
25.20155794750515,0.29403738032681465,543.9530323191335,4.744389959822196,54.24124579258718,9.165951269467913,86.01302911696736
29.05366883357869,0.2669363297028725,547.4288003843409,4.224552005668774,49.71320110479977,9.80296662521419,99.42207687747691
33.15802814310218,0.2818804820863083,522.6552888091718,4.57233802166408,50.8129514506658,8.537573095250961,95.79259026486415
28.62932618965114,0.34267337146499255,559.2050340019985,4.0948050787272425,56.05722457509021,8.034196655848325,90.28534346259727
25.924160640090765,0.30142767820829103,563.376169312632,3.763950344222524,43.895141943270886,8.456995392794484,93.78036275196875
34.17809914099256,0.27641642007328265,516.1546390220371,3.937341850827203,46.598557043575205,8.612984899160068,95.36841865985488
31.552879570771065,0.3318798660073891,609.5590055285838,3.7146102417334212,62.71404113797149,10.415427329787757,86.08182495945178
33.47880342702134,0.24818695392390686,589.3648673453255,4.509152552446515,55.99830685446591,8.367640045622425,91.45288501691618
32.919834153366914,0.27572767479507115,432.8304931118769,4.57959702151043,57.170545776203305,10.15207995376097,88.58377845476869
36.458254493902196,0.23024657203716165,523.9517328201617,5.124523546136288,46.848136576354705,8.936810047836694,93.52392673915215
39.354750178471946,0.250848053771124,587.7085312023577,3.706241465808384,48.53553258548747,10.147974594413155,93.5744358687034
34.01691264584709,0.2989436899271225,440.3106267361868,4.112887834920913,45.93276252178375,8.973549047959056,89.81214725101015
35.40286495843613,0.33759996086471944,602.4421980140116,4.18621439283188,64.94511747470472,8.891329653973278,92.74725317361556
33.93302738216521,0.29138910380569444,521.9005027111024,5.2057653751749235,50.169107377478866,8.498614836057161,92.09135525294734
36.67450589393152,0.3112684627441881,500.71832077637896,4.112481407868477,52.45471714222743,8.03457666305112,95.7994468612293
30.191412889870502,0.30172447018139054,518.2005953004166,3.5994250457071226,57.80492603955906,8.68134575202089,89.01705806898269
30.094431864425793,0.258946780046009,556.8096018857003,3.930983039181852,42.21824691491405,8.724607065655402,86.24865105900881
34.45675201818301,0.24178520148545563,456.65744720790633,4.785923021769002,61.48125483480334,8.334514583569511,95.2629801796047
33.70238933653265,0.2166037060877058,686.4686308713698,4.434166738015482,40.05209989040986,8.550807737415468,90.25041882219801
27.304928499700658,0.2675582850165903,644.3446905414241,4.240064821654103,52.79566247085658,8.88589833283367,90.77877265905947
23.705591488280447,0.3095661425805738,492.6212785497584,4.41771759931464,57.949817883237614,7.863856025086172,91.57772237676474
28.054110591512572,0.22128042395898928,529.7009855334039,4.420522606561882,57.926947331813004,8.25005506929889,84.05317832607092
35.04123381249144,0.26109966538893775,519.9737915802399,4.309663556011927,47.82080960227061,8.941365867719046,94.58858948855843
30.046492626673555,0.2434625583402356,538.9821252720051,4.856559385010671,57.108664732298465,10.341892523825571,96.66281041516024
28.58981875589873,0.2938062963270729,529.3290422451537,3.6334618433346484,51.093298263801486,7.636887651364344,88.76785583843167
35.44655151127194,0.32479789496680084,440.09738822921776,3.672160183389379,53.064075772513604,8.962771049814632,94.30977114106938
33.43921242830448,0.3358797550067919,546.8655454125974,3.5944451089129466,41.34331929946475,7.999627821821046,88.26724256639257
28.49648600949257,0.26960041693406567,544.0926984960579,5.163778768374897,53.44040998553556,7.664575347875483,91.78248441957271
39.101990774523046,0.2708207225165489,520.6528420821116,4.2563181221814235,52.154542826044604,8.389475182429662,94.71327554642131
33.29373366137116,0.25568239227466566,426.62288663213207,4.888347466616227,44.88642725883967,7.527827868138903,90.4736309236037
36.48550333956756,0.31933727881219576,547.1732298467483,4.619721056319951,46.30674237959392,9.081602900959565,91.28625924571384
36.94816842740929,0.22983695996467202,451.4048611345274,3.953366046405118,53.16298329307092,8.346997780098263,90.49687804471132
34.44466855223193,0.2821669464502791,525.3072574449374,4.67007140983924,65.53201454140505,7.738479212462795,91.22543408091549
36.992009127414754,0.2864321216649286,556.6925307308516,4.123032421513693,54.48396762707069,9.438308787804392,94.86804212406508
36.06809281789858,0.2448883219147003,400.809874578868,4.908740517024003,53.92457326526027,8.850087895237323,96.92169789885646
25.814484520549897,0.2932122373169127,544.1116537440533,3.1272058479358407,63.87088143948589,8.679403287417951,93.27386405169324
39.16825127057896,0.24614551286033795,534.4283035439854,4.702358447613409,57.08175807585184,9.029468173517488,96.9684961782601
35.080676538637604,0.2979820085217474,548.6145392528383,3.9985816959615987,39.16490156357389,8.408213123218216,92.0432444403901
33.37252168782639,0.25101700221105083,530.2548706448166,3.1991340659094085,54.423248622777066,8.067569233796286,84.62520987482232
32.24196429480244,0.2788322092497073,533.0950570428398,4.2134177413217495,49.83418655116544,9.057211374133168,94.00716461436836
33.0793380975628,0.3158309243479645,565.4362420996063,4.281424893543389,53.95409979513235,8.71267818540542,89.78666667324707
35.91540642544039,0.25996411638982037,599.9589672884862,3.824843415294329,59.81232109142342,7.93790474980274,84.93026931965633
38.469213061993365,0.2931423296519575,422.6271727749313,4.72120705802204,41.125626358774774,7.253780626897086,86.715550562941
35.015337112553624,0.32787199746918766,556.3620954689939,4.711839832877262,45.053234826514355,8.94085851525443,90.47473392330487
26.05604721826604,0.3640349854503096,557.1112794629857,3.85839696657765,53.41215059471903,8.468451579785157,93.83620485144296
37.11379897757424,0.25856112423311656,563.758276845422,3.93568258176057,56.68711856300957,8.55456306203534,96.23554621525568
36.782839764851275,0.25407171516702165,472.2903726377476,4.031285842362434,46.09123718860219,9.681172615605217,86.51721760727833
32.76396040128694,0.3732698945473099,507.439816034087,4.289153153874982,49.12363304725515,8.08362183057426,91.63529042036826
30.320675103393565,0.26784352034053543,609.8508012968058,3.2509782540022427,44.90467216909046,8.141527687708717,90.00557461126645
28.452933344281988,0.2974111878058022,548.0805270538847,4.153509867638061,54.773415969978146,8.503298251666717,89.21750395892518
29.178546162481723,0.2689033156203381,489.34954666373955,4.129987141567739,47.67675234077404,9.21700318718476,93.04356617653106
32.9070027660621,0.2850290345408926,445.76847512672407,4.263835724940641,51.69094218502919,8.606591486883131,94.1974636865683
29.483734886158814,0.2777945184780909,522.9731712760552,4.700495843707631,53.13511351094874,8.592104218262424,91.65137066445872
36.98583581855698,0.29863184673261384,487.3545376238425,3.019532711092574,49.68744791135619,8.719134893424336,95.25883097821065
28.221300758878186,0.3024665221372626,492.25201389190846,5.783128998775747,62.34787112120889,8.116202463352419,91.95351019184079
30.357340815378127,0.3601442892546646,562.4082899294142,4.172913091712818,57.84473168234733,8.253666170103442,96.56935305013084
32.430527656690714,0.2908157649749204,530.9018952167706,3.3971770359731144,40.94408823616041,9.70485926734755,97.62116213955224
38.04198108468275,0.26464737468620747,429.2117030492959,3.428422766727243,55.709627369265974,8.734373739945088,93.11228687902286
37.985502256507814,0.2879830425860783,478.04681630223297,4.386253412514236,51.778400168808304,8.847023323992365,87.4468956067053
30.25651837721114,0.27378478687429253,559.4482343091431,3.4972017385511265,45.87534838708152,7.767478154991611,93.62368655208415
35.01085860235704,0.2970550567183989,523.7276771323741,4.267346907294718,37.617727126217716,9.146731799498621,84.14833689181458
28.9865095384277,0.3747209865956599,553.3634361143669,4.277186210835643,51.60460526858753,9.646515534103944,89.8906886190258
34.73035725514086,0.27783244722804806,511.82094711621687,4.609223461209047,50.97033011039306,8.406773659438327,95.1782706572353
36.321096244519765,0.32050881127914443,507.53946813414996,4.479877865864821,61.08653582932466,8.619547015682317,96.89487216547641
26.903273057952617,0.249919125220755,509.9466263711964,4.183856443647256,54.53763166524061,9.131136270667882,93.99526175328359
31.3006578522682,0.3389597427425878,429.3629618216688,4.114867752519981,47.91743585040871,8.666234721082287,87.93253227092913
34.316695713632946,0.25013030317009527,520.7279990564252,4.588330296399908,48.4881110994473,9.080250388479245,94.01526519566548
29.393186922129175,0.26692198930108807,521.5047288542061,4.313638143394195,56.71358764053807,8.92623994098057,90.414369742878
24.44193453176632,0.314803587632623,497.00076601700033,4.063289030294226,65.37649418272748,8.124395062065107,94.84791118854615
30.040445023537156,0.31864599133555677,461.3901368261501,4.179826954671321,50.73837619934051,7.77439036072873,95.94176163143379
30.790282882230088,0.25607700431761604,513.5871912367576,3.5618894062425017,52.098733879057306,8.945870581450023,92.09587806930715
32.93133538833755,0.19671942025122063,502.01453519559607,4.470502169238737,47.96841466902269,8.920224115042663,87.77778653236962
39.15577602745485,0.3408878181833971,541.3066933591407,4.4470532412041806,48.005010537792586,8.589701463197674,88.42776196264549
32.515948600438016,0.2900748475597128,646.2270394024973,3.951708009552234,49.05859248521303,8.501137593432201,90.10186100051406
29.27531249453571,0.2429247891873746,497.9841055759379,5.118734022404013,66.12095435388679,8.437411069405638,86.9817730148222
31.12482179112233,0.16726153035510244,570.7361931341263,3.6116014324381585,39.519591565997295,9.339975775358546,91.24417655760547
37.18999801995887,0.20647041623632983,455.7767420411869,4.933267944801397,49.56279017499547,9.860606930886307,91.79505528215527
41.757825802873356,0.23139251322921914,545.0706258008407,5.282668860719137,44.26311046253666,8.486794741266852,95.61633285192512
34.42076939385919,0.241234574798103,537.4596488535698,4.303814328715301,57.20520221228545,8.610695045940076,92.50277454181008
34.22886327841827,0.2639566999840682,472.92043579169814,3.5453591665640487,51.17371319250497,8.821220280317176,91.88007592179288
33.59750724586069,0.28359418152770255,539.3913002951081,4.198321609183381,51.887022070346845,8.126604251128201,90.87630664607202
37.23095542486615,0.19314965002690554,411.8675395449902,4.183437552419891,46.92570715172429,8.137622770135177,97.56359864249067
31.27719211130582,0.24737390275167198,479.0970861069868,4.121457076721909,52.41927600980289,7.849153700530596,94.86299462461014
30.76884503825532,0.23494927074530175,376.6870816564463,3.4543491304988665,48.37439996965593,8.849653683329132,91.33084457206323
32.468547798479655,0.35294115541095705,578.448464694929,3.7875494267246284,43.75555272239873,8.890634254171607,92.53732244039074
30.735174358119615,0.3932806281450438,406.11908516699464,3.3328974794801143,50.04763824351538,8.404323367732587,96.17825278229355
28.931041433995105,0.26143377688777125,496.75531527881503,4.124131938914596,53.75892029681462,7.827802334597574,86.53229532729559
31.62029941944439,0.30079055533970017,524.6082569823782,4.583470618293603,60.55060206958154,8.726076227154218,97.56329055418897
31.75182517702741,0.21924945514023847,520.8192286611943,3.5822286674093458,52.89688616903143,9.42916656067184,93.3381058145813
35.71038660319011,0.2996102690207886,482.00389480692417,4.231102145596958,43.88889674590922,8.79046019341391,91.34286977773186
25.896507327599473,0.3193777611597448,481.68430981485017,4.263972882072967,41.16892753787063,7.768365824103987,94.71458479845626
27.993297627366207,0.2971450746287358,482.41319706300965,4.583658886352863,44.52704160521308,7.9481363494497765,100.90006183172783
35.01449527949259,0.2662694732914815,547.2270410876338,4.453259377387718,54.588219738350745,7.819916443172318,92.39806656540402
31.49229724654926,0.36486720513659016,650.7518096326852,3.8992805866904283,51.92848671711771,8.156661958984317,87.12107430329473
27.375120492992416,0.2909217705381228,505.95524440141077,4.019847687362679,64.16005065353436,8.511308738633748,94.80672501797797
30.562615204572257,0.30625623769842525,579.0263180174323,3.029472145189273,50.52380118567289,9.156652822218964,85.60230844912627
37.03994516003394,0.33955884014825055,496.131991558617,4.0209143769884665,58.187674299177004,8.197838646782367,87.1247991795573
34.4241558380279,0.34137455522866633,464.253202388291,3.6877676986027996,62.17232483804862,7.44101831069876,91.52809976401416
31.0144428319425,0.32002569591251856,453.19863793616975,3.7446953752219656,58.373603937317405,9.123649075556317,89.14124379680177
23.94703925015805,0.2602843992786819,434.83577590066517,5.070575832041774,49.402524208968806,8.276971442133405,89.65088503555191
32.55643453124851,0.3597584829483407,559.3941603869273,3.7475097135433386,55.16038118507266,7.916668336113516,91.54840281019064
37.842875568485276,0.2606396948999985,542.9091054702558,4.187473415591654,46.792978027782944,7.8464157860249495,94.60503474911488
33.633072062254506,0.2632086476450164,477.28764019307823,4.454324766854073,49.50566683085397,8.251103412909304,91.21118836550383
29.3264120655822,0.2819370274854587,525.4519986010589,5.137532101402205,53.45749950884881,8.529791322128764,94.01902989815733
34.97469652230189,0.23580680055976333,515.9976545870238,4.139595776456666,58.303975506582,9.497268077500872,96.23244937136691
25.470994384233506,0.2344892240079295,550.2969148480987,3.668997924636972,51.436580324698426,9.407868286290595,90.71561697604731
31.89240153700798,0.27715253076538054,459.6185389807198,4.154306996996755,49.4854495589598,9.39591115066808,91.96258253980872
23.513723559657407,0.30686838225568785,523.5275992198207,3.29599918577881,54.493849522725846,8.34761956013632,87.38582601510082
31.32353956642134,0.2709130491143557,457.1152060134211,3.5907037360884466,50.85625968819175,9.41011538332504,86.24166741025712
30.992652957290748,0.26448556176683724,578.8991441287086,4.430259625950701,58.32715835209982,8.507568518749471,91.758121356441
31.991142764008252,0.24021876339006734,616.7682688247639,3.876820954947962,45.074495930574216,8.689239543644517,91.97791452536262
35.8517458312488,0.255182616141809,440.14983908942975,3.742673003952883,55.88667550515889,7.99545369422316,91.07225663511193
29.360578333153175,0.2730247678710192,633.7195685071493,4.128077180379151,44.83973941622399,7.08185706191218,92.21066201242502
30.74346039979851,0.41562868495531335,451.55620228534207,4.482591448314847,52.74093157717766,7.311578828570596,90.36460200801052
31.60723841353113,0.29630202821908946,546.4778704186874,3.790795995493583,51.55039936044154,8.43603403964917,90.11607831329859
34.93445225118985,0.3279489338914232,547.1380906127257,4.275165338417481,49.21489322981235,8.76067764531609,91.80483973829158
31.943908404323505,0.3666324702194993,462.633071156789,3.7404669001831743,54.84286150590494,7.818198338627751,89.59789224449685
29.557226998511478,0.23617982504370544,546.3510640868324,4.838625155002358,56.53638624971407,8.95516255376232,88.61400901929365
29.944095752497358,0.3394271026844064,500.70163468930883,3.7603809564047466,45.27593971341106,7.880165141782159,82.80359281671393
33.82875790311698,0.22191118688012948,638.9899689882826,3.2319024803521375,42.13176926564242,9.126761026892847,92.52821505491825
34.06372838113876,0.2924841219153111,537.1583276473701,4.073992065076217,45.47796631033501,8.33104224658919,95.89556628105433
32.61425203914322,0.30017252363091074,523.0682422321997,4.137260093358203,44.753204096377836,9.09371807983263,96.28438056739134
26.954018300149524,0.2762804835986937,506.4338806669345,4.067776536887611,40.319201053411646,7.255787601382609,88.67082662056464
41.72146483440294,0.29680731402813837,506.24543900146654,4.3980803376111455,40.377061950710015,8.03888519056967,93.95117338534129
32.840592772320086,0.27383434633523024,430.7099475571657,4.971391784714889,53.59637098360133,8.702151626570414,87.67990649668205
28.830361557319904,0.2589118394331378,441.5136323327519,3.3863786413267207,57.607206757928175,9.531102594462064,91.06393443186259
32.51076571144871,0.244173178878626,544.3905782895846,4.350065372162149,52.542202756889644,8.132916772506094,93.80865751038726
24.169332181225222,0.2845883760713416,427.46487215991567,3.9979704621396555,59.30480149957612,7.719338432683612,93.7582889492293
37.06817096370043,0.25658755643240394,486.05758981535035,3.4694238233938646,61.65725451742086,8.391517327348621,93.96407590298092
30.307418127396954,0.26549574596520775,352.33507046189925,3.8657202456194435,54.23724736053356,9.122119401064205,94.38472489655602
36.48518800539508,0.262909030785586,552.3904935491576,4.491389201313644,56.032750540566994,8.517447214204699,88.57370857570976
35.614655775428005,0.2523775505831509,472.7849027450619,4.27035018918504,43.62250746680528,9.477575519654193,93.74425440638882
30.421915530721698,0.30312679197024084,498.1340673747044,3.8826610138746407,46.400344821209735,7.813627890526583,80.97576256363597
31.630205605457796,0.3380147543623165,590.642495507695,3.928420564299591,52.85830565541249,8.385126535467805,93.56349982144293
28.37386250130114,0.24654542849387912,570.4412303500255,3.547781359759912,52.49187315232567,8.663851164622633,85.11091948766897
22.07795177035095,0.2957271325969227,580.0289713477578,3.942726677327422,47.66221513341072,7.960903761572016,85.78520851596365
29.667411757321045,0.2824949284911812,392.17179685190416,4.4631613782564425,48.483169319243736,8.007224881026765,96.3341757092435
29.850074146214943,0.2435190168401446,541.915742418128,3.924162857709051,62.02565410142694,8.203464139678827,92.18375258188419
30.691182663039342,0.2605201199173276,544.7348055401537,5.070744278960496,53.232599535560475,8.133492274906091,95.21525201082133
30.783802718918373,0.2669233880749274,646.7730372996217,4.664563875277921,49.29581923552591,8.994700055490748,87.13816643092385
33.325812918187346,0.345507714637804,578.6665342601341,3.9121723328542783,51.29156596916041,9.245796427253541,91.47332731461789
34.34609347408502,0.22177206475070937,494.7815395917216,4.324300175262036,61.578709342755936,8.386067226512735,94.51790719248235
32.914621207205606,0.27855820486743826,488.3694603640222,5.171202338357903,52.4388620321502,8.428702284202894,89.77086938805516
36.041099590209726,0.20919416477475555,512.4053706112609,4.363046376433073,44.87194193781942,8.648953040828097,94.24031296825727
34.58850282353041,0.25330302351029177,599.3289776364846,4.342621253312332,60.81381310701709,9.04330265941838,81.89243841778868
32.824448148504814,0.3540602629674519,483.012468293967,4.5511231170378545,41.288289172981166,9.56100203935306,91.30362296998766
32.60972992445015,0.29449890433299053,556.2367980260996,4.3778289134955495,50.046171358291176,8.819280715662861,89.92515474060295
27.819319944874767,0.22905893001348893,547.1018168392454,3.8156095481776533,48.38399025361704,9.100634023263899,91.06240894430415
35.23702642466799,0.22542357332131135,471.2785545375909,4.646899952112729,50.150304945076265,8.506423123073928,90.21613200179934
31.42880137945822,0.3008939202859102,499.8358971890475,3.5654887696807567,57.17242168393809,8.578872457023675,98.33145776024861
38.733372129946765,0.33279986476948253,610.3973367739096,3.6287168028181567,50.27151243915335,8.588034876286132,96.30981855802264
32.20404578677945,0.2766627352285502,505.933689173296,4.6900289471224115,55.398753347523396,8.165507420572235,85.93090078003725
30.07913375237466,0.3080312852581999,444.44763070263514,4.45592548730558,49.04818901323479,8.838959187447584,96.83005941158686
33.53758646409036,0.26498079693415355,443.43397120620557,4.30512869369764,52.022384291997206,8.00143692887901,87.29873519479544
31.500146158863007,0.2523993523146449,537.0803977790135,4.829633111802474,48.413580657999674,7.740223256955774,91.90955294961593
35.98435183474352,0.2768800876210976,530.9488570439238,3.7277313715223195,46.134609492137635,9.786457397870382,92.14866352851631
25.54261955626314,0.3211518270934022,399.9114531834224,4.5954626445779345,53.57120682764656,7.832521186105707,91.79882080464415
29.63174510195613,0.2743856433019488,579.5703498507567,3.609158010285104,55.088726249911645,8.472856268123735,88.38815995911658
33.00741927091964,0.3531500085025651,525.528842258672,4.265911383532078,47.98933196570907,9.068706355518788,90.99626271933414
28.93924561958249,0.29140043898474616,470.4534431986851,3.690704079219072,58.40376893381581,8.477579829488558,96.50398797275388
27.65819606208652,0.1994940029951413,502.2307256734959,3.3013458906654205,39.52108675078465,9.163538121192248,96.35917826694462
33.98283350628824,0.3275101648850183,495.549826225225,4.890715324280519,52.783895700869834,9.19082015834691,97.32208142676741
30.249788121210912,0.34318047614293734,581.4470610801726,3.5589221007953777,59.35164170662536,8.684905088668621,98.2051047542426
35.33302390182499,0.2976189475664984,522.1732776344726,3.6916490062703553,50.89504571074302,8.145735752102588,86.57557703421614
28.839410991341694,0.25566156163271225,408.9589223116145,4.402646270768564,50.587271246264876,8.126657040896113,100.78211962995721
21.591077739622385,0.27469530256198177,396.4853790830797,5.113287552557978,52.10333748231944,8.905161701898853,92.25842369120332
30.8690031244942,0.22189521276697627,386.2847333840761,3.5279843479512554,48.14715595720559,8.927442020908723,92.61264373291286
28.316236997161262,0.2839125570774771,503.38460562587437,3.3186779418552206,56.43846511530686,8.439554551193847,93.49873953116305
29.891462982663892,0.33879691479958285,521.2574592262781,4.783611453789202,56.71407043822162,8.475904142605785,96.80197511579308
35.303056389304764,0.2705086576773124,508.5754690965734,3.8271432138006274,52.23009064062544,8.102856405465353,86.90624533432263
27.956294760745944,0.33347090416522956,439.2406205487671,5.354858785927179,48.76196532942,9.307053961587934,86.22304349393464
29.392007081652054,0.28547680612833204,532.9145447743857,3.924721763579766,52.35476798467108,8.963871921044475,91.86598653746644
34.79039243757758,0.20582791497474973,607.2860985045211,4.4148944208862995,48.20871829484228,8.482711797979038,103.39457269923867
34.90184409223976,0.25326940778792306,566.0319507975607,3.1859890784899108,50.684999106557775,8.12320357603641,86.43707633676799
30.183220775531836,0.24348379251852448,544.6781626194711,4.399458295645668,50.332873033585514,8.555524795506988,95.77214788940532
27.51226316577271,0.28791070449402567,491.9441884189654,3.5514352744124382,52.906158499710074,7.004774310150355,92.30782691967487
34.62023939086011,0.25721115256627713,505.90441649020727,4.891518103219314,56.522280014396856,8.016141046859948,90.15760019663786
35.06520191084793,0.2828453353860201,576.5962599667708,3.825421916036798,46.58125473972884,7.698265508155589,88.22513187112392
27.294414774363567,0.2638457756981709,562.1524029120816,4.691217788114788,47.11739211475212,9.335983648310764,91.25208791577043
35.413974753030494,0.2362970487390761,460.1961073900059,3.8590929195697363,44.51735501675792,9.205530296529604,90.19303561150335
36.78985138210109,0.3297921514779374,494.8481126282569,5.273104875482844,44.91257544241282,9.29975431482803,88.9849630734092
31.37813123344531,0.19940891153266999,529.3258712356444,3.8731598389788187,44.84731298656991,9.037225584759753,90.83872499768395
28.157043883319254,0.26139051933675117,501.9009916602846,4.34400248634981,37.4565736053949,7.594154886501512,97.1720051014044
29.51488947152972,0.33738611548175235,535.8051487899394,4.13627803671047,47.024246207880665,9.0175058746992,89.95311540279364
32.796768099572844,0.3391519228304928,483.62453522795283,3.469561909727217,52.952932068817084,8.533609622147251,90.25579671140564
36.5437855697688,0.27562055964655585,591.6447651700452,4.368284708401053,58.93704636617714,8.763313154317244,94.57265948433802
32.332786985534085,0.25234805882890643,546.8984267336843,3.5905964216921324,50.759628201465524,8.877059604362252,91.2349724671956
32.97047160635322,0.20417604380349336,486.45255865761953,5.10334420518903,56.82326310255909,7.640979723227662,92.01545649241665
37.60622806771324,0.3107104232217914,494.74224585990237,3.637800038383075,51.89703253158407,7.670794241800153,91.67759958120956
33.48777702454741,0.18110472887165824,439.58389125535166,3.7564499059578615,47.98935658292464,7.731192837624529,87.02339241945671
28.816614049323796,0.33287094998474465,629.2481894459328,3.752031374869083,50.290355874667206,7.815155406877667,93.14516315335963
31.77658247249102,0.2980545609726042,472.7817106890628,4.357914569322106,45.09804754139097,8.905853960487622,94.27019961856521
32.58208934906637,0.27567993485470715,503.57648627611337,4.5169363529802204,56.49931552703525,8.117983552515442,90.12181643296591
26.00736754358755,0.28256495975095575,604.760252670478,3.6918713843391995,50.84379656175457,8.159922204262545,95.6148243298589
29.530161035935357,0.24080890081766937,505.7331093765089,3.6008208960520602,49.369758540343895,8.01474230941856,90.5456303210606
31.314338035976093,0.2699565902349232,532.0543042358058,3.7178507726427483,57.15190896156395,9.299121492945098,88.51721634427417
28.987029083867853,0.34476782511643816,516.1838993772815,3.9361689587975293,53.2226350073251,8.301816442959487,98.66099256624095
27.509462029089605,0.323491181344031,525.4112060749561,4.711155918102219,51.88864548691137,8.874060803294405,95.06956507430463
32.595220552448694,0.2822900205562475,356.9845975614461,4.480859083731722,59.618115662445014,8.236249952611072,96.86251367723796
24.039475325648354,0.2594622980646171,510.5706095661561,3.3635322593900394,52.90053628424717,7.999690309979389,93.76419290382263
27.01526500969753,0.30197711596223553,548.5594935597691,3.3628258612648425,49.43116384898124,9.208784987614198,94.61375080105194
38.65934988339552,0.24670438429365893,564.2596390677091,3.4521864490588507,52.44025242161261,8.899763910370474,93.97756253233098
32.44764423157903,0.2612135919656529,593.376102622078,3.713636174651659,59.7001383782879,8.07550838257829,96.53159465380554
32.28027241948194,0.32138347718365134,530.5505119069354,3.5107580354540335,45.476844545728234,9.08357535345875,94.59476299452453
33.61917747188902,0.28099494878792225,541.2819057836994,5.467953616581121,43.01346251731798,8.094996384637533,94.65512823649219
30.63461151280284,0.3276864867520652,478.9099261254561,4.4217373831321405,48.45608678197051,9.215092349559644,92.16585975372801
35.3906565030682,0.29354293499355966,523.4187445249061,5.150570899881335,55.26361703084279,10.178672500479399,92.36774856289024
37.206410799343175,0.2989819347435851,490.2584330621296,3.650981005974601,63.49602523101339,8.947760553365296,91.80045419575612
34.28829514419078,0.2669825863933948,567.4982734083586,3.502639746722065,44.53658615848114,8.075597351339416,87.87880693649733
33.67828435968673,0.2691556863652472,426.92887044173347,4.060531696874361,48.154262719835636,8.450562254773237,89.02301065705224
24.432205758557235,0.2830047435287302,386.9195641345487,3.674816921188472,50.32703838340298,7.920308573867017,91.22174362740728
37.4240719839062,0.27178310266634975,553.1226468311303,4.26465642105503,50.43041621468734,8.618410692029444,97.67964942004991
27.322129543825277,0.24629339869735942,475.34523056364463,3.600135558191986,46.28434911767495,8.946972936049217,92.1787465809524
33.734794384217366,0.21887655012958385,433.86031020490975,4.461896753140065,55.00060975615551,8.063365587220977,87.51829234917768
29.57115853164695,0.1839765445375604,560.8495264105821,3.456928325481566,51.00756773755452,8.725513064502861,93.20151934865339
41.263072506398935,0.29679625335806825,490.5683406865906,4.135878134365661,51.286925922058735,8.487207522551243,95.97525351816077
30.584482902445323,0.2508454545890688,447.5281064764147,3.863282717816783,52.55546021228568,8.082350954438354,95.66464730161685
36.81750741170356,0.2622141569636838,506.8353656240667,4.334955839674999,57.58138444641883,8.957243179209325,92.3654098850937
33.549783485022054,0.2826298531005796,551.9562282497502,3.778363500344509,54.358258257132185,8.1325621425709,89.22102770523988
25.144820116656195,0.29065984656525923,438.5844599692993,4.116853991307103,54.028599317933796,8.052459301863168,80.74678175409554
33.615804685781846,0.2867902965268493,555.0812709456179,4.0461761355783725,51.63159609112374,8.303714656506637,83.0452432277073
32.22825038475679,0.205414034602659,402.6342713381242,3.4819491027187612,40.74743479273208,8.170216488390636,93.94567379454412
31.739198530248718,0.30592265671050334,465.52279249221493,4.454845213964512,51.83958982758851,8.860274238797905,91.26261249228195
26.18236116724952,0.22235073906309283,554.4549765304605,4.45319675827303,55.70336323096523,8.489479080396782,93.22252908221093
25.550531799688407,0.2719612286996023,509.77444865253165,3.658064598606183,53.58409929614097,9.356793453955236,88.17637229550475
35.680361226247115,0.29102867600130106,473.67950967965413,3.7369878542885004,63.52501246564638,8.755253802534732,92.57824962921431
34.82847055505659,0.229682845056139,492.75623227828066,3.5433844707516124,60.381860792625034,8.968234981400025,98.49824413038687
36.00709364533983,0.33176490413226134,518.9736838797098,3.9062990551986037,53.553230267085766,8.80110944211042,91.29447729550199
36.91824575741765,0.20531248389801265,495.0974941135167,3.589229976303736,57.43179890213022,8.334301272071238,97.98901720637016
31.788474790300384,0.30211606571539495,572.3747717415365,4.653582236568623,52.89534706140985,7.991950830068948,86.09744487545039
29.56115513049112,0.2441364424701081,563.3087816004105,3.8588619746285806,56.72920822063552,8.341279739211124,87.72448194250232
27.840475845445653,0.2744098872343677,502.52794988153255,4.321592514853941,50.46119479044534,9.277567333450998,96.9839208853958
36.66575235769503,0.28396784868783437,639.6806650748014,4.545239733244723,47.592320812044825,8.423464250953232,85.4563559379794
36.41976924610708,0.24462607797997002,519.1951021346965,5.0945304155321125,68.34278252100907,8.768288682293232,91.36835680580444
31.653770157025033,0.2782214126330666,589.4369094460061,4.11554515408733,52.51042093048596,8.952422465217555,93.53360450857605
29.62741159683592,0.25064853556168054,418.52358478398423,3.565585788311939,55.39211902316378,7.496125801517176,90.07224688185202
30.75545374047834,0.2622779026652573,502.6570585376348,4.764714415530406,50.05927072764562,8.036442221297893,89.64361788467293
35.85799740557988,0.32086050731846993,491.7169814750581,4.446825642052055,47.66521238164817,8.534149562948937,93.31189334977124
29.406550797740078,0.27568369674512866,514.789562417051,3.7104392464587725,35.412823243658146,8.544474400927912,86.49026324257436
31.442548426228345,0.23859064986567768,506.27113429035484,5.102056999371596,51.361496493107104,7.965883414864587,89.95583811878639
29.823867066966578,0.292403439059376,637.5595842527238,3.627534824812718,46.529193767812494,8.375675016302575,84.70276254278949
41.652614468841634,0.3153642780190232,528.9500369317757,4.699389553532863,44.90823704903031,8.662944886495035,95.35472639679608
35.572583709601616,0.268051269580735,614.096703258597,4.138345287115961,42.91059010688973,7.930009648167799,91.14572972513595
33.697967296442364,0.2541628335741032,576.1805011681196,4.070365393089357,47.512551870541365,8.546917236726689,93.63443692472191
32.962306866911355,0.24100576536185833,509.06533400034516,4.490850216579331,51.273900456476845,9.327791014977663,96.08316307262508
26.963476894588766,0.25206041280204067,462.4406678406182,4.205411704157779,50.57205546476096,8.780562705932423,91.95238560631543
31.331973865282,0.31398225784149264,493.99045252120095,3.50770363086636,51.059589113229194,8.629521800442326,97.06522696152624
29.39709971961858,0.31527993450804137,516.1388717170823,4.835561726415992,60.367760872544466,8.617273025685666,79.83751504160783
32.28723033803359,0.3343750586980928,542.7530331550962,4.516870530441856,53.676435657474116,8.147615986550587,91.99867170213746
32.43111004988262,0.2810124249171178,393.6108644954692,4.2052024285578025,48.099182360939274,8.633593376495886,93.6193284411486
33.908742662620696,0.30133155211514884,570.8926458503348,4.9434604167021865,41.31119504670414,8.404583139489858,95.31008426353941
33.17704649044532,0.30371348884702654,443.2195208300231,4.153785726040163,47.24481929891181,8.478163317147388,95.06948223311744
26.640387332999843,0.37357849507271246,550.3311282407668,4.8975320921750685,40.7432530454079,9.57231471033382,82.19288659469194
38.11470723662844,0.29117485707296703,427.5970708291351,3.545614539772201,51.07961487138157,8.206420300604863,89.18236617280103
35.96661345779411,0.26138923153501814,531.0638962769281,3.487663421310021,44.41485693354679,7.681699048564634,90.06034182991955
28.82246989924255,0.18684885905667287,493.7018767731846,4.427394160283561,41.40247543471664,8.20419501578499,95.46341900848452
43.34848138142485,0.32958110474998137,477.16389047234696,3.751222711657367,58.82054787952023,8.442325962468326,93.35241903509589
31.677894596982323,0.2981593896993708,507.8516186619971,4.342855653153452,57.07908396869308,7.627958798417741,91.90403171912834
29.997900368402703,0.2814047273171817,550.2656550226816,4.567018156649646,50.14545531781921,7.528847054021799,90.98573860728058
31.005147166106994,0.261074679012981,446.6203565458729,4.944664141284944,50.75874770505213,8.982640582786969,92.07181112698977
31.90154990612439,0.3147183231624353,568.333419465927,4.326731778163858,62.93876937723799,9.4616395449708,88.44720534091796
29.480098267414682,0.2815640291721777,520.906267524734,4.38013094963533,50.39490391076634,9.070164365364693,88.91380290003045
25.114991535340792,0.3043154441217506,535.1353342865789,3.304668601985189,42.124273005602085,7.895975075844547,95.21305742290639
34.45418484797277,0.2780956636992737,500.9296968898252,4.121199562305916,51.412684841196075,9.077696896632146,86.95416285670107
42.209827062898846,0.19140202122481756,470.86405738401925,3.9455676249815204,55.22421130243913,8.57211265274444,87.66223630139811
32.284643029874005,0.33638344510717233,578.1440243047399,3.903648022200944,42.536553869505866,8.97949576310655,83.4056329225478
35.16221446349891,0.2827406505795447,539.1750013742345,4.341150372836425,49.813165629484715,9.174651827423359,89.77040451737881
30.031885076188967,0.4047432149286929,395.7037417741639,3.802935968363054,54.65967376533689,8.341410329795435,94.24528635419045
34.87235311277254,0.32011903173383033,451.5442559524245,4.629887800467459,53.42130837656552,8.877549624141293,97.69977728140029
31.559407197981884,0.22689515463561738,529.4089809063963,3.978515168894468,50.503085508049466,8.857804710597474,92.38800901998351
26.12636812712612,0.28131162064143866,457.5296843484973,3.603660134661857,54.168281965486905,8.105201685283893,97.89170791475503
20.999445266214554,0.36602499377603503,622.4102101432945,4.884640755407459,57.145501006647976,7.523462844166904,88.4084719588035
35.76868974222835,0.2641481838535552,444.756893806248,4.125737912716656,35.09834236542976,7.880358653294532,86.94232576951923
35.00518719972709,0.26711200444460026,509.5749684272785,3.707163979996767,54.6507694118033,9.680864528921273,93.69590394103999
30.110330559291597,0.3286207418703111,510.9992237953538,5.029927771639423,47.48672384791252,8.063603363640997,89.80117457240178
33.11093469321198,0.2834868352195369,538.7959605803006,4.1657172777112494,47.80770810612648,8.275929723585215,93.2804621557175
33.058879331172285,0.2629956236524918,551.3066674488625,4.858536356645486,49.70959480787991,8.407675077705484,92.36544403373931
32.99104011169986,0.27522848693925295,426.2804169089409,4.463685041011808,53.99658190028012,8.769513694134433,94.56620279639638
24.97991533284775,0.20751524445225833,490.18622234994996,3.8139974942208426,36.473301853219645,9.453040343783229,93.45008320017457
33.15671502268907,0.29900175759482484,566.7333801618797,4.288869370896871,45.766621440180906,8.890567166752609,88.6899946869315
27.78159204867392,0.33864883023550285,452.3477959986712,4.833183770944513,56.99239750472561,7.427836249031685,90.2900394005114
29.9165139454638,0.24890515894794013,482.91254859552197,3.361964872125513,56.04979071032828,9.72966465467681,90.24093931557874
28.17338828217043,0.30186374440989894,467.7485800834476,4.075521992849412,55.890062037878266,8.830093126098394,97.46140971612482
30.718349060966652,0.21356203603256807,418.21961496268585,4.007215569786886,42.97806088315184,8.457520149321969,91.96103867246151
30.22702850916616,0.2921393421878816,515.8086692301489,4.375337983780332,52.27380218080198,8.54945004332916,88.97625218592532
36.66921312906547,0.2979580295757571,597.3915937168543,4.626013897100596,54.7088291587813,8.980035576757473,86.58371084702877
42.721668967311984,0.27377633105211757,556.9389674685043,4.482733470693193,50.97553766018678,9.702630673193331,85.58296970625592
34.878609714607165,0.28914776508875584,539.9956327289196,4.5524541340132885,52.49667511767071,8.112098665397772,99.16982117828674
34.38370098713495,0.3382421161733424,452.3595814540158,3.535196549943319,53.64334661325857,9.305558647295328,90.09807237107697
37.16084431619358,0.33406003386916877,422.796904524982,5.408509812309412,50.673839464816716,8.463868628286427,96.58665599098883
32.45623030135481,0.32259926296391495,459.6355161347483,3.8826406089900214,56.46755092869798,8.10417411129055,93.03233001174678
35.875440260911326,0.31738729809701133,442.46917835989717,4.346514708114599,49.97273200932468,8.196781886287095,84.8257870546471
27.28013374603603,0.31223653399410634,693.3937255709866,4.10264017846876,45.942981539825624,9.336823053660355,89.05483219740933
29.39214538719769,0.24428060208790126,496.0742155958313,4.140360526535169,53.4846259438719,9.082010570531194,93.57206979211915
30.452454819725652,0.2532794452890796,473.9001837042696,4.352102542167455,52.99281194743892,9.007430184659034,97.60262729772339
29.87612443569918,0.2670285551185631,532.9771362124333,4.508551874183884,59.854013992030914,8.738217745619869,92.29785199411364
27.986238152415645,0.1880595776147001,525.1483574785435,3.2721013681325086,48.869471237089485,9.31456396306345,92.24299789234718
29.744063257311154,0.3238820905057932,592.9374826674702,4.195763255018714,50.225888303061815,8.398208113695082,92.12194603605205
25.370713492503096,0.28697410670292783,485.03164416474164,4.353326245660383,46.26620880639777,8.865907729584743,88.85600774989751
29.541381298020973,0.3266879154651447,456.1187348640673,3.403167211099312,52.365560918532665,9.061717129996763,88.65689076346165
31.597092637368746,0.21886319796632406,453.87837503512367,2.764126273152205,51.559166593804306,9.169663107270667,95.2888219471742
32.63322746139781,0.25166884529642297,421.0214715284151,4.058216235066738,54.02767632541451,9.06097364076029,88.56043031227364
32.09629778655411,0.33175988673442997,454.2907684949289,4.644757190154471,55.25174036938614,8.572351868986553,90.50928954617659
29.393310473397435,0.2782395007895491,562.8514424626586,4.462873660570434,55.344115985183564,8.35414320478028,94.70853996376125
31.18420776687852,0.23552927483727076,549.8044594144436,3.3820771879538842,50.21024573289405,8.336283243844175,96.77700272417506
34.415537764529326,0.3392400156417865,466.72193822800074,3.9075624856286266,52.488902176789075,7.723573057752938,90.5106030356574
27.557462047357348,0.268972841412238,516.3297031399917,4.339569772182233,54.293196513765935,7.99343474788984,92.97319170494958
24.15821628860661,0.29469197569689637,481.6897071880187,3.2183797297998753,53.50983852332883,7.63836254140352,98.11696399565388
34.03948272325399,0.2573794519606964,517.1672131263884,4.2584765574147845,58.61662645263084,8.50014259272737,89.67161760266625
38.831725412790504,0.266342384827472,427.237450543997,3.5864160088688957,52.359372383304006,8.637007973250256,92.21209975934364
33.639706238104516,0.2672773378247722,569.3025985235726,3.7912301241741018,56.87217893311053,7.30258125485077,91.22299138078272
33.653270135649535,0.29232035122456446,500.9427711118749,3.9665459658200066,53.4048139952292,8.40315554129002,92.18205147128735
29.08341187571946,0.23918362420638617,470.1022053142078,3.1671466604561136,40.464568442575,8.213584924490316,95.80398184778535
32.36001095897124,0.28925426516067765,518.7824403041749,4.684904611142453,59.25565814952164,8.475454545604364,88.15410533855949
32.37947015780201,0.3092911113378461,493.17083379800823,4.048534496522385,54.77519572016764,9.625802475950016,92.49631471641435
31.272479075467015,0.2464344888162976,554.8204905679412,4.009708820267622,44.29992814115614,9.101764932422721,95.82638938633747
29.448532835934426,0.3190537762266684,494.279409210256,3.363205003069319,57.61893609733546,8.531294884629308,95.78764022932852
33.22952573379711,0.24515660305858594,596.7167079549614,4.244733778335624,46.532261922637375,9.254014350999036,94.12938213690607
18.741951453465877,0.3062359722762407,446.76695908089687,3.9207559905732836,54.63880224282531,8.182773206933348,84.42059981025581
29.81968602419363,0.2301395213972753,597.41748709821,3.9345312143558666,44.75248196617987,9.227672279813364,88.80658902482854
30.132699876399066,0.3294017608177451,546.4330772090232,3.927479441006098,47.23942340067905,8.31791688552626,94.25970929799942
39.35668401966269,0.29586582817198237,546.8089434278559,4.81241215518571,41.258373760385396,9.272391794970561,89.81099823520611
29.515898661979243,0.3204471414804196,510.8465428543564,4.107072618097792,48.29055062207177,8.96025294341885,87.44719571686517
33.26480134334216,0.2463231882017347,511.63454258461064,4.779692976055659,53.921974014844096,8.703910526332939,84.88603916523196
29.423811882526937,0.23727862681882173,605.888567031134,4.569564909904737,53.62934372979975,8.136922925236988,94.0243960179875
29.260034434178557,0.31798907522571407,474.06954475230674,3.9335785816790043,68.22302588513992,8.116123881645585,93.77880328110055
33.89746108606991,0.2573888274442671,464.7566273103288,4.095553312217096,53.18584735513338,9.405627310525333,93.49347379293519
31.046466560088962,0.21850218089902657,547.6941254737849,3.401617453906977,42.38732439367588,8.232732999083012,87.12014121439096
34.113047959286874,0.3293866569441353,491.54498016221396,4.242985649620702,52.44543912315027,7.9850559398886505,87.64149610705127
33.89702191273316,0.2852472514283863,429.8647460917921,4.970358359668327,48.48237702207043,9.161744393399319,91.95637446566262
28.973277669359355,0.34980418244717715,524.0008385043936,4.053375370273851,56.5911118406058,9.034062407360388,93.52009929398686
33.58214540787581,0.3082597856229552,484.74895861044996,3.4762832427214505,54.25745315787209,8.774896486762074,92.54686232333366
24.194936534549022,0.32396660309535497,442.4955937954644,3.8021228372293736,56.73561215979746,8.116057695100107,90.68514874318647
25.736237741905327,0.3296858192118008,550.9098034105184,4.073946048423528,49.22694519260576,7.884452325197239,91.42664077387344
32.628874430013155,0.3401148465363303,518.5643541217379,4.205475879762545,42.633094295431604,8.63493057739513,88.66888053538199
25.45551335956652,0.3183651656742688,570.8800320923409,4.432679469139749,50.29267896694393,9.283725388131984,96.26113811671615
23.79214490595934,0.2778739371696672,539.1550936569174,4.299500913691034,54.18683593652177,8.57614658257972,91.24241766803962
27.39015671954945,0.31646436887696394,433.02738292310016,4.682510841770718,51.75980772222003,8.93485342952345,86.73963837324496
27.492218955148594,0.24545207991231494,619.1668123116502,3.2862954881366315,61.379436936407956,8.843495355246503,88.00783946721451
27.698009594840194,0.2920890845124074,378.27670847702746,4.556478449977535,47.164213280649165,9.301529807817575,86.84825792534279
34.45877564717337,0.20701860720222534,485.2115971178094,4.110388056371113,46.824260741698446,9.513805981272418,94.74163329935551
30.0524104254228,0.2670055500341786,494.2473583367105,4.057171269293414,40.17327261830063,8.603989192915916,97.19633332756212
35.67353235640297,0.34286606093086897,594.708851467444,4.148776437290494,40.641838127776886,8.638396285104584,97.32338288553298
28.66524191333682,0.3280856325173037,505.88377662743005,4.207449788367217,54.873890607085876,9.03126267728892,89.2269333026289
31.97137226969817,0.34498650298068256,528.9509168585545,4.265353713256209,43.837984299502956,9.069479674747033,103.45105368643183
26.92486480044744,0.32736480062351136,577.7685954852504,4.8509927938418,63.3143947545355,8.19547016885346,91.40052379884797
25.21282181560315,0.2750783286567151,441.90965708868526,4.733631485492116,47.24682143886284,8.492971528541963,94.41611840341919
35.08565391998911,0.32209199683918316,408.06588444067575,4.344081384487769,50.80146868159081,7.181580254584787,97.44861194948328
31.60036697581779,0.25660546229211156,462.32350593115075,4.300812678629028,56.17329627105363,8.713516227717404,93.69346168779458
36.26824987374731,0.3114316684417309,492.0958404040177,4.543926559781743,55.02141896742939,9.6753418405214,91.009034260638
27.3235013228525,0.2865231192167948,562.6173894818598,4.228210450502446,58.964035542701886,8.75316809242146,94.04956612650709
28.553717117592292,0.287233870046085,541.6946840293358,4.7267940977300436,66.22284730714814,8.747081508656215,92.69215027727864
30.15057910691221,0.26982521578284124,429.4777948276208,5.193893703927913,56.367738500922954,9.341281813140563,91.28813396854325
35.189707297903496,0.23438538907207318,578.4092773198502,4.164766832006999,50.00741451729769,8.3759829588063,91.97304647969787
33.81930355561611,0.3524741574068253,549.8434446371114,4.068187600322241,52.93923695759794,8.094389806762399,82.27818029250737
31.81698144635116,0.2714808093699208,565.6148059872841,4.754454205161801,57.38834832919052,8.93715700056539,93.69504350907985
33.85051381263151,0.24246816712757202,617.6701120502383,3.793786427557325,60.94942833693844,8.919667076769931,87.4977656475553
27.529100479139615,0.2840167473562119,548.5791927771508,3.9275366438384753,61.857990639814304,8.040600501483455,82.32854049829342
31.925245831347013,0.2648443303333911,500.1077213243926,4.492876361373714,52.64656193389137,8.893333417813139,91.16782725814411
30.9836692009781,0.3126682279536836,417.66174035185117,3.659791912779671,41.98913600633482,8.695063251927245,95.3656312557422
36.943679232232306,0.2336095484298103,549.6099717390769,3.80496499788454,42.56561087925476,8.032612198184049,92.50577547902056
33.11077297906459,0.31442366561806045,516.1582224601735,5.103209748425249,52.60636672633757,9.265198660723728,86.70400145832245
38.293746078160154,0.2403530582630431,511.19180459506725,3.8406695486980356,60.97158260509413,8.537160364336358,93.9577477481235
31.96896030016437,0.2829487984504404,555.3098764548383,4.402758339726387,48.50133839994328,8.351881517032266,87.52868429688502
38.67767247163518,0.19692858271806074,581.5554154016515,3.363426570929617,50.9829910898035,8.534888645512341,95.42754937308234
35.358484415040984,0.25616345280131503,507.5966089230421,4.402252120367738,45.78876148632613,8.914665922538294,89.14541422945696
33.67820872762608,0.2919080192396739,568.5678474045201,3.640041598822572,42.601623685716866,8.324604664200743,99.61901708082766
35.57189700201695,0.3166775077102414,565.854082226793,3.622525113808104,44.09946834768127,8.080032631399655,88.101671599188
32.0050594262166,0.31231105768818923,551.0411868574572,3.4169138761336906,64.03540672738661,10.137271371031067,95.04003863112202
32.640373961789074,0.25129916295581284,494.559823279664,3.8824521196517354,46.80125543177845,8.666259310800086,94.21453143340433
38.67260773809588,0.24287899277868114,405.09293041639773,3.067866425973384,54.55830770077074,8.823596168936442,98.28865897658159
35.82298499112166,0.27688154037457824,463.6708453029361,4.580551704402738,55.99429110989538,9.323682218453381,96.25168194166204
33.899702660908574,0.2809628938557447,477.1247749196677,3.986355871920349,52.60446515469546,8.043170988568518,90.60584374800615
31.36312382631558,0.17332550312089529,477.349619334774,4.137033745901692,47.26874224467145,8.572695694030477,82.21768795421819
36.634656164804184,0.2859328685826334,492.09021101119987,4.647492082008878,51.133071327514834,8.454925707961303,93.09722607732684
32.043260649370026,0.24761614783998798,534.493531490092,3.7285937204163893,47.86576588525226,8.802675452493625,88.32766277927387
36.47127836354558,0.28833639627868535,473.2155981435685,3.9497981720191606,61.409485342041954,9.364494796745594,92.83904930065562
26.615621091850198,0.2380086871766911,516.0582650040359,4.3082186616903195,42.31451291925221,8.73485640897329,95.13682170658247
29.19035127506096,0.19230721574328163,600.6179412928249,4.675115939160918,44.65097578313356,8.31814636885002,100.90108318979514
32.98485068915779,0.26935788720372456,394.80391532870095,4.733557950022913,50.18665480161437,9.123388412852737,91.00186090555306
32.0268477087457,0.29842626254297616,459.1704250084955,4.388513050793462,55.40705017738546,8.494863806550391,82.39640447532955
36.643863708092894,0.26225838743896956,486.4629357542202,4.066128795646384,57.84224344974849,8.478876483778063,83.70264862442549
35.63418519799372,0.2860155181414905,580.1368856169431,4.496977270524191,53.02285920631914,8.559906220703205,89.5548744732184
36.61349507327284,0.3118531369160055,560.1867843770459,4.041592635837932,57.16740486451276,8.757614026975057,91.22845822324294
29.181631485449966,0.3078430893972712,427.52024692523673,4.244085087567134,59.91263629436633,8.615133579071978,91.75216982837698
35.41192142397328,0.28566014608413803,465.80301881747755,4.344848044892602,49.815139132434965,7.43083845338468,95.09790833132783
30.41904620573034,0.296052911414752,619.3429686849043,4.089059615927165,61.969547106525496,8.971843742650663,90.94586877404622
33.21005013119044,0.35612943535331354,559.9851218427094,4.2196467604802095,49.23047744839862,8.030532596085054,85.61914667208593
31.72096114336871,0.33872519558244485,554.1280823816616,4.607844687257173,56.334590535835495,8.285341714525366,85.70463322854961
31.632754765900266,0.2833259805447553,502.5221820355998,4.0666903977452575,55.60671632378157,8.622702486479383,89.80790028745488
34.83396192360107,0.28854852228933253,538.9743402657581,3.1197028932322333,49.68183484882676,9.975028933861049,95.99219173157394
31.54796797194102,0.3079701261156427,494.7083791415813,4.090145192413801,50.80873968062377,8.53617282337259,88.7267143203117
30.22215564298103,0.2801670511261893,528.5962185754993,4.229568413791623,50.237714546386364,10.469144119236873,93.72097437197552
36.60280983784987,0.24423250562917362,579.2402843106006,4.6749549769204455,55.31859426903932,8.780047679445703,87.76725216700329
30.02441284361128,0.26378941308800774,562.6470650458281,4.2801894107635885,46.227823547405244,8.081385087268151,93.92362227579264
36.89142257979212,0.3221585488937518,518.2489524379116,3.547454744298647,47.52601190477599,8.680818644742434,89.35775289510008
41.97515036092565,0.27687292211291126,488.79418636442375,3.95289848486567,43.370399286210684,8.561436393343616,89.17879919530176
32.985129889268144,0.29935980687540215,496.5729708099946,3.4779536422083766,42.233753114824324,7.173051913193397,91.17212096591943
23.291718756483757,0.27104690150020294,469.28981828606857,3.5363295047550287,61.40980903682497,8.382238851829982,90.57528357027586
38.46788099971409,0.34122775052119414,437.5553977407251,4.181546590309801,58.946106108131914,8.531734706167693,90.91669057351392
36.110922588769604,0.33534517517914914,624.3664204234842,3.47921597890648,47.457800914852754,8.029421204249267,90.67691257922526
31.10585519647467,0.30033482604960143,564.0399399295762,4.431431189207835,50.04143721322932,8.523700841553357,94.2615370936638
33.42111987081528,0.32747875113405417,577.1005952264925,4.627265973425798,43.7377711043939,8.452651873417214,88.24521234626877
26.270206374370844,0.3066444521288692,574.7335659055404,4.564761752114652,58.25476985757521,9.191457851672336,96.30219126553968
28.648482744731538,0.2505407611133452,537.194808831799,4.480978385677023,46.58293110350603,9.672117877786185,95.11319073837008
30.379756247378253,0.2477475633665338,493.0394863901391,4.845753883064322,42.63002297833701,8.149331457667529,99.10583627597448
32.38853828712206,0.2112465874389704,428.386814545393,3.9564952626227257,51.55472674198049,9.692773168202354,89.98676099667763
37.35013791838861,0.24197720240899184,527.4762409288329,4.532296033340387,50.925942087003705,8.992114430188671,90.12025960002542
37.53029053044344,0.2875738173265285,589.5787104969068,4.360746107693158,44.476684099875314,9.129016704668157,91.9790700478535
30.634551607993256,0.29604623225227106,488.87807207612093,3.7756323020786113,52.22479646628407,9.769630939818718,90.4234240960222
35.107335243671066,0.28951290808392927,538.2689185591696,4.997733526028233,49.539714906781484,8.785560036394639,88.77383135643987
26.999548911061833,0.3165590881543244,477.6161930380754,3.8872628602821258,58.75676042967069,9.576896103622046,88.61175357184904
27.00671157545676,0.2774884408305646,424.72180097299884,4.173066123437779,64.70857522927271,7.772825797070544,91.10905310990026
28.789434351950337,0.27152224401848163,546.2583449413863,3.648051100681873,57.125675126182784,8.247391692841425,91.62176952649448
30.54821532607981,0.2723990666713663,543.1524901900681,3.986972629905583,52.95276163614513,8.02012431774002,101.43496347328764
29.60681514895905,0.2747687375287792,467.2070038532324,4.623535017142751,49.570862737199775,8.303593015227154,82.6870744964814
37.359541793989244,0.3468804029253581,564.5720381013308,4.384786211945521,52.97217345108506,9.440065480827544,95.87629108272459
26.21289013049838,0.29689137582565306,529.5535781831198,4.6291849429705865,47.221389254292745,10.05427120177305,80.94679753001695
33.8152207437694,0.34305919615120917,539.0408672078557,3.7170141626658335,38.624007401743555,8.726252175102815,94.19870353065518
31.925771887792127,0.3017673667218375,598.4449382685888,4.522437541455577,60.275042707975715,8.876721038980195,93.17005632917079
30.310612696767915,0.2597217493445721,651.4605737557911,4.496364268245739,53.61674531033483,9.403451329685222,91.24619930391422
25.594442880542545,0.2723975084053894,540.1622703858726,4.167130414275575,52.763882163349194,7.532450262514991,91.05905363156906
34.69022294052386,0.3184473717886637,558.0896936084997,3.4447207957023744,42.5214785210186,8.49765022917861,91.4905060413733
30.44943677576349,0.2463838329684207,456.11468410016596,4.669972366372692,46.68615806955973,8.45996585438627,89.60551585607791
32.746624659452124,0.25821116498734875,433.29802737457715,4.1351171613119,50.38854567157071,8.097425816949348,87.08104355999458
33.845345340624085,0.3014790564740344,518.161236998414,3.4178250402232404,48.48050292311511,8.469509890278985,88.03145089072639
29.915722194283163,0.19416155532750173,593.6341070082799,3.827149070963937,54.172181643819805,8.312285473800719,88.91690850773304
34.207451143106695,0.2933677100322211,610.0919887037462,4.23157310472103,50.000028875442666,8.519840230992498,89.80385641102703
27.656055663496236,0.35360491261347776,601.3009247139402,4.480565269897806,60.88935590200698,7.715148963496997,92.74416210556467
40.766188676735375,0.26841464333121884,522.328093289931,5.167795696279117,48.96824756741004,7.660537484311078,93.08185081676632
30.836191089760185,0.25593334530186673,456.4065732072269,4.841362080317285,41.74605925108223,8.698700405247983,91.39195755553808
29.302227933113368,0.2854298068172707,547.0464848457146,4.240119775372662,58.51277172480949,8.92455888408677,93.94738685752635
31.123129291729853,0.24970741221713602,654.0415249417817,4.026995672509334,47.04188506247443,9.663390071784848,93.54164450389818
36.89202532236868,0.2755572829509545,523.1435031019183,4.585537428418987,54.251117637286065,8.744982650041727,101.44169845072862
32.173454458761235,0.2788664576798608,493.2075186862452,4.084631388645245,48.411300815036384,8.287023743112371,92.93374931092839
27.787926271382734,0.2691199719757954,477.60938295107087,3.91321422061109,49.82690110469319,7.71175424947608,95.40511497862099
30.785512075050534,0.2697506087431212,457.11183548830843,4.367468610281186,49.24955795876665,8.267047484398308,92.24005793740487
34.95664820938568,0.28358403600703924,489.24882715846417,3.894985328021969,51.45510024394043,7.735644127540009,97.27038072082317
31.282275436349124,0.33428099542090334,526.5150056042934,4.486725524562628,49.38916268282605,8.521196256060312,98.83452670991292
29.67548536994301,0.3178947948412971,651.945109954104,4.093874338304749,58.62364452348901,8.417647780152738,84.44325587020327
29.3827574035189,0.2490994187869124,654.4788412018379,3.751157542656216,54.85348960772658,8.551452400436434,91.79395283644146
27.645112396515273,0.2095586955135994,452.2780936203093,4.8216637656626204,44.31795471300346,9.102445752627089,89.01341522446296
32.53049733105093,0.22687631462038563,465.40582146454716,4.085694293748982,56.86735308337712,9.639925851534205,90.56566532916602
32.53487309232896,0.2737003702349696,500.4159513355902,4.753249200000737,49.54870609617057,8.94704765799607,90.80755845375364
28.5102485920541,0.28791651962026316,658.8715448251643,3.7803122307478736,48.448409079189105,8.325228543947482,93.264654466292
30.538367838777027,0.2808691137288307,539.6471454193335,3.750186707872379,46.809404778098475,9.237189374204982,90.65177005008131
27.55197484131752,0.16718875543080952,493.38519341909966,4.5392929155821,53.18518298964776,8.990869602491786,95.36907367687368
30.660841642901307,0.22331525673052138,475.196527451221,4.933269340047123,46.952206816872724,9.229946850265108,89.50922968214365
32.4982297386359,0.30008052703363436,566.3642833269959,3.7395928150007993,45.12088960335687,7.53857770987943,84.88732524783015
26.650247151924987,0.26953957410738705,530.9483109663888,3.4685763007574946,53.24486018175739,9.207352423057571,95.09181664424132
30.852728916277474,0.28645909201068803,545.0871005671241,4.243046287073774,50.62408697321606,8.137886951185548,94.33804909887722
31.015457109499742,0.2897949338841685,572.0276857868909,3.229522362072113,51.546605724081275,8.125198574878928,91.29503119831655
34.46294995936606,0.25226854014141425,497.30007304818486,4.414159430245665,52.73743999274774,8.816430318548019,94.93945494662333
32.04218077962626,0.1973385443606046,482.84168862144674,4.257506609286563,57.63340375298766,8.412337870537963,95.32724671610117
39.529028906838015,0.26143896949834766,696.4234717818026,4.8215219976002235,49.32875472757649,8.343091371246762,91.11694832539558
21.84631476355241,0.2575904842264277,599.3424081944266,3.165116033413642,50.92228677387783,8.64734563976337,88.6331299899325
28.821333127850796,0.2873214812397782,564.5049052407683,4.537632099245087,52.793513621012714,8.191081697312203,87.13710989068412
29.25420247717453,0.1969250996139547,512.5234400535819,4.202449686825973,49.74440379046312,9.280975331195485,91.72642125070146
33.515213533655086,0.300872758577293,562.5923942253576,4.296048170077448,57.44902398597403,9.305582955182489,94.00584241368695
30.599655385890273,0.2611868511141564,504.3908421650417,3.2656618629789116,48.95811756371546,7.475967610485933,94.14643057916919
30.840582019121396,0.29560576043999104,525.9495555699596,4.679784581391085,59.12468016924781,8.252172102686021,95.72657441861593
38.1271762590975,0.31355977224680454,554.8863338993225,4.786192785779733,40.182192709615244,8.289950675245464,80.74721598702557
23.15220739573953,0.3145978232840724,547.3231790584573,3.987226717651644,43.31675258384349,9.48030920720688,87.66504996235481
25.085923372197463,0.28021908382264177,521.3075235669793,4.249862804054871,52.15897274633087,10.0416848706744,88.2303123996715
27.549430465274284,0.32122632191513245,433.0809266285653,5.193414909054485,54.79057229985028,8.651700566828518,93.22842119849246
33.61801101191947,0.3820739770877222,566.6773582555129,4.548370136843451,52.506220735127684,8.673893616140658,93.80194810188664
33.985875177393915,0.2991637563412716,459.3624853636042,4.608888092723782,49.94794260653193,10.600017176503062,99.79641491308871
34.612295500076144,0.2666839990413314,536.5645603570563,4.56518753879473,42.531558047513954,9.557069888173661,93.33456561926607
37.35258370873298,0.27795443224660715,575.8488796135085,3.196323003761526,51.16969674036326,7.659531889693986,90.43684660367623
33.82942922806059,0.2844949577277989,479.5905247331565,4.9081227978446975,57.78528030628538,7.975286139103289,97.05700988720749
34.02846962608401,0.2025233634696033,478.0138069422803,4.53178151371627,57.190369872704245,8.161195741355298,92.41288565747713
41.68243897404637,0.24650021188467724,581.0676639258149,4.008362729668772,48.80192602927982,8.252084392670723,88.05989934677736
31.512164735042766,0.3242466591677764,461.9342976287645,3.861013341346676,65.98589400951245,8.773671989064454,91.95669994795513
44.64642288187334,0.2173831612294856,395.1343849430151,4.538883453306676,47.87831701441753,8.52750808997337,83.53450583721825
36.21146018265345,0.2927273619848504,563.726170956332,3.970391220443279,47.77903292559901,8.266173008118422,88.35795213197359
33.34204532270442,0.30001407203540814,575.4834841876366,4.256566030576845,65.01681364204221,8.620717689575894,97.70923474506303
32.88162496900143,0.28788491032798924,536.2728913390814,3.847352436670969,40.782280380746656,8.911973937427533,88.87135616689648
31.72670649343034,0.3261039622516509,514.4597882346865,5.056787794918995,60.08198186275237,8.05134923748596,91.5372011729172
21.196411141972405,0.29796061311100785,513.4498393867538,3.236422949659392,57.62710162945338,7.852775856845952,94.10998694750707
37.76558738230969,0.22848699071802323,361.45051041572543,4.549034194150556,49.68724310622112,8.046275032025148,89.69334005040412
27.778271927285083,0.3088727560039093,511.2530225308574,4.135582616767996,55.65425560034398,8.415870515299847,93.78874018786026
31.159479141439874,0.2783898186285213,500.92429919332204,4.642046091749767,50.679199248499934,9.403453583653853,91.12516201775458
24.493205720147486,0.3475335421285357,490.77317315850274,4.266809180517844,54.56709058632997,9.062345158411729,94.14765270393522
36.81834801336072,0.25193700182249235,570.0692065896101,3.7515743049823818,55.997610320484796,8.597576348314073,92.9124136574937
33.22180712675007,0.2599286622295847,540.7690914812864,4.392122098993516,62.963822076186105,8.552427565775774,89.63608107199629
30.366198344854766,0.29971544225407526,526.5904936238695,3.832828903569675,61.40373060623451,9.848066538308371,92.65396541147172
31.730126980957976,0.2158019800291282,616.1077415666591,3.7502487725726867,54.83003837908061,9.05411306107184,94.00689417033614
34.73846049000069,0.18677088604626174,546.8077943181447,4.410285994324041,51.21579759045926,8.06679898706879,97.56597553012573
30.857631675799034,0.27689087674774393,529.5119017481098,4.570629516787643,61.31348640556857,8.315985341113269,87.27516632780649
25.671861935651577,0.3304767696913802,532.865150331161,3.1818119184636995,42.0466597893545,8.103370557013486,85.16855736830335
42.729982074870136,0.31567393700502533,528.1784835643726,4.447878723228691,54.912751037192095,7.898440632921884,88.62723599635322
38.4140536221613,0.30840181446211007,502.2813223668419,3.976926153825404,46.20697416291953,9.483904394971752,89.64371743207434
31.073318938821796,0.2650047587090459,569.1178192257067,3.6624006958357858,54.51248521546852,9.097741651975857,93.16926208418268
33.39638349742121,0.24010409738573615,542.6039137011924,3.7203869822352846,29.33407868360934,8.273166335328554,91.26576626716545
31.95054581130945,0.2002699166296075,501.32034429695887,4.146848871411144,48.899876962676885,8.541722414149465,94.0555901245816
31.280198960001027,0.29269514216441883,575.9284592861114,4.612560505471313,44.16455601096389,8.225989713110557,93.83459323112046
27.874004209300544,0.33017257917209103,461.43200559483677,4.189442998553583,56.91403778319551,8.722765173053768,91.9653329834646
33.707284532333695,0.29259658668141736,583.1515433631843,3.560189844134146,51.22020725138395,9.027317264954425,88.89196868331524
40.199899671873716,0.33780794514104134,453.5649127260496,4.355357038684561,47.466308829192954,7.759407335454153,94.38980437797055
34.11725744095959,0.2690572673403095,482.8161244441728,3.9940610053254697,54.56065189739848,9.228866240402024,95.90824994615392
30.72702753628694,0.3003514720822667,546.419621037199,3.898311165905052,43.84688459243663,8.318676649022676,86.97915686986994
27.462622165416754,0.2630680910398279,602.5444454263693,3.584547810599087,58.06982244272569,8.863827092724923,93.55997470288388
22.537218848506,0.2583472713453249,539.0620672434072,3.8610977113457206,48.66160266435651,8.951167225833021,94.58599379800562
30.818195672353877,0.2987562757498028,483.3278435743717,3.7935444573405266,54.446490615798226,8.535283054112663,89.793048630856
32.81040185334334,0.26013686167787664,359.6107478033755,4.071021386384033,43.70309183097011,8.65014360569381,89.80786407056677
33.84238570866005,0.27509981680959383,513.5144782129612,4.310144537074519,54.028795274561965,9.10161698262831,91.00154890407302
30.68613377879562,0.3094093604394261,468.8293922083275,4.124308652150428,57.92506373382684,8.77097495879264,95.64773329945292
30.328702390893945,0.3033300651777586,490.4044439958822,3.7514734118195503,41.64146516957867,8.286684890956174,89.15756720783196
35.87608695878631,0.226058396104257,541.8843129097503,4.8949129726082,43.09195463182032,8.736692722317303,86.99612186773653
33.91575064299852,0.29545815064457015,393.12935584903795,4.1875167799213795,46.14515263115578,9.27069855587612,92.47580122680273
31.7679959958106,0.26074901727937444,534.7898080540957,4.762835736449709,47.44848485706612,7.794375443675716,86.13927338640315
29.698929170637143,0.3304742757952291,598.2625827936095,4.373376218344953,43.50046952107692,9.094936342978128,91.74295021162989
27.098680313199935,0.2401435937505521,524.5456203253506,3.5639216505696756,50.94507979532427,8.882559420236566,104.89885065855073
38.58506957234091,0.35019556340418456,464.1747774574742,3.8964173101320405,53.12604396485047,7.802908564982461,90.40248661612242
28.367772840375324,0.23140785538285022,484.1433189848045,4.183918569623772,49.21010293911471,8.213824540754343,91.61250065986178
30.094746789283064,0.2986456861470625,417.6944000832084,3.635310553410678,54.33754273921302,9.272405822745723,88.90143296361204
34.37158138247329,0.23785803874126407,681.6030592154459,4.733494463553805,44.66271009696238,7.945226639423825,98.77306361894037
30.288467936380655,0.31953730652420115,529.0415270787928,3.6491963179828044,57.35150406946203,8.866126646685535,86.44660116859356
28.769903513979166,0.325008860050088,514.8692934904557,4.493387539402318,50.2754306422804,8.390470435275875,88.96208216976335
35.85890730761951,0.2805585983618694,563.5272054126906,4.01256385157818,46.81766863761066,8.782765389249628,98.73068420881985
32.80046527056559,0.31644251338872453,565.2173382160366,3.4093792799291798,52.40863405555579,7.645423201436418,102.33745689751723
25.217590678074792,0.26429956666963295,543.2972194928881,5.124384798709469,44.61275492544236,9.017313924273658,92.85406601475022
32.005972599246704,0.2742735871266206,505.7098995372729,5.17217548261066,51.306742445603206,8.301320465546715,91.17707674392071
30.43257817076956,0.22813595991575603,545.2938822581541,4.371280677835817,53.06261238943374,9.300806936509376,93.55084377822732
27.192907723209697,0.33338392784279786,584.4013726005415,4.490075981397641,48.87436897354189,9.288142621458862,90.40586302919002
31.921357451022985,0.2840561613298506,600.5539221131799,4.112397366895165,50.490507049395326,8.471296639959213,95.92080870298905
36.63073717462345,0.25232171069226283,479.9199041388157,4.848395046666149,51.18417064231272,8.937612421193464,92.88480637088553
30.490309935489687,0.372823567993405,465.830197790134,3.0199062984867435,59.1747891459608,8.864779778645193,93.68012644086353
33.136226550785985,0.26663895381812175,491.58817213631573,4.566189244948121,52.82921603762047,8.566294836103486,91.54974947425355
33.81873245835038,0.269056572787001,386.94377683715356,4.13728567884873,39.3778567515447,8.296923279884235,91.28738433441777
34.89032283692367,0.28620265155656693,540.0014104026642,4.166339730344152,57.918609961374806,8.086598269623869,90.5784975132993
38.261504147071875,0.262545317606565,588.1522687324536,4.265330343700608,49.622669823674485,8.304056250313591,91.96698235240858
32.72898026964471,0.2537611993302819,473.58519698250853,5.081705854461677,56.15508644367185,8.289359326402197,94.61832025523213
35.98812911999384,0.26796859659247707,564.8141419740967,3.7419781947622224,63.26414699069293,9.082177712947324,86.39186537861822
32.93307465947092,0.29499787055017795,525.3561333479157,4.101922195400978,48.837281783669795,8.884225558367008,99.75538388546522
31.872109092323633,0.2856684278597891,557.4818578501456,4.413998939094366,45.758694534602725,8.185162858306395,91.32906416527504
30.30268622470963,0.26764616567392624,308.66524504058464,4.163352741626209,51.79022110993297,8.498069152595269,89.2662184834343
26.24666410121352,0.29026075688325587,565.4848461333012,3.6225510271182477,59.02517154961739,7.72696628504742,92.46408643227664
29.078819458389567,0.3285844174912308,530.9498749883476,4.701218806086127,48.050923604837664,9.467675253826087,94.02553710741412
29.338216825093735,0.19103652184226005,505.09839790789607,4.438526251398517,48.71135336811255,9.460410747616981,95.2760620072944
34.30471112138606,0.23406344503003476,528.0440862583738,4.08350798354191,53.4717469970538,9.531685967320442,85.44295061855708
27.352242859431136,0.3291956282300944,555.6966729645305,3.8602299588148736,56.749242891267016,8.685949580380926,85.4573093461337
34.07506624422606,0.30173124108537547,417.8482630274317,5.002837275361266,60.33230706464868,9.128342544521775,89.88607980463436
32.550717729495815,0.280056794331619,531.1028672553798,3.3791871780271876,48.357704418521585,8.129598179912056,90.80738845075294
32.492647603563064,0.27252915301643665,572.6547323477914,3.8162292031002125,50.06244094514536,9.13628567787875,92.54356638108325
34.43768408656993,0.2526441300043191,538.2266535984983,4.166169921910748,59.38718100567973,9.392486092357496,95.59077713823177
27.77882258878088,0.2618545976627819,552.8426535161382,4.242146209478697,49.847087740784225,8.958224785319844,87.66268849030615
34.58144903465148,0.2307478848076431,525.4802366322658,4.819160140449506,53.43823757295361,8.346064850751933,93.4161242626492
28.16155313338925,0.3022025431259033,588.4331737565226,3.5146386614684753,46.725357877929994,7.9097038425674775,92.1029367134442
36.367670509655866,0.2852554198949168,524.8206548510043,4.804836928708293,54.85589030515392,7.849357585368433,93.25951751338732
32.192616603220294,0.20790993318419948,514.1929624087618,4.292572378835318,61.74885947735586,8.718484756231321,93.89476727336657
28.361151998306354,0.28057681559069153,561.073785389136,4.075834075404108,60.00075146197406,8.787179287948012,90.2512314706011
31.53109881133025,0.3283934259835778,479.6717695013749,4.671317324108778,49.79298099366457,8.126814432295483,92.89071733640523
38.726678357217956,0.3314819395653987,536.7173902930883,4.126466916355841,61.72287955173263,8.666573881921595,96.55210281536604
35.09267448138358,0.2724916725891397,591.6382273006678,4.755994561877731,62.889268398517345,8.38334019139376,97.5862952549279
34.4038452093918,0.2239700219878444,604.8157422120796,4.272853330722801,52.594381193889056,7.944602992864382,95.80561052797412
25.563525114899207,0.2780907043752349,496.86875231518565,4.690599365999097,56.546401675455726,7.179275660453259,93.01975369791982
32.076629434164964,0.25291928179358003,461.49919806465084,5.140828323282929,53.3762202607641,7.883101945452416,98.61017091566718
41.02716361798316,0.20940401681321047,557.9181688309503,4.2295240593900925,40.58991150363343,8.650382511504025,91.82547522108564
31.972038613387536,0.28814938011701785,492.7313800179768,4.513928040685805,44.12694490170067,8.480072210540055,92.55674291892066
36.41428518939753,0.2478702728569966,526.4657056344421,4.881800546708471,61.07160970165914,8.452182201076214,87.79647127060204
35.78706355850871,0.31396144192317044,625.2954810352493,3.2621313139854435,46.569576397290504,9.496633070376477,92.35256941086999
30.284275407581735,0.2061040226601582,504.2486997550114,4.621449849754,52.836002426158394,8.538475294350365,98.18412310772456
32.20797025372295,0.3119147321362135,495.6875455055487,4.676276844741708,55.23150865801345,9.392058053561916,87.245277913269
38.93770228627477,0.3050028404029906,537.7526281676209,3.767907997423683,47.16968920396536,8.70875339669881,93.46806684369902
32.74999399974285,0.2503866796569711,610.6069195906871,3.7850575665311084,50.26359588152113,7.716690877270134,97.387950798437
35.98253966118258,0.23178267024481594,516.096592732491,4.308756936735245,44.898204793730315,8.07501559039961,90.21312659339672
27.776597175077548,0.2550204182627084,640.0921684278139,4.034625220966783,55.03159907012727,8.711840249100518,95.21202149870224
34.5128365750877,0.2929194822869541,616.1964689808733,4.467291225599965,46.1835891764792,8.640818780000327,95.33017006746847
26.701753650963443,0.24924317026081763,484.4096615164357,4.4383366460095495,47.11121013001631,8.911603421845255,89.50435176062074
31.94942015486541,0.27552802513421537,574.9557021591618,3.5026668500134748,44.347072338770076,8.968190457767275,97.91968048033496
32.65829575445217,0.27243740466137023,570.5404906693111,4.2906045205520025,54.52845963455709,8.427413679903642,91.09942508155984
33.14104396921725,0.24878899162445756,559.4562260495859,3.326649125833085,44.3034015530182,8.088675788398708,99.6732760200947
30.884669271967333,0.23505634023219704,617.3289339721816,5.028478989619707,43.328438270126725,8.490838152789026,86.1898886223568
33.009958711910485,0.2844699298968783,546.2695885841928,4.804512119039365,55.83788063614391,8.053802178367748,93.99471723127982
28.838472728783124,0.3002431562854389,524.8900346897213,4.159593833449197,55.0885492793826,9.071715715085224,88.89771846026431
33.752778148685216,0.28531041185941924,520.8111797598874,4.543796724716349,63.41328507425496,8.884915758750493,94.0713837085854
40.00453503098155,0.26225061043233955,587.3908380309566,4.298292671490145,60.961878788272244,8.431146913742898,100.20427424673518
29.277841445695962,0.33150766599545717,483.11233854115596,4.825606321820179,57.967393453281915,9.212812574354874,85.64128227454826
31.38981535348999,0.28333372062960926,533.6818328811042,5.057010033667149,66.1483889728692,8.705553424478381,85.91008919538667
35.29609740212784,0.34510850540783333,562.2341096632125,4.144966412707113,47.798301526292924,8.939130133569966,88.22514021670615
39.46966691342673,0.27966541741206646,452.870136575566,4.217491286809249,54.167930518886706,8.884915766847467,89.52599822370019
27.927080601012953,0.22218955699823456,518.7531264464708,3.9915363807815933,55.488761538135066,9.22143656883737,91.702854941245
26.930073634813592,0.2410071594308909,610.9350638055745,4.098764848321903,43.63243975138086,8.318028468101883,91.6236709883995
35.330949479083735,0.3124032052606736,504.50857389657716,3.736213483984303,50.57746008469015,8.951208587104054,85.3380392822138
30.495353891113922,0.302218583751779,587.7078827033433,3.9442871793383127,57.47954164771545,9.366431118106062,96.35217140205654
27.677686695447097,0.26588092727029067,462.9113524580254,3.990621493836558,48.257602568802845,8.113466664020411,92.23090232639125
26.333315913336556,0.31373385778311946,504.86147234919537,3.3142137138726344,61.234352867452,9.093443488253513,94.08175206246473
33.956416517788966,0.2808938002017464,516.9905878306043,4.121343327369486,40.32527150597798,8.624220247174147,92.66339472795272
28.30007353441718,0.24429145550486664,472.2274571437632,4.33695537429364,52.152080170563835,8.364778200168463,96.40933647739325
26.873233359892435,0.2711989348288077,542.1166858055979,3.7096801318935366,52.88739136948207,9.204526014183765,90.54423889142201
29.607915607757135,0.3078587000139,467.25557084796526,4.9036847208456,55.635447425237764,8.909670456532622,89.30236318653468
27.89397392410421,0.23784909271322224,568.6773021423976,3.7687989555688315,48.17276195534045,8.434855318142276,94.44841651621677
36.118185066395554,0.21712514150404053,569.691460008894,3.800310062552467,41.852199552421546,7.81319597655184,89.97229309581606
25.272406450909124,0.2731852058814853,394.3333354102859,3.4619191858423215,46.921299656090866,8.435593874605912,85.426114166488
37.89018762648196,0.2972091157489815,648.9688115276185,4.12041779763465,49.58114357433611,8.656929592061907,87.33247203069725
35.27364234340904,0.258722230082741,565.2189529726352,3.9233056302205216,53.29367427958159,8.498436676820393,92.32266627765996
32.40847995347539,0.2854869198243249,456.54611392786876,4.780291948547331,56.38704814918739,9.460603012263629,90.58470353462108
32.43213967269525,0.3197397968782683,541.1846705957263,3.7439292256910064,58.375815815466744,9.500848617287984,87.90307637657014
27.968031297506638,0.2658093595713571,531.5619090188286,4.717628004795756,55.70370580962793,8.411803553552092,89.7212675356745
31.807253787151016,0.339255778478824,574.1430523706559,4.677967146475725,53.34622905164917,8.02684488371709,83.9293706181021
34.18840819909977,0.26033581437177894,504.2089587604372,3.5964540103924616,60.98955954010603,8.068437142046594,92.23394976800309
31.594705012908772,0.24188320211346986,484.69478729795355,2.9058121366686844,42.743749103384566,8.851546620066406,91.95546428292464
31.795309672376842,0.30019735558087834,578.6405900391447,3.749172331430301,61.00180393112127,8.243938520606129,98.59129552681986
29.031564667431905,0.2521462262389737,465.0752476601051,3.867687983546161,46.01872646083182,8.51437428395632,92.66833387600289
34.38147027103965,0.30994963397149955,527.4170276840197,3.8527174586715742,57.187938484092165,9.318744355157715,84.08291283812049
29.301212368233337,0.2798828063459782,582.7845771195999,4.339260529477215,48.22071506402407,9.376218473152186,89.51722124630952
22.7657298028943,0.2588591910624705,539.3313832229543,4.958014829128149,44.881545376965086,8.754962055094069,89.9805740260463
31.21340250933122,0.2545035116129356,608.1529884533526,4.845704092400048,59.49362976783394,8.483875647308468,87.52125566095893
36.01175898960995,0.28357323820724645,491.75353379515684,4.466491343733724,52.04106294983229,9.903886329417746,95.60083219152015
37.10955765879824,0.32007618689501965,513.4091529364855,4.333608300574469,40.680852138769765,8.296676688314141,87.21035912680277
36.49723207615608,0.23790767134920038,541.3044085662036,3.273173117200723,55.1116189782139,8.331481471534063,90.09557834092287
35.18136438079981,0.2896934534155868,509.5184065064801,5.0077687024156265,45.671729888893836,7.904150703075116,91.02178813680078
38.85258695846389,0.24919398314893904,541.9666046519588,4.174416739120832,54.90233627519288,8.196691546495375,89.30295727701686
33.50430226305308,0.2577102709839411,609.870614279189,4.453001603498384,55.38209570088768,8.614507381143838,87.60093563216415
32.614815367124734,0.2792956841446253,449.07577525503893,4.255875124648722,59.516947946501276,8.733079231334498,99.80336020510708
29.074508552367227,0.27954686429878023,622.7859667564429,4.197842660423401,53.05944228978205,8.476053358455115,94.22173100841195
29.48778358271399,0.27246777595412175,509.17218972065785,4.123652844781695,43.17569492215098,8.397551281533564,89.93699402735432
35.443712887298226,0.27361198588268726,499.62244123927553,4.03718977907834,50.40584236416136,9.071880684210136,92.32049936240935
30.599552530882647,0.2679882712248524,572.7524527349013,4.077876454853618,53.79839758014153,8.214298171688082,92.15284690803819
35.127992103570925,0.2953557301470811,442.64277901822715,3.6596386393242852,47.87979914644328,8.399969667907595,92.53081933674665
38.15143069225523,0.31511125820593855,537.2915029945033,4.467714123856248,59.117798437253505,8.05366071601655,88.4517587140565
25.953895982688834,0.32877653621480485,542.7733757629372,4.683162781938293,57.48848187891655,9.150659856762628,95.68312664276428
35.94862366315275,0.2820254157188578,504.88767123636393,4.6198811757269365,56.08565203417155,8.235205842807305,99.53435762924121
34.43664572811612,0.2353001370288765,591.206913934723,4.795010080479159,54.4706217248145,8.358742336251918,91.8666738193681
33.381554920964845,0.3670754595458469,539.5088961424959,3.8046048356274826,58.67287103516079,8.508106298242463,89.03090358976998
29.184954667103124,0.30489509114846297,597.6425562327697,4.1506274758946216,59.73616761782148,7.786621075859909,90.01106678847553
38.415295272280005,0.2737677622377544,540.7827630906306,4.751040122101787,62.51385145454532,8.900555653289604,92.5631259708149
33.91940072338716,0.29143638932338695,499.91404314955827,4.665253532572531,53.63253145807416,9.058678656657058,92.29079159885984
36.58256984329668,0.19693744681066622,567.9845178374771,4.845934614086653,44.71906502468258,8.562286476849836,94.5963174760785
34.08662918618247,0.2085558483503937,524.4187525309409,4.029806617046686,55.33860430591903,9.183306923943043,88.73664344228777
27.50722419329427,0.2251483202367801,525.084990371846,4.374851589189511,48.212707506125184,7.746587405159475,91.16071103586111
39.635779534431265,0.21236775928752133,416.2443670026103,4.851963455714679,40.12954439370066,7.080705568365245,88.684065342489
30.77470781465982,0.26503315750771966,603.1422098188866,3.292261712473033,56.24039687374631,8.799699053548705,92.0139905947067
35.236404449739,0.21309412618130188,490.5167778593241,4.330216884026663,52.167260557985195,7.5764359489857105,95.44766944194348
29.876693674568358,0.2211999880011042,523.3344340824581,3.5781338829329936,54.55129485180863,8.446944238401585,91.77158891672181
34.90488511561107,0.2525208023092217,486.4451773067585,3.601988123178176,57.59339548387665,8.887921682940899,93.13883887407454
32.37442017323464,0.291526797453995,604.3569983086945,4.111364576647229,48.531342821349426,8.633376970014018,91.1230056383572
26.285729106199685,0.24984434730126126,493.1514336291856,4.547771041949489,52.3958653639433,8.027907821533708,94.8089716168453
32.3137206377397,0.30489995151376625,520.043009914941,3.7808230010933928,59.49920672099651,9.216382521716298,83.57408158647914
31.17254229672296,0.3125376411021696,528.1421421765815,3.1435177624300286,59.76216844406529,8.749894000335654,89.1436565148323
36.24814178398946,0.36166051004989036,556.0790783752617,5.213351357087432,56.469005726730245,10.045656262257534,91.10741661508365
33.05051535278335,0.28312518148853716,447.9802138516187,4.787092720021122,56.191435431384534,8.540421858348733,97.7515022259945
36.63950688500732,0.2623559149387077,496.2700387288155,4.0348757766425365,40.41422438342012,8.13925505067711,85.695087897283
32.015809322902925,0.2983889809107336,484.97956810828856,3.481324549161868,52.713555560628905,7.843112638939497,100.02712086094049
30.964192130495846,0.3032338251788216,496.56761376866547,4.183701640562376,43.34930847884755,9.242704344219788,96.50232885858942
31.854394830757688,0.29342182514538134,569.9244882577264,4.315788710570987,47.66725370628439,9.171607482632535,98.07505430927951
26.16039728459901,0.2185301190447388,646.4443549109718,4.669559520493983,57.53091720501007,7.53699397971571,93.40101743588684
28.90655273748191,0.31029830651833906,502.486260395899,4.925784408325152,60.932249201579786,9.3888008777184,93.34048709387801
40.56233752834952,0.2483581474704943,508.9103726502169,5.516093976234394,51.2068627593837,8.759819719469016,100.08531700779236
30.931543191239875,0.30292732938277617,529.398412324107,4.140459461607479,48.09650808903806,9.103039594759078,91.41006610304879
30.199913514082066,0.2982058477334301,497.3162561895217,4.018242274127961,48.413095545697594,8.990080533033291,94.81616797984759
32.97049206223582,0.2398738829181002,425.491070450784,3.306137217846855,44.019329684175716,8.740549242910365,94.0544698445393
31.56601887732044,0.29138550235268235,519.9691021196401,4.58381143085366,51.94336508431322,9.233081965824324,82.83864875951653
31.719924169413147,0.2177648402541522,549.4202636808036,4.648901072299968,55.08898804255861,8.280081762789882,100.33418380010826
29.975380433744995,0.2642164818056537,549.8082733151218,3.840376906894614,48.06042170607401,9.011163396273611,95.68084035185332
33.81893571957565,0.27054504095305626,580.9651073501179,3.274695901684688,47.85830002729175,7.739325780840375,101.21035006727317
29.206341772095783,0.2160212927179681,637.1005577784517,3.118175046849079,46.48460179955931,8.08147327308899,98.12478493301592
31.488436856989786,0.3055129609692688,573.1475675828351,4.816451402261632,43.0867973568751,9.782403303440281,91.720140963474
33.42932199079633,0.2775847582148634,513.5513182496795,4.493949595031448,56.915075211384334,8.105306946930103,91.55384698036688
34.965009621496,0.29355753485462077,563.4876067146124,4.2305241335422386,50.451384711986336,9.572210179202411,92.8691102854691
35.86402198838819,0.35938852122669,484.30893299169327,4.622070203793886,42.900967683617495,8.943558062389787,96.1243897004474
29.519404125708732,0.2100510813740189,466.2437438524903,4.33104413310708,50.89390368594016,9.347507490919712,94.09448791955356
30.022128449885468,0.30181401820759496,600.5134518039646,4.428724577682913,49.59030904721902,7.7564400096969175,98.9302808372738
29.53731999696292,0.37801492592117825,578.6699139516256,4.270123764469626,58.39783747366875,8.530444453814685,91.2450920754109
37.48107353744424,0.3394829195408764,502.9983330780014,4.907274925239079,47.548352876359615,8.156443071536714,88.93324598830874
40.519296527896294,0.3024252790006531,526.0684814038132,4.648765783309499,49.711888070003255,9.520375329164768,101.19122360414823
32.82453259497359,0.3676697579131444,525.1872870559301,4.665853490179834,38.110106363840345,8.594597203540815,93.33312537354168
39.08679887593959,0.278116592481163,530.9460733459055,3.473493063637351,47.86892029552752,8.902659548132974,96.42876571143518
30.53444190389657,0.31799092023332376,549.2945804085765,3.666920373286996,53.451686925832895,7.865474819447952,91.71047049503505
22.248691889941828,0.25144017142107694,507.55316548291205,4.383549591317427,55.76244234672005,8.314974389865084,93.76071242816083
35.43250112799962,0.2876780860736898,493.26033494981255,3.834888100817949,60.072733339615496,8.409786539909907,90.69158377617059
34.82718346390431,0.2824049039756322,528.4268795295453,4.60090665288895,48.78220059582668,9.148812534590173,96.46548578484861
27.96045601666481,0.2890650376128301,590.1532627020271,4.159679599602808,56.73712956470021,8.898361144368367,93.04361863084257
34.16929409847342,0.3033975915684717,421.3264761651039,4.014899785155987,70.98845898378967,9.398373451280477,86.58912350448665
32.5536780366614,0.25751488882952767,462.12811958655215,4.292898717752046,37.086546708937696,8.464403093912223,91.29011043168262
32.40542241801423,0.221517192998685,509.9371951156291,4.28027544938642,51.20567118484506,9.063343185673554,96.6308038532109
32.190618814437286,0.19304065499148337,561.0705790519953,4.347794398736872,47.93486455917143,9.471401224515503,91.03795755556871
25.475965712585506,0.23032541017629127,499.98293447288796,4.374730037355119,51.05776526107916,8.5596914306633,86.37906246074957
40.54569291287801,0.23889619663057654,654.024210970066,4.119791122964501,45.83010923913922,8.05343295849669,89.50236579946329
34.61355141811742,0.2615679875837169,585.8623635418539,3.7431454524298435,44.45430231730657,8.555905601477926,96.99385488692407
27.54323350521996,0.2991220798207151,491.7192778344433,3.9859572199682547,39.73736686036933,9.570935913928988,101.7928114723042
31.02350093655426,0.2874200870758836,618.9158193867056,4.024502750574832,44.385800586257105,8.673846395534964,90.49312049994121
24.481479102525416,0.3270476769688996,474.9293090139606,3.4369370857659964,61.84788491821732,9.098748962803972,98.45451199132928
32.989176024977056,0.24533754501933813,478.8546354057854,4.52642700816091,46.19107119072208,8.720617344009817,94.68469129219683
27.965256184193247,0.2820151110797645,505.6432925824909,4.2260011822517685,49.555247583224904,10.127422092326096,93.8770437169013
28.954703534296932,0.33435906941195703,579.1709076783633,4.678368415628598,53.483893785350624,8.149548749844083,93.28189907330737
37.16275985379104,0.28612216522055145,542.771437384857,5.13464903051799,57.054737673176916,8.464911870725937,92.24912490637895
38.38473723166724,0.2644931480149274,508.5247744961874,5.523417543139003,60.863842054115125,7.829354064827224,90.48417563686999
26.298033216204395,0.27904771596055544,465.6952609845954,3.9106727863635915,54.7604964584851,9.56931330546626,90.17010763729876
39.826469448865396,0.312927473534645,503.02835774290884,4.839237112383455,57.721680670437486,8.713316121222524,92.89753007426305
41.33450847238104,0.27898859324211445,486.6574746650905,4.414598263658894,45.51802375904583,9.234572398301122,92.14927991692508
33.05904510364083,0.26542226822986287,452.87780766211176,4.9760690005727835,56.793046295533195,9.29163733929841,82.80267549541
30.348204803585702,0.30873953618900457,495.06361739869726,4.779194725761663,49.02136629974266,8.798424394452368,88.14623120830299
32.16571423518662,0.2152238873087408,612.9163028074724,3.9117054780290625,60.401063422448125,7.808650548245515,98.46747928973765
34.13280055561174,0.3208937243272345,575.7859060161624,3.5729472940730345,55.603343462407416,7.965544056647833,89.03882328074685
28.59150145749847,0.30319213019670205,541.3582866192961,4.685089754773841,62.51073030688782,8.764914133049356,91.78643130207477
34.545124681702426,0.2895852347249991,383.66166998058134,4.5082302229807265,56.271185952362785,8.724309191037342,94.17442124194241
33.89147077650004,0.32089755995137476,515.5645671830737,4.545029186968827,48.20227868421945,8.282938257443169,93.23664937317416
26.07252342365075,0.31975721093230636,469.8929600484305,4.245140218921571,56.95602941246671,8.687242765481454,91.41748714102363
30.594660623179816,0.24389167500798625,636.7489369857549,4.994315374628411,47.88213849943833,8.214241337561825,96.48723637331183
34.893889866635085,0.3357261623528477,444.52337471633234,4.4180135196170935,66.45487601410343,8.93706527152034,86.34887721811364
30.74320618361955,0.40353846460042553,519.4235935450688,4.288282687808083,60.112907313149734,9.096171521123633,90.88537211547896
29.247006270228916,0.23549578706528884,584.049661658471,4.015981812194341,50.43849931822916,8.985916104634743,89.71264911851988
22.57181406298098,0.3231561817526217,539.5128029731404,4.861311512360855,52.81106452845754,8.525667011115981,87.83083406972459
29.755695704003816,0.34011926902279493,450.8976008540519,4.554278273895564,49.53974375309971,8.132377090136092,96.23907423531979
32.208622183314546,0.30594251211151613,536.1059516748447,4.372719319644264,56.718207729376665,7.804438833931287,88.35676073830061
36.52314690324572,0.2914033263172276,538.5239807810459,4.136172563585185,42.57377968298738,9.29622204162004,91.19821444789319
31.268046934846534,0.2613308263304102,621.4925119982398,3.9139492515415246,52.854444041671606,8.21203677852554,84.96428378813847
31.022315232153545,0.27106091832799684,533.0853846447284,3.9115939336080006,54.120274972291135,8.96882758694202,93.92132861141933
30.0528184661048,0.2799149107115663,506.6741167103201,4.448720943159714,53.13016325258458,9.135557100969379,93.62335208654288
28.14666633673403,0.29455238961374325,543.8845910243198,3.9940930211418473,42.52908530148441,9.084328669987192,89.40365221395048
31.660736105744075,0.26932077692146905,444.5722108945383,4.235746972054326,59.623625848890995,8.497066308778274,93.83693576852534
33.787484252993366,0.2796893122291256,518.9883342350041,3.8217944199799017,51.37838153927745,8.235434803420633,93.20360349048194
36.75056268412298,0.26635679605077534,650.8499992848158,4.7964217755701055,54.17957178923445,8.693027098646146,89.75512054910783
34.246196419935536,0.2855499989967934,524.1495054289624,4.074326337221923,65.42717443289244,9.171666949620441,90.99939958251987
26.502264823501655,0.33510345914291734,453.09929322655273,4.327597101182334,64.18278760489704,8.002230292063748,89.35601479880874
30.45763484499847,0.25639975227226136,545.8681798499144,4.601982817855687,59.42060941415092,8.708106071519563,96.63430895308139
30.886200709052172,0.17401336034972736,504.6216157486647,4.93319036928447,46.07267056518765,8.693387411044629,87.44449173424546
37.30481498825914,0.24020341940819262,405.9880438768446,4.159991246707087,54.02794522480109,8.348998380931757,96.28163785139465
30.17857798269157,0.27624050358750096,510.4522920797491,5.0237085983682945,65.16715369047915,8.20724128992287,89.4285096560677
29.862668618701584,0.2686359144644083,455.8635077885875,4.466980615483627,53.676412828208726,9.015209133730126,82.39983748094721
29.566653515011048,0.3277570530395009,727.0600464418771,4.59185397442123,52.51979379607906,8.33654917343441,85.53967317483792
33.5014783398848,0.33653419079121477,538.6979445832301,3.555978842421417,47.69863553147801,8.76454204613278,90.68894053837921
27.881120867812523,0.2742298358664488,418.8069929094607,3.8903223712276604,56.97214839061508,8.963222227958026,95.25440138571193
26.049007337627387,0.2532029088341933,539.7115794677626,4.575227791495746,48.08668106345244,9.833863940284271,92.88641931997282
27.748419142857088,0.2529563665266254,521.584445953748,3.9591056448074355,41.18809673908837,8.198315661444317,91.523953181029
24.595712354212182,0.35613654935045297,495.60061422918574,4.348945296633767,64.39428019341199,8.59071154234806,99.57043548671321
35.45167364465746,0.2802282207076194,565.8783878609067,3.3992503063242316,50.903001167700985,9.500250086813864,90.58261551295263
26.584436438999784,0.22374176207877372,612.0779242697672,3.672722203501554,67.67911291495874,8.613009724611679,91.5051144093096
28.763113597830184,0.3514506673051496,454.80139303542717,4.0082797815100735,64.13957634362002,7.893593036323117,84.8843372254646
40.802033907910406,0.1984326438792447,519.5635155208546,3.762923334977531,48.43798536185974,9.833791447392965,87.91306404262893
33.427000446146835,0.29819325032565513,435.0765730514328,3.7177023838604195,44.945599066302734,9.449295146205651,98.26723317469002
36.80792962870304,0.2982030006793013,510.02485692796193,3.4316806236766357,51.825301378506424,8.317025457246125,93.98671781924268
33.63740922166939,0.31397817342184375,508.8378523400388,3.9766877345784435,60.67586484418726,8.283602716847282,86.56981295107609
31.582826098779094,0.2596315863328096,445.9593187403109,3.641331736390379,55.105358838594874,9.41285073519235,91.55713423010923
32.17444195622394,0.27531056126519887,603.5539434445752,2.91522249775681,55.3330566108183,9.430645654762422,90.43376925610285
28.87297867420236,0.2375934003987727,544.7286453737548,3.4808810583635332,54.086603290517616,8.502736675727046,85.96206476102495
36.535577975327016,0.28078507088639526,476.1469189600801,4.66045325344632,46.942489891682584,8.964526041132531,82.19184352355501
28.558212927176996,0.35703469895261314,446.0444555443104,4.584098599102921,54.86117175306759,9.454440408071282,85.7189053289714
29.270449218124412,0.30690141962755646,543.4013512508529,4.152118683120118,64.36268653585415,7.705503312550015,82.75561052489007
34.84571311819596,0.2572666734683567,692.6803262887411,4.456611500835596,46.05447078170206,8.612371352479489,89.68359774934727
34.401411840292475,0.284344999633561,511.55773707508473,4.3224453588014145,58.754103914691214,8.529730160106867,86.52978816353362
35.297337364632455,0.2861852787672704,516.3892459809861,4.128428107747687,53.96386669202251,8.284979468127752,87.05010569910063
27.846249263536325,0.29495281007752044,484.64905367400337,5.04750878980253,61.32752898361902,7.983210879001473,95.25977808704371
33.8489781518836,0.21596649931932915,453.1551432597915,3.472139592015148,54.463171440046324,8.767630971903834,96.9103884595526
29.032857323373957,0.2854501914127901,566.0418183970359,4.432931927297375,58.603050807519416,9.443036775768068,83.54226422554872
34.7462715286525,0.2945840149694774,524.0877477675737,4.07363648750965,49.024837890471034,7.684766792922456,87.7714439318718
33.26613187346393,0.23558824916099205,551.2013307052677,3.9648071693261326,48.277454648693706,8.04180746546021,90.16379646020076
33.15938604609089,0.33102809410860273,524.5771027890383,4.055902869190164,57.91420218354547,8.170972022716974,96.21697589541002
26.227265269577096,0.24229392574623715,524.0243378982876,4.48684954817134,58.74504631832793,9.124587595400184,86.1087530946292
37.25533603982147,0.2407773537342089,521.8613680701842,4.139366988384406,47.470804718639634,9.111797295927111,97.83653422778009
38.63429009399959,0.2764576478829312,450.90039393083475,4.005450184955241,58.335793177938754,7.380571288278804,89.47493979285798
28.670049509396204,0.325630496447949,500.1041152017249,4.6026158962846475,58.40475389461842,7.77206271039843,86.84172510243602
29.412680202415316,0.32495342453183274,506.15210347991336,3.7978445629504525,50.038084566664836,10.058636568689929,96.8128297493814
36.1557103884692,0.15381528648414483,439.2652464545519,4.1925072503465755,39.74722208545145,8.646681272558611,94.86332830577416
33.79011544100519,0.27457962125448965,501.5949826056072,4.360915164227505,50.451444725383936,9.04350421728127,92.16580785371495
27.206770018878025,0.21128291011610095,455.77881399140364,4.6511431995799715,45.73131088428041,9.325868526299521,88.8611345350174
22.660880960887866,0.3126975104168071,552.1008506530322,4.382839723325485,54.85573044360298,9.116138633023962,97.57414624491449
28.472024117836188,0.2558768780986493,574.5257011088925,3.9440846620653778,59.15019612583442,8.733886186442476,94.72362391845402
29.694967193240586,0.24700263169415082,485.4814994614353,3.8805744107486744,50.09298833306297,8.22404072444621,98.32057010782164
27.185663065882686,0.3093655565734179,527.950625818024,3.843615124872771,44.26696186740724,9.783559345762386,95.93006175634912
27.612729940577523,0.21208642463485672,422.1739180049526,4.146644272849646,54.24758208615348,8.878462452041813,95.76703562696933
36.02690595445029,0.27186451720229365,539.4463129218043,4.677652157325474,51.03607158709881,8.471447427503103,89.31357113957425
30.869212607928244,0.353998906646346,510.3705384823757,4.623574143235441,51.240834819749374,8.946534062679309,93.42174050757255
35.32122414275738,0.26900611031577,524.2456364958847,4.2734825711457916,55.91864816594402,7.237367325616849,90.30910529592254
25.292232274391893,0.31556635711050396,436.66049203774264,3.6929576814358147,47.07844299115502,9.484918866950002,90.64412470547063
30.22287897232471,0.2868274140454548,474.1883152638179,3.3194941665290707,51.66774094727607,8.421765973934859,85.18164980053889
28.55225826592852,0.29117488402178154,574.9974340290994,3.060699623364734,46.48213462013312,9.515833612542746,93.4955494309215
37.47129162497646,0.1909156232316892,627.0110303323477,3.928917762534734,42.15985690688471,10.062026011588195,92.22795163731791
33.37158441668326,0.34694922003575124,556.0073004363271,4.475552595428127,60.089416353143854,8.470259388253375,94.74658867717929
29.315082326855475,0.24442969122831007,632.7197931328333,4.482844983773421,49.36158782233092,8.05523756690981,89.89081653042989
32.9221290373994,0.31609709582948503,601.7855576682459,3.373725676280495,52.90432521607873,9.014231238475988,89.47888601497132
38.197769249435574,0.30168037313477736,519.564626942419,4.120345321893144,57.58215874370403,9.466408071159908,88.44829513075187
31.38802924126587,0.21756679585299216,581.8591335006091,4.393240534961829,60.50487117968176,8.831470287108077,91.17526000594319
33.975985178307624,0.25226548448694597,551.7599191516799,3.737570729070069,56.247988022755806,8.992287938952249,97.03920829327691
27.044647271046674,0.23067361738733294,506.02501653364794,3.5050222749693423,50.96905112053829,9.421753503182044,91.9351301457945
34.587125532750946,0.2045424060458749,519.0389113068214,4.471643573665247,56.75903074229831,9.259228615561403,85.4431941218826
35.49274287097576,0.3180071732365195,532.3669404636984,4.480371039911488,61.26862008751708,9.321705975732591,87.11265078953495
29.60967639772557,0.3410404766201565,578.2888331910433,3.7838596632577546,56.58784519041372,8.812614998458004,90.84069704524616
32.75979583077569,0.30482816311203687,499.955925999356,3.8503300433412146,55.03280293926824,7.957171242675449,89.61098224457496
34.99589162983425,0.30282717352569466,552.6795002980825,5.300050279528298,47.532175053441726,8.76944863082529,95.22792868082291
32.03482113278083,0.32985630770506846,592.1665116004292,4.5155542821487815,56.022154528684325,8.162633836297337,92.77659066279202
32.60030771222038,0.3191474141064107,509.0070765990037,4.612816541383088,56.31109788567882,9.478720290788065,91.15161099156077
29.707744706838177,0.3130461470873816,440.40413000362213,4.985631245279182,55.78697595186374,8.917488088948286,89.40206717281391
23.80475786033074,0.28778247113439187,624.836333615188,3.5570145146201604,63.09295070163439,8.653362568958043,100.73992183743188
33.195877005612196,0.27233926502927197,478.96011457784033,5.1393258771807275,47.82836728471489,9.170337784167092,92.14652578908883
32.676753795884935,0.21838049395459586,525.131433233996,4.78586484011806,48.82680108231834,7.767843935062421,93.27277222374038
34.49338908024999,0.2264380219117072,544.4922051442544,3.709079934759941,52.97356140062905,8.17905916658502,87.93289120571013
31.56370325041995,0.29962553505036954,630.4379862448334,5.131652344813735,55.05848315032916,8.973113371673898,93.23387071043948
34.51260184674095,0.2833225212281633,654.7236289827711,4.002661770317271,50.900483824552985,8.54818345087575,96.77057034734823
30.80420721088918,0.24472109037394327,500.8022175773249,4.5073777293167625,55.26984301353795,9.219208352407984,88.02957688383646
35.81291200449303,0.2547002955244345,433.0468438785444,3.857933399470615,44.59277406770965,8.263012606885496,87.67715419453815
33.707277173002254,0.2488646875773695,542.9003880932087,4.028527483623653,46.169261651451166,9.311033124694399,94.32567582445603
33.41783237473499,0.2354473164776753,537.8869429414821,4.418765123422649,56.2845682631974,8.175489523618596,95.84336125367481
30.25560939508445,0.25608049073057504,544.6178382361926,3.7447901103438532,57.453385534958365,8.586848259188768,87.14763245141067
30.20614313209849,0.30527460866095435,621.7097731903364,3.578580512803279,45.34493225882923,8.849326805680938,96.80116341657734
31.20745788020055,0.28802577374699767,548.1795674690892,3.2285898935053705,49.348848529999614,7.655069681811151,90.14407331135043
31.43741739760216,0.2131243461291966,597.8414420764633,4.731675627420019,45.29492672833463,8.315841765192703,93.69117762453737
31.140580734809646,0.2947268276401293,556.0451601815212,4.555123928256026,49.68780337447137,9.483561037766062,97.41792970579453
30.95546378119251,0.3317298827168852,491.97056065312324,3.0237210496953533,45.48211215027726,8.570256066069689,91.5455707852203
36.91180770617138,0.259568440639679,576.7797484808373,4.598794962782479,42.844742174307,8.747630995973672,87.02429085713212
29.43246580920705,0.2636456293737817,433.7089530512252,5.247764003640409,46.32936350834178,9.225677490304916,95.57864786496435
26.30436497258439,0.2101606213060631,590.370907543039,3.2712351185926383,62.59427800294935,8.253786054967755,86.39723745885536
30.257870283138175,0.3133480524920545,606.2976850846807,4.835326275369175,48.17404434538592,8.957702919084827,88.28993892813077
32.4635674733103,0.27879374426153114,456.7314794736684,3.455032295383666,55.99181549788325,7.4601428252082425,91.09848403761043
31.82963449624218,0.3100511768875134,462.3880309634642,3.40706047148814,45.3620203507692,8.821556896955762,91.91018619678134
32.819006073615384,0.2953989194611631,622.8443444229728,5.0266456370010815,48.23985368639754,7.901467214884155,88.39838368689955
32.009879303744185,0.32122779425717013,498.1156834426172,3.525108557051452,62.5465076806703,8.034353088378428,92.71627457863364
35.158789828279254,0.2786248557726435,595.6794927697266,4.888177040776262,50.83070698862404,8.510508279923,99.2175541592581
35.73708940353072,0.26986145411971807,513.9957181124106,4.786107313430811,57.03567191845193,8.53194010472245,94.36448161823388
39.53457645466992,0.29524148863939903,480.09660682016425,3.554529267444714,51.412071624683406,8.836401890764893,89.39843961345282
29.696234378440597,0.2963495000047587,484.0284439858162,3.8022019227775927,44.81561175781481,8.660935030452967,91.98618719802487
33.04519219291246,0.3301355443441796,585.2195771959966,4.9179991608335305,51.56069809899994,8.631154135844282,95.74257451205192
25.16437257671795,0.34200083151936866,504.10139972822174,4.08301252869156,57.640416433117785,8.459165922482494,91.98770752065688
30.606765820608288,0.21562060784729703,570.8551681496411,4.333747487283469,46.55073591990956,9.438099655573577,94.50058069135467
33.49537924256301,0.23079417964715176,475.03389318013274,4.18684931232614,65.66167753514063,9.182459470092919,92.80736198262399
24.10737518026539,0.32629362331772016,479.9002299150004,5.087064797173515,52.02027938349379,9.497067604513354,92.10111316984138
29.454609217887597,0.3546431345457348,592.8977343118215,4.5894249593827405,51.53892178089126,8.864505489013052,92.57108699244802
39.133708507590825,0.3310642620622177,686.0312493863761,4.029605045693164,55.27510394799445,7.590621655848034,95.14146195859028
29.04996975673272,0.3052393636894595,512.5817688981443,4.545975712167162,55.76436979590787,9.730121282243033,93.68202091614964
29.270469467203633,0.3164944457346147,489.4617500315005,4.457213770500104,50.59881200957652,9.60137361095035,92.55803571615559
29.886886133825183,0.24293346341703373,580.9483767068075,3.9550131526163965,50.03514485080239,9.415001417961935,84.30117077476487
30.047696128515287,0.34490176209805334,437.0232719617805,3.68016811748332,52.831721686173076,8.555827000459342,92.34871465675009
30.86951664456009,0.26327402860671356,459.2824013862863,4.914815082037972,50.175580821446644,8.33771094001758,94.7767215134591
30.62875817791054,0.2536505735977826,509.0774227613838,5.069577595081276,53.33007803016759,8.49155853079667,86.4162843035198
35.33098523807042,0.29696474355107416,413.2064822218276,5.236907927952782,53.42494244140351,9.194176713669503,89.72802553123401
30.991382089466924,0.3407062094177692,552.9595089544969,3.638004326352119,46.07642559881792,8.508623268031869,87.95722975341207
30.167420987716508,0.26301213020433856,509.675447227699,4.167128080275352,54.74471656940195,9.10306601439269,88.12137833537571
30.865297272366657,0.23932342039792528,482.9120576988204,4.195057562868646,56.097479049139736,7.990201993407382,95.06017507424413
32.89972364483009,0.30543920733345914,492.177587717387,3.2309660256641246,47.13878244556527,9.390559066875062,96.18397322898196
36.9027953282201,0.3283753541054556,558.6874128576134,4.765848325747572,52.394805547572226,10.117415960252364,94.22430068897013
36.187555481072,0.30825546663828984,497.87624692338,4.4974488512075546,45.47470026494301,9.013690791789854,91.63431325294971
36.1306025986212,0.3376750554408221,499.28314711284384,4.755606630262932,49.28254562783564,9.15595483310765,87.27300536506581
33.20821268536885,0.19723941300832007,432.75453747767483,4.159572775704623,60.39635101705595,8.191489835990268,89.02148981053085
31.846569750932343,0.29995013255202535,601.8700312697817,4.125971261469116,52.83185368902817,7.640104439682235,93.18361107908929
25.62805926351383,0.2666019074552267,606.0302837313523,4.42384992319874,48.75210983068134,9.14209166013332,89.33845357757582
37.693867609522265,0.1994115786509273,565.76245119827,5.078590268387597,54.88734350337839,9.462503779288781,90.74737508730837
27.94516797603603,0.3394493062278352,604.1752721645825,5.1590723825214235,52.11504667461652,8.34193641915714,93.45627064708384
27.147739607853236,0.2644094676471656,566.7362204829277,4.048875967282589,48.31807090693414,8.093956081580888,92.6465607843015
28.791712721686288,0.29348705310256185,672.1033125255533,4.990373518646283,46.55046627085508,8.627886743467604,88.43825928137862
35.58037428238858,0.35184120251407014,675.3841714337473,3.3258291684791694,51.40248119975916,8.51684600198396,97.37583994694522
31.215126509662586,0.2658862376056329,552.0703550035109,4.066378362742428,44.587702188141385,8.88413785936586,91.0277186257196
33.775094613107676,0.28650569733414916,454.01712711210297,4.619058869225922,55.20875113533055,9.056909191152439,94.83883070283522
35.691133725103015,0.33335420619298517,480.90793646248875,4.083642377274904,49.79999550345689,8.431196050026161,89.8241388973796
32.26777082326239,0.3139916636892665,491.35741863677003,4.288081680302956,51.910612570413136,8.44473534440158,93.37209851622492
32.06808538709839,0.2445429353441073,533.9597659463063,4.992753852833087,47.3629486957963,8.454119117418625,101.37417942340142
34.41007888196522,0.28251249367468195,479.331542541409,3.1738442617250975,57.339472460872315,7.515352732316805,93.31197109840456
33.54547978639208,0.30612881665202907,539.1319998615332,4.68049866854547,53.09729927901848,7.952620593875005,88.01145302749877
19.479742532146815,0.2848715192919276,477.73381478663987,4.33230732256086,37.505519817895035,8.295612687135266,93.98735178329402
27.31221577979513,0.2991307384420384,494.0940827397983,5.030104021642451,49.775405669855985,8.63375409810423,93.68316725020999
34.328692413957256,0.3505568688982078,428.7742412161657,4.161869089416841,49.79875645292124,7.9859206937662535,88.7191685212355
32.252486940760896,0.34155471355118827,531.3889706308904,4.530110981600324,46.94235756649062,7.847648281179472,93.6975437814726
33.864346458208935,0.20857373950160887,617.2352450388371,4.142455210180568,48.14107981911224,8.946990889458613,86.85674485297604
37.068859822262695,0.2910070872745039,502.47250834243926,4.238065355473987,58.86757934991825,8.734993274822049,88.08863178350728
31.310703819883337,0.3101653122664343,549.2949147269793,4.275483755779843,50.582056759475236,8.180425487971823,92.83366863732199
30.259684139772343,0.22269564183512,502.92586154302023,3.628486441324624,46.19547135989484,9.022253528219824,95.08267961514031
27.54318924260599,0.245079557263648,531.033621194818,3.712285525680818,59.621153362049625,8.29965803661475,91.8278591050611
33.12302912746465,0.26452849937742645,543.913771659624,4.284467442261789,49.11293261157699,9.740162891056812,95.48368372490609
32.55721519317629,0.26534177817251436,526.8736834825293,4.423283521151298,47.26192013558138,8.163733978498371,98.68978541279303
30.806535595142655,0.36254102617897277,451.51167513993454,4.045045932937941,59.404323211844115,8.988155817400845,87.01204877492052
31.685885163032776,0.2991031639290297,556.7116883470563,3.3518148020514373,47.44031842638914,7.527848298497095,87.11646732713332
32.56606362393533,0.30402005006996796,484.0040818543809,4.780169950593592,63.46070803819713,8.085203879364075,93.6364509309804
38.183071395425976,0.28657706847020775,482.74831106799513,4.064290376803216,41.446840332447294,8.599895528788391,87.39064109033411
30.15574879854029,0.2945634108710521,485.57165805086976,4.247196400295195,53.52836295101299,8.504344455984011,95.83422520295203
28.951523967884903,0.24565576283536714,568.8979321347281,3.925334489496907,45.86748540761335,8.723847021311197,90.87707814350942
26.80501173580489,0.2910625846318197,566.973939974291,3.858988464759176,58.606123653188305,8.43799894690874,94.44875455854708
26.023155075337645,0.20670611813547843,450.22185282671614,4.59904058983997,50.04423317267411,8.623756196292373,86.15198331333887
34.130673814229034,0.2515149338105445,492.65636716433386,3.8638776965172164,49.95504346506434,8.435289881457145,91.55152698456483
30.104414937655704,0.30396895874784674,616.9176532933432,2.9404415628282736,61.25696741902638,8.11743096843765,89.19914411604726
36.25650541869615,0.24977704509409085,578.0558552496354,3.66687198126332,55.10152944268694,9.006184700928463,86.14259893847283
33.90078541900425,0.25088401366599034,449.7495308760693,3.8945039074102046,50.193375468246686,8.057293652011186,98.41399892377045
30.83625657535106,0.3384237389184064,508.5437827674986,4.181706719997662,60.51526650403198,9.124312058867044,90.58261885741827
33.0148308352597,0.29614405502147306,506.2574423021151,4.470342684588822,48.461080223193086,7.031210702109026,86.20640082044851
30.85897600567872,0.3140061587892814,492.0543859833524,3.904498229266874,66.91455886100485,8.89988499306031,98.21880856350828
32.18971953672956,0.23375757270451927,485.33784456586983,4.8162185191088,48.31400157535944,9.186763057181594,89.4838088502638
30.179613020075976,0.30485403610981077,473.63678108140493,4.271446438627403,53.29867825428762,9.503199162933587,90.80699985844504
38.9814905513542,0.2971419698919201,564.3997443595721,4.726938788880959,59.956694947400415,9.982577420081165,88.50124056951807
31.3970792473064,0.24104132903050401,399.94953977047646,4.0481855911450975,50.97342146442578,8.810869589418177,96.04479599116799
31.492008325802907,0.2960034754177672,575.9765513110362,4.632783255672817,39.94849963096479,7.902521263428523,88.54823868924204
35.80318118663585,0.385229587660728,488.8091068868119,4.301233314941558,57.40652592429757,8.254060960458544,92.77269166455012
32.87219984511067,0.280652484013689,492.6038974922287,3.4304355904920154,50.459591354134595,8.558024604181371,92.53905722995344
29.518715865720125,0.2830238074769388,538.9481792245631,3.9264276343754654,53.438638026962025,9.11282242170993,91.09587199079925
26.315036226366537,0.2855702201300616,513.1734308980593,4.121863760533104,44.347214470284555,8.647754086040623,93.4120988722389
31.009258308534235,0.2613150185384146,378.70446754287605,4.359512135985157,48.330058449844756,8.63127638906294,87.51303915029955
36.98033339291184,0.2480357857777912,506.00178361230405,3.0915847432801264,49.655420858482195,7.951668941623764,81.2019316419017
32.92333325224447,0.31407363603031235,520.2708979472591,3.8838639374486705,48.805794103298005,7.811902951236187,91.24470053498861
32.17648254806426,0.3328727828352205,522.7228234615726,3.7313275438598787,47.01286165325082,9.477586889572569,94.35425592836445
39.621172160684225,0.186337205111253,484.07947256919175,3.6393423611312006,59.3981741432468,8.883003889286558,87.17798271578654
28.339775818309857,0.28574704431219056,450.74810224597024,4.474495296839404,53.055156942510465,8.65515740807181,88.84595313489021
34.19556435738035,0.24672509637931017,529.9830825166121,4.447720471580401,42.18362881237479,9.445108516656761,93.04880729715889
36.31213898555582,0.33589568419331867,605.9839294717658,3.8819233328224243,53.95605530987711,8.775771461156358,94.56582615467653
28.029918181950116,0.26883232706718363,582.6432103814024,4.3043199212759395,47.59902490250543,7.438625620180757,97.69406739472716
30.185772340937742,0.23057304922382535,578.2175831110069,4.587869469484669,46.851665597832515,8.726119066665353,94.00497539484883
30.40381225610857,0.3009998032963917,541.6279958759368,2.711862254975946,54.768313411855345,8.605462197397967,93.38236368621709
30.191763564557583,0.24424369112608627,470.5418182030245,4.918670311835592,57.26617521664397,8.840990929053838,94.17407471481987
31.480325054645885,0.3034345008362693,519.186568047635,3.446659421445513,45.938351086393354,8.379906052029428,89.1435458002065
30.641707490604322,0.25921949200887573,600.2923603774736,4.555394159108967,45.13029597964116,8.228090711919206,89.51437275130777
31.832521827831314,0.2495622019952937,563.5320891174689,3.2484585469075773,47.52307458416456,8.727797034589598,93.39027080292567
31.510234844300822,0.23229369752222434,509.6159029413143,3.9966431426877187,68.60224682589244,7.766148456983192,92.3699848127269
38.4680198299795,0.2561412630750443,510.9206790067995,3.622737556203004,61.49551674556253,8.782829569293487,85.54809530597623
36.796593757710376,0.30462684839628296,550.8158857324006,4.07457722596037,56.13322319533366,9.42943100072976,93.147310213447
29.69582696265327,0.3061343243388183,441.6349855800772,3.834756299955109,50.56114924432039,8.00758696106682,92.69825074441493
31.573346041256144,0.2976623566075317,633.1753448499459,3.583441636864266,43.04289481578921,8.313921753624241,98.06246125569213
34.042337800240006,0.3330455324390342,453.6649218121625,3.913371129551418,55.391795843424234,7.848538406401922,96.69019090208786
33.550579293364,0.2700490332466655,590.859526168899,4.223989381730366,45.349129773665666,8.299403646064134,87.33666123066772
26.83962848662494,0.23016604620803086,549.9525007195401,4.461707860830779,43.00687171346752,8.225232146863325,89.13153943953928
26.81138720568164,0.2283819124875931,534.1992504071529,3.38613944260878,57.67267578709593,8.736222919689409,94.90990267260925
33.53270420728373,0.3065058778091455,449.4172216343255,4.0232053283916915,55.48041335474562,8.57077200396543,93.21794851590221
27.90480328004818,0.23604357470074622,594.8218633930927,4.197947431710847,52.55746950312716,8.666432790282972,90.92406352997423
22.99715948495262,0.2599473859743921,580.4812988157981,4.054395134496027,55.20963669565499,8.916625485906327,90.83262300174373
37.60502627496796,0.3166616914116449,592.3938378568469,3.8925933734598206,61.13322558311126,7.7772723170081175,88.04461725662973
31.538885215747293,0.28641371921355363,588.6446999788014,4.347506968091309,46.71398779480618,8.654138724537946,96.50203433496164
30.110122060007406,0.3604524751367685,541.0675240531857,3.77471275475183,63.193052008052774,8.555943939391609,94.15583107302305
32.26716264986376,0.2531085918160552,513.8736849830863,4.529672922155499,57.18354010513446,9.325645700895095,87.36264802946647
31.786349974881038,0.27011634888245545,528.8807215437712,3.839627665396354,63.97474981111514,7.192053961729146,91.72570099825369
32.14963498964033,0.3575117730928774,525.3210944086516,3.8819050618445363,57.712869728269155,9.773331857216732,92.65172726043768
32.752685790988856,0.280442619849483,569.4683181670231,4.7372086527213755,52.053417354258414,7.524439989951748,91.11449598833005
36.667711272433145,0.24583841078162688,472.09478531719725,3.554313367146391,43.5812039157914,7.995617224682043,94.71060832095442
34.389343313541254,0.22423245539139522,498.2757618442131,4.406972450443322,55.152165014175836,8.785659022661632,99.30156940057324
29.189498634016992,0.27887193470309835,440.29680580412764,4.7976955225966424,61.4124519709143,8.139845982901775,96.95670186019713
26.47630920584293,0.27281990310335713,545.4471564192806,4.613143325009422,62.58930328283763,8.852634695454482,90.01650287863366
35.23730168450341,0.27130959586608916,396.09297744985207,4.4288761126819,57.68389687273003,9.235639736224735,91.06066985821462
31.775445394784022,0.27550847316968063,390.99128068080665,4.5175509232881375,56.941222954943285,7.85037885769895,89.84113523416194
25.9537084285667,0.28144646490977615,630.8389453303771,3.431806593549366,42.83806191695666,9.316172863825356,98.3129423759047
29.364992491358638,0.25832405709634004,454.9001498677134,4.369603639568322,54.841425711110126,9.211490663870157,88.98449051214007
34.25439283917147,0.22147751357851508,590.4174275153318,4.765524856435108,42.55986151769971,7.753931753615825,92.01760011719233
24.24378180627027,0.27650933336241035,549.7119461197805,5.135534070021727,54.54923118518256,8.920426304865433,89.4300388002009
29.376604970309252,0.31667854294319603,634.768953972119,4.159653399013144,54.10592032970878,8.223590794553052,88.55915998238088
33.402541026712186,0.26510207182113676,499.2664633511795,4.030495858784234,55.53937182714951,8.753195943915186,92.74405058454477
31.277247149354388,0.31233462807328144,605.3383975229868,4.3737365490343,58.02755956280342,9.281110934872984,85.71700272716755
33.38691031972885,0.29270741728535005,650.225668130435,3.828341393408748,54.49854215368665,9.208945305926928,85.84140006126512
25.57840449150029,0.2770223435613324,596.0456607499241,4.772402232453312,54.16972493490968,8.700076024113223,101.07910815524991
28.33941266895176,0.2780397425280599,498.6773429368067,3.4911731309474963,57.91967757234276,8.472391594388467,89.61476806036018
32.68969250435155,0.22624467414608707,536.8930547579205,4.804230161178396,57.46891246999763,10.142297930191843,86.03564290233003
32.524898947440775,0.19911733951751825,498.26765491636723,4.576636955529458,55.889636815145245,9.551798375961393,90.33310818240152
35.483103927019435,0.34563940302767354,573.5322842945712,4.328273507794508,57.84798003751508,9.065311544370509,88.29164576457207
30.735664450700792,0.2611143848764486,565.1085565824117,3.5875211200433093,46.93335814029876,8.285363023412827,97.20834565827418
31.74196496704214,0.24472649456345005,539.3854973652222,4.1490031775042215,51.90530815711161,10.030448262424724,90.58144491970411
32.20784896468186,0.37544181296259566,448.6272986556993,3.5266485950057644,58.60326507214853,9.155630145099433,94.74578026109465
39.70510592637809,0.19981657509012174,496.86373674082955,3.77049974874268,42.58863508063793,8.19875245514639,92.89696734653218
41.52122763442195,0.33281751312524294,533.3766378145922,3.9222042398213675,38.55302309078877,8.233277164009774,96.90902754363435
32.31369518324759,0.3354185105310358,528.5741163878652,2.8423578816622896,45.20012276563811,8.499791364056652,88.33959216805613
35.898108316744846,0.25994476386196763,481.25187828055886,4.439811305881622,55.6931085600152,8.360885031313055,90.37220420285273
28.302232326009698,0.25337926352821094,660.6783463450496,3.7899995697606554,54.41138145602562,9.672857184099142,87.58466578838687
29.99122374610853,0.18406923540689482,612.9306174004173,4.420660415182706,54.845501203958065,8.423831176240098,86.5998883887123
34.660712696246804,0.28046757591147303,575.3179753136474,4.518988050301444,62.15345732387417,8.506113321180992,94.87340292961412
38.794509923025004,0.3148159947410174,496.38984205727706,3.853579784363975,46.83479153378631,8.113738978466023,88.76677012386467
39.31755792795659,0.289149074699172,601.6603878309053,4.630571895961689,40.59928473609432,9.471590446513039,87.4019924961564
29.990654410577122,0.3048083054506595,548.8489269439527,4.49382323863664,53.11166212107604,9.376437037310835,84.85250287520154
33.25523389900739,0.2733853033033707,573.5449167146246,3.8540172769308048,60.76339454328371,8.651807076745435,88.82284033668833
37.89763804475892,0.30777733422076137,593.478723041517,5.063022437240838,49.14141523928044,7.641739431424048,91.89963045676485
36.92772305718273,0.2516645470147776,438.9218135503262,4.254820657725664,51.184230427799875,9.8437583097166,92.79126474775796
30.886841949037596,0.24575006094485713,561.0792141197495,4.059158758282943,43.52500989754236,8.02674099942601,91.63585139781539
35.50835616580454,0.2897520775751247,474.5011353358627,4.649762527977915,37.93910995088346,8.16327692460748,97.3922131602516
33.79107002356046,0.2947128097194235,604.8511037393196,5.104616789974143,48.673128383581954,8.748053404219517,99.99263568809253
35.48363832160665,0.28773319696991445,623.2733048232594,4.388314120314781,49.881487325734064,8.007517210284353,91.68220527180908
32.59054310328227,0.26077659265118225,524.5794853036263,3.3172026506555787,55.85212423776471,8.007450776220235,92.49126777755815
31.555343714312283,0.2949285907525147,550.9782039656365,3.3218206600240547,65.44477841293516,8.421083160500956,99.14962146656177
21.86147711786836,0.27303273022753466,500.2789443476031,4.366004478043426,46.38971784421321,7.682838135953172,92.78389489414774
30.312252256474927,0.35199197203617094,542.8069991864054,4.156449091944361,57.001056810272296,8.739589428331447,90.7040265010343
29.032689032165585,0.2782602468242943,454.4276946640748,3.751379980341328,49.400473974057405,8.834117258219925,95.50848321396933
37.72215923634369,0.23216348177104387,493.27230974492227,4.649127178857247,53.263518173441646,9.294950010834896,90.516436426764
36.29900951429376,0.28009632151389885,593.6347652450107,3.1914219548291625,35.6921627568035,8.396139458655014,86.3665195342367
27.948408729465346,0.2806433608764239,433.1755001891772,4.31551934834858,51.73297887264494,8.79542259607358,85.33512841262569
37.18741966024783,0.30776821692828615,448.34503161131204,4.470042944179077,56.33843558328128,8.171619791744163,97.2146419920011
31.842522426420764,0.30860036311674466,528.9569805615885,3.949163836327814,43.45916645001303,8.721534556197755,89.54123397397196
32.14099096256134,0.2088673599615922,513.0896936305098,3.594646627105184,56.9469339369836,10.034340794476504,87.8015589777977
34.234871635970514,0.2903099978422665,423.71061629218343,4.201327920257074,38.44134930041263,8.768574737314239,90.31659128380328
35.62099333861844,0.28431122136439224,433.89297098043744,3.983184219895503,48.92207704784593,9.345952889097818,86.12838563912536
28.56112974997732,0.23810852362764529,493.89120115682675,4.9557563569207,47.66971273190056,8.780236652298534,93.94902165557541
26.751662460855304,0.3646497603158162,443.6558862898846,4.622422197469206,47.01386888476701,8.348498283894642,90.84646900340425
34.131412820873535,0.31876787387339856,446.2949966184641,3.668462495791552,53.818252555074906,8.165017908101044,92.26120479477154
30.717933450008818,0.33028644619222186,539.4757630036834,3.1951596871429215,56.11857550161039,8.01669436603471,90.55353733821934
26.13973080706514,0.309974172943435,487.56712203421057,4.3895820885405525,60.80319936754151,8.190196372697093,92.6778296862676
32.52037365492428,0.31865119129348923,609.5714782677753,4.224582808570053,48.546196969581764,8.368903690887487,88.56970569104064
30.12599885205981,0.21540442216489408,589.6368721554541,4.377537086773087,55.17496442792855,8.829583807041445,89.14047495439156
34.48673058755372,0.26376134034201126,551.1043467077714,4.233390527753844,51.99172399365047,8.433040030922744,104.05639643119783
41.630753843629414,0.3191311049364551,515.088274642789,4.108260085630961,57.20819336839546,8.93855038660267,89.43946092730874
30.32285376486288,0.21889824635790023,451.8928353675048,4.198829078781086,47.89405698980183,8.082381710704523,89.7096105331489
24.649652513856914,0.2592902464063594,647.593561339364,4.568886643539131,55.42392737023257,8.519350899847716,85.4305600477384
26.51557941068581,0.2792620756376188,526.7356902390175,4.157379197184459,50.83777225531317,8.786422966519448,86.74101539299596
36.78126240037353,0.22506448979920518,613.9256528777513,4.746316767892697,50.88837572133647,7.397163058779897,83.07349448971682
25.348283944823688,0.2743186225969928,595.8851402112342,3.32407525922812,42.60162795544448,8.123024804317732,87.5571242292439
29.22718259342546,0.23380098852434844,557.1377363918081,4.069023747896714,50.17049461433733,9.197418609573468,90.62172490397609
26.82898515977305,0.2364471588680706,522.4116440408202,3.585590913398626,51.60272884251804,8.606204469867654,96.712889923462
31.73011225275191,0.22529607017086012,625.8540318880732,4.391180909578736,54.71188709043675,9.102431554124903,97.09987657700384
29.90302899522776,0.25397194193100864,414.90639347543197,3.7200811568345573,55.14941459027146,9.21957681418194,88.32128377992481
29.99883281216597,0.2911463239582589,597.9637532667248,3.7855752930478155,42.83567986387125,8.821357025940808,87.21445626822161
29.336890679339696,0.22229916641133268,492.3150640549575,2.7985170075755987,46.00473042016816,8.899129375533366,91.87611632989129
32.475124628217166,0.2630135496460672,464.0910242865346,4.052689547552848,48.53998538523606,7.461391187140146,89.81238060269074
30.402825957127344,0.3616418456563471,527.1829137632467,3.719580633205736,53.63243316587078,7.577563506871311,94.26193190609004
37.394599302628826,0.26313769845659374,572.2948631753003,4.485997338441093,42.76936130389565,7.580631691560061,91.53460062251396
33.85963467281651,0.309160326985946,560.8485309913603,4.056844113290038,44.845389792642926,7.995875229940121,94.78308981212842
22.98513975239608,0.22809460635845663,310.6050732891273,4.949685877829461,52.42076416697732,8.3986545000397,91.75565931380784
36.93498959456909,0.2873743182475299,618.6247684611849,3.625340266804919,51.49091932919549,9.500637628945007,94.65481300883835
35.0848234739769,0.20321242891435748,647.1464094005515,4.1615883830607885,51.565939084635936,8.880049392712216,92.88943327842425
35.287179438444554,0.27095022176677336,547.252041549372,3.9548631407123294,49.292480701794275,9.348281823041168,81.53601124860228
33.22777022410701,0.29934407053901474,488.4614660760476,4.340350000008038,54.24640397197846,8.690693482242548,92.07060598798692
37.40687274160392,0.2665650789007264,442.32303044461435,4.746785620267759,54.41696292128613,8.503316788166734,95.57617847485909
40.653965871389666,0.1957567828835411,496.97852921463124,4.122793738011179,56.96669623311771,8.11747609332382,91.83381879527575
32.544172881363174,0.20787670505071854,535.347872588655,4.399281693222856,54.31402658958798,8.73476190268093,94.3481740672696
28.092920357547563,0.25575506673077175,549.2565015639121,3.7403065949471386,57.44678088968866,8.09931137715861,93.61232701248336
29.104660959301782,0.22562174931431453,556.4282440171492,4.957290071247708,63.6648338383813,8.604903576920044,92.90468768918375
35.57681031923558,0.2552644282988322,567.1928113546376,4.336793853398011,45.69164979085551,7.4949340647723055,89.9853647558892
28.463393816738275,0.2749533914469008,481.19286389584295,3.687340357543741,46.03413373466046,8.810851786045687,91.94426605835606
27.48909812198855,0.27624668544395065,549.3302777276886,4.396467442564575,57.39652784242063,8.844245909574344,93.08243851656327
36.68296989302398,0.29871521260277945,467.74984079337946,3.3246954640590007,48.84570304283195,8.76754853719729,100.17705835282008
38.59017442890659,0.25389424191766935,525.5679102613354,4.105741055331113,52.50948608991704,8.709630240236137,97.8580745831286
30.842988770306313,0.25849267740994486,463.9221105606757,4.4003992177988716,45.5259182887483,8.76027125539132,93.58762415110341
36.98811210460347,0.34453783338845423,519.7887528021342,3.6844630257699302,51.71820662749969,8.236508616917595,92.79955531222592
29.14145316327992,0.2710346008360899,503.3686361007635,3.857222027034028,66.66509140623279,9.017315177810096,86.02234205333856
25.49519591212636,0.31824538355021315,526.3348293456211,4.6576532379339985,48.82847801688733,7.524464194801403,88.48993097797762
33.18403844001154,0.31101898866359706,418.86501088986506,3.8372403128201,47.2585980955174,7.456364877268651,97.70727564550175
31.310787799593395,0.2616799981318428,449.1069949755415,4.2702161263348515,52.67617060006176,8.938002337051246,101.29779010533773
31.110378198728892,0.2925185782936065,424.8785911989472,4.836159841495509,49.94996914495934,9.87903463391506,93.92915488395788
38.48165817201104,0.2866265469781241,542.6677005073824,3.0914657333438553,46.23409940968708,7.497777073247072,90.63184104320129
32.52990676110803,0.2878106031762801,566.4825789366515,3.6899961488363906,54.46469080606045,9.146734491985022,88.80672975202765
32.485110499101125,0.30633384214005627,489.3569713678765,4.457422269618004,55.79199887337687,7.754539903169031,90.00973088804912
30.802899671407104,0.26852842529883086,553.9043825106656,4.224638370692593,57.197457721907995,9.195201407132197,88.28904846902951
39.79077435688707,0.2846407652303104,428.3803202119899,4.391513583897743,55.7470493399271,8.715255316914128,88.8478010681662
33.58362470391758,0.3070517668438722,524.5036690015054,3.8862686612443804,49.134037290743805,8.402371484483353,93.41482139750799
34.45007555199762,0.2989248793302474,445.9013770728984,4.193209431885699,41.72055114502268,8.683353158580232,91.82663991094941
35.28647029368825,0.226927383428001,477.9406851816769,4.504667156224202,49.29489072297483,9.282168118229436,87.17944285258874
38.06844695751458,0.3077136332426607,383.69873014720116,4.28892758933297,52.002061953528454,8.88298353567843,98.78163932053144
32.63324995064121,0.3151669377900926,551.5994662965616,4.968718960345614,68.35739334095227,8.34242759172575,90.62609221799265
30.262945784092235,0.33967408888944944,471.03174140141437,4.56585439300554,42.59468459887228,7.692194990453775,89.64738614047874
35.66920579186869,0.3366023001609372,642.3326080460487,3.80309493672694,60.706406987852944,7.944454591729566,93.18572978894699
36.28456190295829,0.273269359916908,554.4681586430074,4.898463153518033,52.768794754756335,8.360982205137267,98.43542772506352
35.68106380545024,0.2682400831546974,583.34896735011,3.5973216542497854,60.40101507747279,9.353086389691072,83.26621996917552
33.96072991521016,0.20382666251587933,581.0022204653726,4.683349106149004,60.39106202773107,8.580151987807715,90.90837389158946
32.56660131086492,0.24142550352452852,400.2829948595876,3.3933882517975134,56.824110577198354,8.976687991912062,91.2181978211914
36.443290915806344,0.265017511261278,588.8577730390647,4.606243025753209,51.765425610493295,9.361237040472053,87.48622016363319
34.45607508430306,0.2596746387015604,545.6053111023075,4.1823214086599565,62.196287266616956,9.099424242961623,96.40081046476371
37.765597095196384,0.2948617738189791,610.4138530643897,4.161801778601411,46.07042804377723,9.541675597636207,88.30222467647668
33.274604682727464,0.31553259356811264,566.618697732381,4.104301583890632,52.15408242816128,8.863676929249287,94.65164935494228
30.369963471694202,0.3163390356555819,575.3668909548842,4.366429613459541,58.53574758305682,8.945532968666122,95.39983555897729
37.523669003523814,0.24783640196654905,463.83021642169683,4.436164438321967,51.65516303436862,8.018871592722718,94.502456570269
26.204481105277292,0.2507747764229737,599.1658656166139,4.228593644179054,59.42844688769911,7.540685278642761,86.72999762945814
36.85136569247592,0.30206299344057974,584.5335084067135,4.134625914480141,56.49020225407064,8.114451762462666,94.99189572750956
29.205829940612837,0.3576797928838132,668.0855937438639,4.062820259644605,53.81046365372548,9.162841131048646,92.36155929580899
31.558745037601433,0.22541556588098383,467.6194191241547,3.1545690314895527,63.25996087288506,9.054106127261232,97.37710904134775
28.136187297611798,0.21038854246044136,520.95300361375,5.243018417944194,42.2733137789065,9.370592624595576,92.28189289546219
30.4356631727446,0.2978845672391416,583.1221870197307,4.888359493960417,47.015903272429235,8.777340364826918,91.36749214466181
34.55230943767044,0.2161182602115691,558.0296769126593,4.133624221438877,55.06627414038671,8.481780919667496,96.03814208026816
34.694498667831034,0.3190630757555921,483.3156822462459,4.539690542735531,54.09399730359485,8.266386811337652,91.38891210627506
34.504937917049304,0.27013062412857014,422.13997749570603,3.9738025007704367,49.24240005299115,9.020754203601816,89.55667810006771
40.16301429363058,0.303826072009972,549.7657821330309,3.726494122246365,53.45588887729642,9.306597804977702,83.47705008672892
32.41609265907051,0.26860791021165226,444.81197628905124,5.180551650439547,50.063678702392494,8.971873279503527,85.97189921422866
40.14212170073683,0.2372781033812415,398.8468926581747,3.9606410174374114,47.11348508796912,8.695024747128798,91.92509973561755
29.415812207741446,0.27011948120273405,492.9281861310458,4.507228650185134,41.61328319674335,9.015057366537944,96.15338146610306
31.37467930980319,0.2538082652451173,502.0196977546772,3.8184311995296554,53.058574298131624,8.834542202358886,86.30806993621292
31.446277801008332,0.3121156810941489,539.6304035584063,4.302320161999791,59.25172678618838,9.132662928345297,92.00999414217436
28.36696490711038,0.21988259377984337,566.736397476638,3.154643925399945,49.0037356403109,8.85280337933687,92.22093353845507
28.08839703347506,0.2944325471478121,495.8994040008371,3.6908332870377665,59.063437618199366,9.232417248201351,93.17522575123223
30.37254920329199,0.3073358897623649,592.5423616960638,5.077603203659973,50.31283698200733,7.964361030855369,85.87392882135369
28.42310553538146,0.2585089468724241,532.0909879939953,4.205493814544327,49.557160633086156,9.203449875769143,98.04469326577836
34.15483687749324,0.3559332327017287,525.3637362928024,4.476333189798604,58.14757852070248,9.683144717970276,100.17595975227114
34.665580150179665,0.2951964041460051,527.5990499633153,3.7536411050735463,55.243946616260125,8.180845674360326,96.972834838494
31.0196698259029,0.25535526048127777,527.3136538276344,4.027827980978704,53.04486560690169,8.865157749910026,90.08426087094959
38.24904875854242,0.310344800053581,624.7505483179946,4.020649875287495,61.01300317998075,8.00208357463311,87.86569372884946
34.344817255449954,0.2869622362502275,529.5090077782162,4.562188586826044,61.98620375703436,9.335787260057186,91.04596228382158
34.35490957598206,0.308484079359277,549.8402468779336,4.692072212888161,41.188004626258135,8.959934411349371,90.30139374564968
34.4147046600762,0.24503501141266812,554.5531522255112,4.236837522056663,58.643648240804836,8.586961636046137,89.41305557223052
37.20606075492847,0.291888281412166,449.3275332319127,4.479973281096988,48.70907956796248,9.051985650253314,101.96178921181762
30.14943984956001,0.2902983275034016,594.8097193843207,4.86123602634973,37.978600701590366,8.186757798683185,94.62776565934635
23.424883230528813,0.29960423054524915,559.9488987199469,4.683733750218763,57.434699558188214,7.687489033024374,87.71686511261407
34.54801734060879,0.2717824089463725,535.9297584284396,3.5411493591206376,57.4731800136215,8.683611785540906,89.41623749789736
33.55147395129431,0.2854085154303594,612.3456815640602,4.517486501906998,48.1513184814592,8.39990176771031,87.3711604697489
20.959679452190436,0.23471285801359165,519.5482389447802,3.9789102796656133,48.48337508449913,7.869139885902735,96.5253667590687
32.46159241841479,0.29564900584649245,602.1583220640204,4.130731377319504,65.69486545671515,8.0044502854058,85.78074608608259
29.36021183224902,0.2729152754116322,577.075145572345,5.060436315655972,47.64466470362375,8.498707248689152,90.49261403846772
25.953548353104097,0.24560715456912335,537.7977226624067,3.8334708742380457,56.44706032576956,7.069412496527061,93.52557812891816
25.215693802185243,0.2879726919733036,580.0109888903704,3.7605790692974836,53.80664296196347,8.68388934170308,94.63968762180755
23.370055928844245,0.32437175250875,580.6908318536418,3.9648850427193914,49.65186039203049,9.475319508333934,87.53548131430091
28.88117243113674,0.26905419191858704,475.8307926770026,4.746554685914365,37.86600248695584,8.035581066787149,87.5406211290669
31.988164895427776,0.3080011829991104,503.4651931991079,4.929413952411542,38.877546905806334,8.09061391164312,94.21038866360026
35.35429299692732,0.26563866727929053,575.8603570976957,3.4737460896996684,41.475696459204585,8.142610659039862,89.17423602277051
33.384399356085254,0.2597887514876238,581.1419957184013,4.357803841293848,50.49295619140452,9.24026117246902,101.80422608626138
29.316340666849342,0.25057953801618954,481.61244196993334,4.35305312238256,51.50487472065809,9.454308644548544,88.8704091209811
35.07644858728724,0.30304787597082794,569.6762670583314,3.9643909079366035,56.33941350646682,9.019979804884674,85.96567484508806
31.53485192015208,0.3115290605003183,590.0693930882029,4.289929306761386,45.1420873131626,9.097606769314913,98.33910612624659
24.913580667163842,0.3034889413491857,514.6820118787882,4.327583914012295,45.14616752018647,8.95467034040474,83.61834856607149
25.608629078443734,0.3197416161845578,589.4848044814397,4.824839583905064,51.189913320516276,9.676381750600175,89.81480224235679
31.304014094913192,0.23585114617372688,525.0409156043726,4.608314131627838,52.577491655201435,8.106040344968454,94.25406580427706
37.99869686545767,0.21411980255586988,462.0253924002117,4.342510466099854,53.28757056041455,8.517158626608657,86.15311163325316
33.21841053280242,0.226618611294238,420.06322621749507,4.958373276509683,53.30152553098298,8.72349649118327,90.17528410864688
27.707231852517705,0.3343314449180824,523.1353967783787,3.3984062309572374,53.34714645016992,7.5773300711885865,94.39133898645166
27.412758362502014,0.26509613765744716,568.0489837677319,4.665620917762687,57.85709498815314,8.365963808268758,93.10095652822562
32.49931455478269,0.30636689655653765,526.2993048317326,3.6383028141693514,41.606399085791026,8.076484089936116,93.47430733695775
27.000817033860415,0.278958328110359,563.948735022316,4.982846866289634,43.85637162766724,9.328986808389987,91.83757616467831
31.153751469853034,0.29318442596106303,590.0220371002537,4.4736964356922195,66.38665149397093,8.388304288927522,93.75142784168428
37.08135745478456,0.3155691218673699,537.7614436082849,3.6148044476667236,35.33126270057217,8.520997881314575,95.96447895786187
39.158037237767985,0.2210243980124113,542.3639922539079,4.783162415287887,42.52048537774334,8.771863850258198,95.2659163254653
31.77381596936391,0.25012083052151407,510.8973510963491,3.9725293171205176,46.72698458250633,7.8812290283143325,92.14836702421911
30.343934397196364,0.2959676725145898,539.2920599717635,4.545042620125913,56.648900444697745,9.182150454819736,93.02458631159995
27.77189296581335,0.29574300285757654,513.5779131581595,5.060630094093069,46.52136954096391,8.414459707366841,94.05319462956827
31.63967888409875,0.3249469285719994,515.7458697586003,5.180215958895311,63.02696484548016,8.652337395483995,91.93563139163257
21.99425338866189,0.24139479804151492,573.0884870962511,4.771829272648962,55.41020561710961,8.091617555776764,91.70492762622207
32.64511206791958,0.29117219377248565,439.19509406982195,4.0875073807792734,46.75551800681403,8.775694857238154,95.78059777233615
35.37179978869988,0.2292290147699772,601.461821017073,4.326206535726096,47.5031894772992,8.616498129441968,94.64474949151837
31.758389467723124,0.29415960476676745,558.1822282182393,3.1915399156716457,62.57756124381821,7.878747102182616,89.62509460698442
28.568169922131148,0.2161791287469544,474.0033724693134,4.793682994941042,45.75920697318073,8.473701977624154,94.28388158253068
32.56111743021637,0.23517302387034603,511.90104430218395,3.9259733637791165,54.493067070258945,9.063433831098836,95.3398045758872
36.757248636528246,0.32610905298675624,640.2770107981978,4.792346209116176,50.85295012597532,8.377908517022014,93.42261883231201
41.71578538657244,0.32134855392025574,565.0448791451096,4.06494002132166,55.82266513317943,9.14785946861474,96.60319877475509
30.697188229316495,0.3213695418274901,497.1383948155811,4.306843929541348,49.22429490029714,8.41079770067346,94.60955942594222
26.615855193147667,0.19928163219531547,544.6886697609187,4.330635850314324,62.96078924374787,8.430849068871805,95.53116209608213
28.60393577894313,0.2563404425752404,496.7144747993818,4.758706424808021,56.918720137128524,8.716263625711091,87.78661477672293
29.302031468145948,0.21382719851514403,545.5935289221027,5.093700537347967,43.48768605655117,7.631106111156264,92.05575008752133
33.252405356736226,0.2477274213130264,480.7121550345565,3.696669902739694,57.79276600654408,8.069090348980044,90.88490510457785
30.90303993006178,0.2682823092392235,638.3320284278269,4.224586054503045,55.76497046011808,8.890493442848685,94.73509092748986
38.97172552917745,0.2763630076494101,501.0210401902282,4.069157983477675,55.297457654483324,7.408229427121892,96.59474559983973
27.004870951603024,0.2568498006002281,529.1874815953299,4.495648321305467,53.55032470301454,8.725466173504705,84.28581618369846
34.13332926300038,0.2529958895168798,562.2150140083493,4.5449850165234125,49.79635111680686,9.74873760911281,93.25362700242493
27.893473395712448,0.24105018583738902,429.0652719396083,4.3840981275326225,48.139672726683095,8.33782919691546,86.20415572076709
33.69467155085266,0.35464946670071235,478.63922393102337,4.663836460553014,63.81701243176954,8.719124836219327,90.39871819014385
36.15900229827344,0.3105241160398247,416.2743715592138,3.9960141459531724,52.41637591839595,8.382686070145482,101.32793466449627
27.200655635825,0.22557512791266643,624.2781769975035,3.515984495977559,52.596644316449066,8.319837209096233,87.27841302387269
30.700226433144415,0.2890374740128118,556.6207930166509,3.83906352162115,45.756307789737086,8.963473388016933,93.00427499959234
33.425396080802344,0.3638573171840912,469.577747838123,4.388997407705801,51.38083251835947,9.416703333317006,95.04149118856039
27.55284511667068,0.222544476665104,373.5752633346875,3.8973761164971052,44.54543853682115,8.140994544551548,90.46093269328573
27.25987137295738,0.3428165474180561,519.9791574986064,4.3089884499719995,52.1627750134655,8.827778757598196,95.67444594233248
38.27216468221952,0.2040835859630835,612.9770337234702,3.7186914091480934,48.74268027561664,8.52533542674989,86.43171553514414
33.27766579550432,0.2683798502921839,573.2609554324368,4.650424738757563,53.53647711374131,9.263004980951965,98.82264275606724
38.98515257391485,0.345770685005677,456.80279497316224,2.7892211249173777,52.89700326496059,8.671939823368266,87.04628866847423
32.99921870756126,0.24469277379935536,519.8443184772005,3.7409307156715084,55.12908755802586,8.190985249295075,90.47023106831907
30.821830932455605,0.259655157592448,557.6492587181705,3.8284564911447596,55.36023066352178,9.109469898445822,92.17102757885883
31.18851278709515,0.3158619582404241,556.643582419301,4.385965490555229,52.20008185027557,8.559154925021229,95.04956092523652
40.409055034607945,0.298577357562913,490.19431516209977,4.218341503528066,54.01985001691116,8.101084063895277,95.05036880363238
37.405894813774005,0.2694909908080804,488.6034917782704,3.7544062987730142,37.21360069704771,8.456439776077792,95.67730038744317
32.32026477119307,0.26344738746258345,516.1351915098534,4.809412680047849,50.14634448965538,8.65455956668814,90.94956866858188
34.633753772461304,0.2820118296973717,469.3182089211958,4.246657819038352,51.5947322073371,9.441483311189018,90.01762177588111
34.75767735622582,0.2698173244768817,453.57015183129715,4.406843191320234,56.84225712962378,8.85313726002368,88.70229770786462
37.46006173756504,0.2546168658776667,443.6214573757203,3.778250496946302,50.44169354089496,8.453975385641225,89.53906835493731
36.41370517232341,0.30526055865469914,611.929381015839,3.5907424806069765,39.465204464044135,8.172372887497609,92.62740669694385
34.61423675929509,0.27994861042685626,458.1801020492274,4.516061523619254,52.112737455353496,9.304164395995265,93.8440305068577
34.384916918938636,0.3363850512131036,552.3672757108426,4.601486614426309,48.79036111282973,9.505451042688838,88.61762977991208
32.83864259852948,0.3147407540223268,528.8433217007357,4.324763377107708,50.4564511921063,8.452708973120068,92.07043961695747
31.066459045490518,0.28570154054203956,448.9554699356404,5.550824220491292,51.06097666380877,8.062178455936614,91.3500047033181
39.23504567457813,0.29313049416059694,449.4097263247333,3.6159620630457807,49.81732881741334,7.953419995279552,87.00482862139908
30.992539125628337,0.22910150368111415,457.5165386744796,4.479094155759697,54.90756160014169,6.909031509692618,94.22690318249886
33.243848017223975,0.30610670290376196,547.0194352162829,4.054675371546811,46.069055939233934,9.217043936055134,92.19854306963288
31.508825839213856,0.2686722200419564,539.4852420478375,4.2797344738499,57.04317979179985,9.68942812908601,93.61235511750401
28.743301232420993,0.2865488193438976,524.701924759408,4.518105735281649,52.7956514959012,8.127819762190157,94.68524081322832
37.71932657563476,0.2784333216764953,507.2029105725149,5.012904096816716,47.93847415093887,9.355560583643173,92.20568055001212
22.38913956729065,0.32589444928854006,537.0145201712744,5.073915104240922,51.88052719767621,7.964610738751493,87.8670700434268
33.2169079486377,0.3628744427696579,452.19180237690165,4.49339674306617,53.304997362761995,9.430514995702541,83.42429406401212
33.16887715951747,0.2923843144107611,529.4794808460556,4.10237387733236,54.93857463847329,8.606322838630703,90.60134482672512
36.38046205068878,0.30383302705343596,500.4560852732855,4.946129191371148,47.274478354303845,8.680902291524136,91.62647313347433
31.776785905024617,0.2509135264979451,484.9905199438402,3.8293557260635955,51.7455665741934,8.720902072655841,89.87782262081774
33.23848730714454,0.3202809011300203,560.7573464630308,4.443437617984957,57.85720666097252,8.40622032362513,88.4313827042604
34.086328120041145,0.36393222264040315,502.4070645618921,3.95756901671411,45.63031410974269,8.891820416735344,88.32311773504308
26.562649461149384,0.24363113170741163,601.1543502846831,4.1224812334075525,56.5004750655219,8.491091776415033,89.43035137899214
28.029097012624476,0.3377033780838889,414.87925318839007,4.183949556698512,46.35967300635353,8.840258053034026,86.26015477689894
31.581084655044215,0.30900586948432884,534.7475050341777,3.7279371298074078,46.719025032439895,9.299781206466978,89.83989515237175
27.367127900684853,0.3456486179750212,431.0166276466739,3.751067458524801,43.094246317081584,8.79807005430955,84.99479447248069
32.108264016925844,0.3078797129005631,599.2417818477464,3.2998392931442377,44.71021605830045,8.687666265525353,91.06429496980432
37.51411529912606,0.3034434174751583,488.32888390600806,3.9405012563802306,53.389446709930525,7.796693624310141,88.4143138896262
27.830230604387598,0.3329307983151273,620.556776590745,4.822685892474148,54.80974848958557,8.971994132800381,90.72883795417063
31.31671995403935,0.20348161248709407,504.17025920790354,4.62435819317303,46.10191456417331,8.821780380084776,89.69540139400395
34.07831239670413,0.27394854687858816,473.7275552001695,4.110274940274297,49.79179020035046,7.700986863443893,100.07330906042526
31.78055848695207,0.27385204447035455,499.1701444672357,4.137480145865757,59.91747200999893,8.564122521623295,99.88589037837693
39.61188970865583,0.32124688583026817,579.1836600676036,4.615779294303046,55.36564857278145,8.74654460234832,89.81249741130584
26.35123499727614,0.23127777225084012,544.4681362434424,4.026761773844611,44.72407064716673,9.197125884749623,95.2704959369561
35.536941042963996,0.28723798267429573,610.0551490425846,4.325956861820684,42.28237174018057,8.78995255697457,85.72371640920026
25.502607289398462,0.2587583780047887,629.4796349699258,3.948194246836018,57.947081511587,9.031268122175469,93.31168395746323
27.563349147031907,0.27476186838714445,568.66297566446,5.126712827616354,62.897583577569776,8.604080428082602,90.80316483487367
28.278185132265104,0.24740465142935597,479.4880900402853,4.047385041774801,51.04107045981806,7.3350508908732195,94.09139158368501
30.09259124390712,0.2595643999922242,602.2011743945333,3.5843416296940154,50.81963339000926,9.065764364039834,90.88851340384983
31.801242958349466,0.23267911814743866,476.4947783995014,4.1949918842538345,62.71231931014137,9.031639811186261,96.73321219738334
31.254855626272047,0.31117156173199245,410.14249765779255,3.459292581199009,42.99553830761218,8.71085605442024,91.09275443807056
32.883350204339685,0.27185757629001245,438.5735572497749,4.237544293006735,44.12652828003318,8.080784812443799,95.28366937156379
29.245563824920133,0.27224748609558086,431.9993596479863,3.9109883355804493,47.3094207862635,9.460353701328968,91.215763341603
29.68137886315078,0.22253055603514768,562.0477197586184,3.6296055628237687,55.054513751400414,8.942422971944701,93.25308664216547
31.92298957919354,0.2680722243440126,554.7825677571661,5.280695951695341,40.09896945984977,8.344318642879424,91.8909177739359
37.802119268572284,0.23272079102307058,510.47078893173665,4.3709719004059195,45.67617100158807,7.837165578834599,91.67821226517466
25.235638345716932,0.33447787712457444,453.03669825718686,4.016633271505026,53.06349774111108,8.445634253334768,83.96894110890787
39.082398879833825,0.3383213956476102,472.9207896794635,4.423575566390077,43.41196274582914,8.659975728021262,93.62333565599792
33.96578062145598,0.23714222865571022,452.46276697637825,4.593024963435399,49.96698308838129,9.12684147551399,94.81541117543229
33.88808248057469,0.22267895342182517,480.8471841906999,3.8207348300743322,55.68471951769344,7.57190596069595,84.53852470955997
30.968356835177275,0.3137750456960068,571.4436930066454,4.203412884286064,64.70241825072354,9.145125360786267,99.21043170295641
33.607850005399975,0.3373978903309956,425.1054337771106,5.003819660679918,62.437667392271166,8.688707532930767,89.97180139524062
30.029939360238018,0.286835635209542,513.725019873648,5.0296420108764375,46.7842708677752,8.456061680593116,93.5875681407468
37.08821481470043,0.28695077136155667,545.6772542770387,4.095255930925369,42.52908681246952,9.215360569642456,94.87598704158678
28.395363167730608,0.26634932645901843,616.3850240114971,4.170371677689794,46.10584115463048,7.8887563316158476,88.61971751939038
31.018741900433806,0.2058028875825766,532.5563895957213,3.6277436102847425,54.58571739234319,8.8147627483236,81.61642653867167
34.03728933443624,0.2128624553397111,494.1912730737326,3.5242382416256914,57.28559288858673,8.664154595875127,93.15346499436994
26.131721283987293,0.306311667191577,453.4107817808177,4.463833094940711,59.30847474627153,9.295387297133066,91.30668813863197
36.70963544470159,0.2483765789738375,528.7022988593143,5.071103083417454,44.183919311182954,8.08729301859866,93.06040900951616
30.036481568376978,0.31383239859522477,585.2375794959413,4.63303130201347,60.56505560075154,7.406870652858901,93.89744137935642
40.846993662968636,0.30337064949897014,607.238319116172,4.24625688372857,66.13725879894709,8.732897901829707,87.92178011479982
28.73438568742795,0.35133216840901743,589.7251489223573,4.748726670423311,52.70209782716101,9.440690389549863,90.80455140172035
28.691255572402333,0.24159244603777258,569.7979590123277,4.073746841747309,47.56313759835465,8.137567249658643,93.73185223610082
30.942109899812962,0.2633360276204303,586.4997562674724,4.66666785694189,50.79963493851854,9.200748787615113,96.76803588600197
35.40960345077639,0.2443530026340732,475.64266651341427,4.120773757221887,55.952891587886555,8.988150145551325,98.50990835461049
31.451287626173272,0.2570012256902379,560.71262375499,4.175117611137143,51.84828863905755,8.199032894075508,93.14993153142056
26.408491252666764,0.32966807976244983,602.1018915232539,4.879675700411837,49.77315436215217,7.786115545444444,90.27468227704904
27.03444720363011,0.3208713894400907,595.3182895501218,3.7926243107516515,52.55948834209048,9.452296989259647,91.40508636204677
34.36880520081861,0.19689756292442684,467.73194714586214,4.387824701305514,45.40991198573897,9.203977895734845,94.72272496422362
30.66747047833599,0.23663080368839173,576.7501546636906,5.061521641004844,59.2606115020357,9.268642923165716,90.4107181331432
33.93352498162814,0.3025598464840895,560.8525649547644,4.041834391720807,52.91824225757539,9.197046118124135,87.71937385984342
38.33806903835066,0.22200130067987692,565.2254061789943,4.556621187990469,47.310963318219265,8.243629972845126,89.52400260505478
28.266767499324587,0.2688758562930212,596.7593379129617,4.655311308064021,48.60983755552583,8.683496617189437,102.53428588396307
38.20423814932089,0.2699092647780006,550.7479115254594,4.109774210785145,52.95621191564577,8.139583635027394,91.49555415361887
38.20475249410782,0.3091540792565216,617.4452300642768,4.407215024956703,57.044220434864464,7.568694712650324,86.66444376152111
31.061259577021822,0.25667771917802246,476.39869487552664,3.897290976069315,57.1942617796727,8.228797993450522,93.21220075316617
29.52900208866502,0.2989804942346386,412.5014263450476,3.6289038976229424,52.85010339674655,9.109112067151006,94.44935865787811
32.12645493408752,0.3232097112569192,497.7869923901619,5.335768261160268,64.35247287761888,8.064571980032467,95.64875680979955
42.10942419031025,0.19840274315784034,457.9901513789436,4.5221882659013755,52.419829528760125,7.7879135103590755,95.96128458587643
29.542461666312256,0.31332059053766803,510.21807750616074,3.934888294273394,50.7016616688831,8.338620122559192,91.72889756531748
35.41239369079851,0.30544105550267975,613.7437061186027,4.172881616789099,51.18070347198436,8.69755567936161,86.8594762955917
36.37401459839698,0.343632205798295,596.1903331739048,3.980754340663792,46.318847409617376,8.378395570725903,93.8744941257996
31.996059381868527,0.3355905470805602,491.72860758834815,4.394788778398673,45.24022957080536,9.725946355086686,85.46638922326561
38.225271445775306,0.29852914458159135,568.7494531314845,4.641483588143547,54.6804923839282,9.310329271961105,98.10741292074863
37.72219039457654,0.29107140284691757,473.9364448243114,4.764801133915803,55.736941044776586,7.52634783102058,87.9199356345139
23.93357917139651,0.31586820970013424,564.6698216386648,4.080718467883431,58.18801908756989,8.340170892903815,92.66938345376666
33.60189023438766,0.3134175711711986,426.7334005914921,4.266365191688938,56.7869930506705,9.876225082438635,93.37789067763792
34.064823977363766,0.29258564689568217,466.14921010692115,4.077102690626428,57.44612040171551,8.283619028125349,95.26876365743539
29.848204711435905,0.251276653131631,514.9947004338534,3.9180561288729323,56.82381298246514,8.015623374984745,91.60477751005084
38.533148578071966,0.2898560218778514,602.1057098028505,3.490338485903024,56.21303561195686,8.479838622978864,96.85784192243705
26.544869239995123,0.2579368795522772,527.529684546368,3.543848620101545,43.55130440598754,9.124739611781688,95.16183182147577
33.34608517006708,0.2911818507250663,510.9245522108345,4.387048729069812,45.13018243727371,8.069106033377006,87.96085850108093
26.42429168422834,0.2868433624648523,385.80851442717454,3.994753077863441,46.86693861156839,8.738123677084541,103.18273635957014
37.280790159541326,0.32934728992379514,460.658574435088,4.8838406842664215,62.998439429724755,8.26706676062507,90.12713288033979
36.90574325368851,0.30701518293580354,543.7256883899669,4.4421693293267195,44.374251002632256,9.689913410621973,86.38529919994389
36.34479492987445,0.23968212628096006,388.8547447348125,3.325136193222466,55.84096605024837,8.342110236783189,93.78637914049142
27.818437038783053,0.2924661105211472,524.1910765101234,4.194843503857412,48.26714857720152,8.366317792006736,94.36346923639009
35.793369807508455,0.24353669021440827,565.1686968657505,4.8063609531751466,58.55804790982934,8.501108449020371,91.11115744899168
33.94252497813453,0.30731822098598216,541.2780663458852,4.73103714187166,53.28245831920011,7.691072901262319,82.96758233153912
27.382044474697203,0.25620794649647155,499.61903918718883,4.388892092560716,50.615937448863356,8.285523843565326,93.01005688574605
26.60197224751105,0.2522626291201894,524.3649632256923,4.152053127350466,39.89163782183044,8.511711290419743,94.05381976719205
31.521444819289925,0.2879701180301659,567.7956943891817,5.203875876267201,53.11964015807258,8.055789196554164,92.07375008911131
36.28665706354632,0.2865509637730342,555.6444786716162,4.778736247259495,64.49340300453702,8.391657393363113,97.06959551095377
36.63483371892633,0.2987260368695298,543.3541573026621,4.5831148238841,43.271308437896344,8.803819169824706,92.96070409373135
36.11264368700606,0.28026265611743834,560.7995422917986,3.5925927670349505,53.55010050771645,8.6193453373157,95.08760730238626
34.34024474792398,0.23138780344302998,461.12821547443804,3.083094807587668,49.08688609423065,9.880917933554263,98.07038503279412
31.82641750993606,0.27261806531374416,444.49245180116014,4.076684916177022,54.1273774678919,9.36059788999485,95.32728915290186
25.435244700769143,0.28576546905972094,469.04960264652567,4.974053069844822,44.4314685470674,8.879571096328402,88.65664779266925
42.00321560121003,0.2840844353744288,505.2901059639962,4.48546390384102,49.08750568576922,9.489815401543535,84.89133221674889
37.323923506248974,0.29848020099587713,557.5790732483321,4.500497852857222,52.9908150383656,8.685169455844383,92.50483252380184
31.679089632011973,0.27385122376858495,438.21273324377444,4.754276878974217,56.198940239275665,9.874508468277773,98.22208707224445
31.82947251120741,0.2177601235334243,509.81904691182086,3.319092595200746,54.20233096032973,7.731867492604214,91.49766377527071
32.408107584621185,0.3340856964838301,514.5916053426005,4.402464530518915,46.57357680671825,8.346229678110896,91.67336018426407
30.57285739985715,0.2645372375820477,579.7146451015138,4.658833565452954,52.827746185233785,9.341652720238908,91.97873173929962
33.39799903625319,0.2560646731990292,544.8525840365493,3.6291935867210143,46.863800906779886,8.01066425843919,97.09053819476179
32.184044698054805,0.31480452734418635,435.74039808284977,3.92507119867249,59.12587481210072,8.493185649943529,96.09377714010704
30.042408098232258,0.268050398812056,550.1650812987613,4.116376934844052,43.58420085379785,9.023982253903547,92.57447949083976
31.870158264163955,0.3287537420001842,549.8411615480852,4.105084201328163,50.148992646846594,9.48703916660652,92.83555441232878
37.05511295185596,0.24936197066523805,648.2705877597843,3.899932912115651,58.25473918572926,9.16577327468291,94.94788433900612
31.752929012657827,0.3272532182160251,553.1669800630257,4.511547529240227,48.35886987301129,7.543801927800594,88.1544209579061
33.96679237314061,0.32367090997233927,506.2856599731346,3.2623432808570096,49.217738080059405,9.386703614293623,95.45319909809093
32.68439034525408,0.23269097513848933,604.3887136276987,4.052336945358226,55.310422658721976,9.1398404241381,89.55274628363671
32.017151729452216,0.3092539171582244,546.796480116162,4.613523178660792,50.67189221403798,7.95601952044173,97.15302230699658
27.54141796410587,0.2703744278513659,561.991129564502,4.34765050775045,41.54587432503445,8.047991358287112,91.38200049478834
34.060961545816554,0.2510334016930632,500.1550485583523,4.080439308530611,46.732224553375154,7.577838132304467,91.93661919118784
32.264572585922394,0.25634758987092454,510.83144091330036,4.826028052559164,58.85755576818514,8.457467262037877,91.06097518017849
32.0618387825098,0.2586801571051943,500.07626375787265,4.993593566598577,62.957873502624125,8.591754357464637,97.12361338105386
34.38097860070729,0.2147791053370428,574.5023056391968,4.031719480464179,48.686394628460924,9.514152394067986,92.43463219912408
35.55317210452562,0.2987513584751929,520.8373473774371,4.443032194354088,61.835406588516875,7.95483694453676,93.4939014776821
30.146006053326243,0.2901141553822396,518.6373722456138,3.76734137368111,62.433099654433164,9.078948913215788,91.01767595376283
26.832327087477143,0.21759815328840706,505.16548988706444,4.239744666829572,53.690720522319914,8.694084609912931,93.03254824190907
35.30460561831649,0.2278468149921452,540.6415528680501,4.448158999650756,51.21771292003997,9.667709836214973,87.72337224721427
28.40054437510346,0.26668582304038574,579.3353318498667,4.85144721821858,46.71334025962821,7.611532437072606,91.10670551337326
29.098741652164055,0.2651300144903879,631.2380402924463,4.457799395627471,61.02567306350569,8.030190103839258,92.90487535798215
28.47390380808988,0.20290428075818212,634.0639287879409,4.5852598595817655,61.34169265152421,8.318705281800455,94.43846478892786
33.82177777608951,0.25922935608470415,406.62647495985317,4.144188242734639,55.640113956300794,9.099334366084115,91.0369152172091
25.151029140603843,0.3142883191427873,467.7615777619745,4.103685079950713,51.340876895590064,7.888804579528293,86.02999061193873
35.107581563319286,0.22999911761198238,509.0354498520882,4.170688927330631,57.897964682936795,8.530372047028585,92.28389792655283
31.53136069755075,0.3266458153662714,563.0653529340641,4.480338676543093,48.498991012993685,8.606395696462942,91.6142446289995
28.75205032506147,0.24300139265849527,498.3494717059174,3.4762608532250354,56.80959384701524,8.896263524897702,94.6988882157063
31.1435800156707,0.2514284958288526,473.8626936779939,4.44423779204999,60.453487259232254,9.07771929290631,94.8350110451631
31.36952849109524,0.292290774525497,407.9935968819973,5.154146713513487,47.38666620899915,8.841232488963035,96.06429389452175
36.00053724431514,0.27833075990552053,612.3163985312987,4.739764950822848,45.63584900060699,8.530530161796259,92.60356122426988
31.31769855749551,0.3053162962685595,569.2964754643423,4.409642539041615,58.851689480884794,8.842354642571626,98.32207699508767
22.130221883949122,0.2581103182167175,542.8339170381628,4.921054611355213,47.152795395680926,8.676590925376093,94.96944828282861
34.22101119206532,0.2739643225544298,623.1433603280948,4.187802085302099,55.683352950606526,7.447252228133063,100.02215380129142
28.364015681841366,0.26086976273615387,573.7910841509429,4.548840379198901,52.76305461645859,8.318939309352553,89.26395605703784
41.1408544444584,0.25760513519700096,492.0240483426909,3.9421691858768075,56.218625742647625,7.91255649126307,92.66623915694146
31.090913299870525,0.24762577134834862,604.579176158607,3.40132989188151,49.0239205622882,7.707454041814907,92.80213990168839
27.763026367188548,0.2531920500523852,536.6458316297819,3.894843919428519,54.09688157368417,8.963812962940864,88.77570629027637
24.19124048981621,0.30088328000563835,542.1159090138063,4.073123755516704,62.658462359753905,9.724119156426873,93.39380057047958
28.353852769496495,0.31717165341984016,476.06412078795995,3.756600523267631,63.27345821219537,9.039005147086783,86.20845412361992
35.64165668159952,0.30877550939609055,549.1530305337046,4.072271709331012,68.64459514512075,8.384349830225613,85.74289226176354
24.929782791825108,0.35223143265298,511.85806404410107,4.279552850573656,57.13293345832087,9.03381812463059,96.2802140639157
30.507161205443225,0.2798015854293631,469.6396839004733,4.596647584407139,70.64011940614796,8.828286959019506,96.96053984037984
28.449040144841472,0.26539542209801525,554.2299657520031,4.76498489544532,58.309440276715726,8.964844773526382,87.65641968025184
34.34697298394581,0.25679188727869084,516.3274045540546,4.465897345926091,45.42209679074587,8.918995391356862,93.06225974084684
30.22919292152702,0.2471183722590696,536.829715310485,4.230412319294805,63.11872215312691,8.358493356924999,96.51778013246783
31.600157845116115,0.2818499151250184,547.1108058839151,4.422677078752783,48.54365393228796,8.921515946184487,91.60376849743307
32.90736326888348,0.32006658951347694,620.2170450628777,4.735973246403077,52.19466635855186,8.22778373173463,94.3524309252009
30.112197186500175,0.2822606939688942,588.4980146098058,4.035388109458503,50.525263851797185,8.326622309176438,85.56480551333621
33.50441334717398,0.3794892574178653,581.8413078600266,3.8381958038848305,53.774700840195834,7.971063453641072,95.95056497113487
33.68239143377171,0.27353147825177015,483.23870003933064,3.790375617090025,45.65635556185292,8.443903636882972,96.37830239543753
35.25139866912612,0.23473921637741474,520.8201739259941,3.5012983685929973,49.557159153531174,8.629961889006589,88.8611356535952
41.87001987434395,0.25400826789933884,517.1042104327418,4.077628841851812,53.97976452777553,8.619702406716621,89.9167713798683
31.48832376266273,0.36114678957038965,465.70048437362476,4.996783481318124,49.42007776959484,8.793250709811366,95.15136009889147
25.416643073373816,0.29306006163028886,562.1423721490161,5.012516353471003,37.99758519118832,8.693369144957503,92.28041910385123
33.58802829858955,0.26595075975187793,550.4564002518762,3.871248025775383,56.89092590401359,8.455129299682264,88.78625274451517
34.84199011710066,0.2756022056111747,521.2170559730031,4.378575271220618,59.543775432744305,9.620440242837043,105.46732809954356
26.723627665429238,0.30861987976353167,559.0691095944827,4.160193615570063,52.716844716012226,8.952824768229585,92.83590555363234
30.18742586582429,0.24834027702133316,506.1480848298102,4.515432650535032,54.195078754750455,8.359373326213772,89.19722825593944
31.691830641587458,0.2972256695480168,520.2207955504925,3.8628843537860034,49.731965177088604,8.555421421760515,92.66710905666227
30.65287282402741,0.21905747861708433,569.7964330513691,4.1050325947720125,50.6620792872748,7.577578783321597,95.09515541111666
33.629494570812966,0.341857290926782,488.2900390747624,3.475600362567378,53.79880611223519,8.211412989917706,96.90340379617577
27.91396050524252,0.2930406876005966,581.3175167239139,4.210482510999726,51.014118870574464,7.65655480886068,88.8937501315811
29.153259579285052,0.279536179436566,576.059943253785,4.479900014944381,62.35838271921582,8.411636417859105,94.88974834991512
36.86455346751636,0.3047126253659488,562.8620592118401,3.819235365232016,39.7912221527133,8.60155457199249,85.122356565483
33.818692619966626,0.25835597028372304,558.2825782467984,4.269376270282754,40.09405160601136,7.372108068218842,91.19940646377592
30.50103138275317,0.2480907179396603,509.3854892387495,4.3338879110219555,57.878551708949374,8.508458268816062,90.47345925186531
35.698980080406045,0.3320364257934547,616.6396824042637,4.325375186155399,45.3388897547347,9.490296823599449,97.84809363063033
29.734258221141886,0.27400491524851095,539.4572312614349,5.098033110764902,48.448746238686866,7.587957948977519,93.14570807574417
26.322396901162723,0.23690574648460977,544.7166631285498,4.252943800558317,53.16489256542399,8.61318359566718,91.84479197630964
37.45375880877595,0.3514119738566013,624.878912218897,3.269697727714677,58.60408717098213,8.63724390605281,83.86752965697765
36.90696088124789,0.3651813457250353,528.3470233085296,4.23190025918207,56.23091353136756,7.993257993477831,92.24771305625443
29.35710814606647,0.3135125568698057,519.7044432864207,3.996349471669046,50.37565843175347,8.403695980163498,87.82010400954496
29.325048473591007,0.3000855138963144,521.2255498835598,3.3270540381664135,49.29293130062542,7.546880703399166,95.81326987686779
29.012032815090333,0.30107603040127984,518.1375519225118,3.4766028329782968,54.15880138654709,9.87504178008193,89.40322720206879
31.27959792257127,0.2907588459713476,522.7989853795659,3.5688912603766294,41.985034370812194,9.738374303190403,92.4714474792995
38.67883874466544,0.20933445351576974,500.62357054866675,4.541144475656385,46.3575056590161,8.686844747391914,95.19256216055507
39.287941505428236,0.318521513923159,615.2912762411179,4.256806439034765,57.488733877722154,8.304022638866474,89.07617699729767
38.78006033097119,0.28211717469205705,585.741774561176,4.970353812758221,55.54577354252038,9.142873071465473,95.16572234849238
37.78544483530449,0.3064136060878556,416.54409715212864,4.457814624606984,51.1410239708311,8.658061492461208,93.9088739307639
33.852411689520366,0.29574052980618665,494.8380576132832,3.379233386000103,53.900403978192685,8.593563632697203,90.6581347447287
26.32915437151788,0.2923012777842292,465.1616005560443,4.251901918672259,53.777671579095156,8.10856967808917,90.64647367485091
31.178270075588568,0.2599583737022996,534.0688130796751,4.084586695075034,47.06656401471147,8.01042063705311,90.77288091084851
33.3927194924878,0.24377095630015275,483.66595282684057,3.980859131556926,61.83417001761067,8.15574029809775,91.10071715236336
24.544639435321248,0.3575780721813204,510.3062886242294,3.656571616607069,41.47295673636569,7.728062139560583,94.60381476191588
36.13917840718039,0.25275687859533147,455.3900105103288,3.5331872451585418,52.7235406033665,8.929081866688668,92.09395836979239
28.832385121114644,0.31726203499311945,530.8761466761773,3.8024067249266587,53.49155449541059,8.33633558523403,91.2789989674084
27.060112392246225,0.2669652311334392,520.2336573518616,4.458275321683406,56.92884890762124,9.752492139354393,90.08708884273108
36.86624501808918,0.2558667583793772,566.0485211711554,4.05154373345632,44.07827399521137,9.290351563874314,89.40898097528837
30.765042324105078,0.2581273707342737,488.85041856322607,4.65733866337729,47.528703531488375,8.782868545517589,92.90997161349551
32.296762876633785,0.2758979390278821,481.9958933301831,3.2753238239690567,50.073757586015205,8.634433640804389,88.94446468669553
29.76548287442125,0.23927784889822884,571.3114537310754,4.439268675643783,50.78393528553314,8.738839855534069,87.55916664970334
34.152016559972026,0.26609074975092245,482.50044420782746,4.57032105823095,50.49016222000289,7.920658328582733,87.76327517198142
31.39076620737547,0.36119901236964,545.9074570747517,4.649088410865193,54.55206916929086,8.303783930672711,95.97845285044515
30.472460084811875,0.27495150559160497,604.4279647431753,4.691331994427576,44.47939044048686,9.033271113841957,89.32195010378238
33.94707337381654,0.2675710566659349,634.0109937136833,3.9332153430335057,46.940577426790284,9.319845046745193,82.97456055375275
32.26328845000427,0.27563595578552075,505.07369070425966,4.113986770294919,48.78043108076428,7.88785311030302,85.4598483366032
30.088569983968405,0.23490214777594237,511.0874836738191,3.950448197364991,48.97243709179661,8.951136700701365,97.00638392229601
23.661532097661134,0.24398982502992028,553.0007268950953,4.111911954247449,56.280300868940756,9.013309623584137,92.16330190934178
32.4637794860114,0.22338210081303564,511.1337317140321,4.938198337533043,51.78016840016138,7.706544606856115,105.21233231172084
31.0115220266582,0.26498706432106756,421.28657651045796,4.8091669278052285,46.468692537428545,8.894118134329187,93.18052998027164
36.72564443815143,0.2917881151036685,572.8643714397296,3.6477830174685772,50.53216652300527,7.609745268869912,90.27196049441378
31.171764538649324,0.2844672281274338,590.7459646867602,4.594552045535823,63.256501264039315,9.150007166919913,93.91936662441546
36.36075879795843,0.2203634462303377,476.5506569470558,4.46951321584723,59.58250894355518,8.419856507129342,93.93532282128027
35.056890836308824,0.30082264959624333,450.13685780093454,2.973650874585772,55.37443134255135,8.048839690868022,97.31659107071187
25.035216438163815,0.3171414656731296,468.28977140635675,3.999424168325572,55.40371061737284,9.125424044906007,95.30864408315392
27.304061190022292,0.177827671439085,567.5393970351402,3.805373405511188,51.643599705879495,9.42341354304591,84.85492177950113
30.921133752042717,0.32530681106297105,486.5801406992143,4.196416137934073,58.07091666748427,7.824485880066244,85.69877333408343
34.17256930379541,0.31744008702422094,482.5425041533409,4.12201731453777,39.52711957806828,9.519584366482745,91.06829622848615
35.88579600474392,0.2855036018621693,600.9852952709817,4.625058243159873,51.57410123735695,8.457637646794888,91.68899080253965
32.575381014647554,0.26927930621527074,478.43981313940105,3.8205792073495735,56.642907553454364,8.072672815058134,86.90639067762092
29.002660914474134,0.30037658605383105,600.2843663803077,5.649303263277752,47.984877556576464,8.509243741454254,83.00152774021153
27.654988038316837,0.2185320357320159,537.5380785932048,4.1907908410083445,51.71128358482491,7.9657919257294205,88.92260325624683
36.196732959181595,0.24058949713774413,533.2167081863,2.7299792107860243,47.66035308517784,8.302726109073701,92.36374197819036
34.927747626017606,0.23660084960750735,596.1074830034487,4.13886167731275,47.67664822493664,8.288214326059034,90.60850889255673
33.70871789253092,0.132615179257693,599.9972630118189,4.118344494945718,47.60057458607166,8.668984729094227,92.8137803233581
30.01565214105008,0.3297060506918737,509.37731206679314,4.507130098692536,48.394362610936064,8.091022402806676,90.30748741795038
30.56001098326801,0.27143521156390665,630.993804027915,3.8886786939708085,46.33211860960412,9.256439877092253,88.16344309879699
37.17343353845374,0.2791467997697652,475.2681693915181,4.074393568732904,40.33437239569088,9.107405922650823,86.97237470881934
27.5622658773773,0.3197153945889359,391.6606674216512,3.982090168564885,44.78864142971887,9.496044717897842,94.62955809663397
28.51593021512569,0.2714711903328481,645.6420174928587,4.1241813253769095,53.31566253466995,8.565411865623723,95.46048255405528
31.245322762881813,0.24989338454498666,653.2788929081283,4.200924696310589,53.56875695199175,9.1694643388963,90.80563834733485
33.83406858174152,0.27026027593728086,531.2541217730353,4.065181471499532,47.30860146308876,10.16463472886337,96.29300357045408
36.1496458182623,0.2791479398349973,498.3992660484895,5.13945072658616,49.58030279971399,8.706369891188679,96.17475433280761
30.845067600949886,0.3068399581997397,484.1074403669761,5.851623471741975,43.467836253548256,8.112038894453685,90.06066336162613
35.202481028048325,0.30381543315448484,483.6371577441597,4.2304030278737,56.98559782505951,8.089004368345915,87.9344692087964
33.18752963252575,0.31997535757841317,569.1103279266954,3.2825723959825073,53.57301901757937,8.953307424140114,89.59664546662056
33.697092300392875,0.28785923184751444,550.3799811856592,4.6259863020171235,46.15870091993252,8.589215772810167,91.37511762507584
34.400633875597855,0.2594367653231396,585.4831831470434,3.979747430058629,48.810031966614225,9.678794677309748,88.99401970679266
29.125926541997035,0.30205924184405764,540.2229098922375,4.008918583256146,51.33106993249784,7.505291529725557,96.09892159156493
31.451336644704494,0.30534889873627563,465.48825652472374,4.332246764113383,57.312230054694126,7.9800222334451325,92.34135516157642
29.21233841005399,0.23631750975525753,514.4846030941663,3.7933449084061963,52.142369631992686,8.423427692535427,93.64146289640203
27.432887220711734,0.26852741757676074,488.1035665895378,4.438686263413152,50.7236794668014,7.345874679261568,98.58265189463742
30.0770855962796,0.27668767994036225,493.1372361967546,4.206843435808669,53.14667564315425,9.769842646258141,100.90100441347987
33.31090734170197,0.32762397493250023,564.2900592842008,3.8272113851262435,52.80957722384538,8.607494230881445,86.17864248849548
35.338162807858936,0.2489773419084039,545.4727101215082,4.310214825707749,60.08496475468798,8.263585856320562,99.28486075271279
26.32529222382847,0.1952158102331481,552.1493667098408,3.8727446924592015,51.098347894063934,9.258497168569802,93.6410488785913
28.96186664782095,0.3046372173861757,407.26027820100126,4.764991182685467,67.42579206433642,8.894678318166473,92.7321249174569
34.18588024685665,0.2543556397174153,568.7894733917403,3.8133456226319766,42.67680746530844,8.773094722741,89.07831298040658
34.30081010504705,0.34019967828148623,446.32894424890316,5.087746667554352,50.29557106724617,8.073769698503874,92.48518791449804
28.289926727265794,0.26552024542257446,557.6136881440293,3.3096242459955327,50.077005601262385,8.450075577459977,94.64041226496487
33.56086319476533,0.2834274621869752,614.3539080662939,3.820599636405411,59.78696648368315,9.587657469353273,91.23779377294541
34.730363977517975,0.29253017756352556,474.87919569893637,4.46578040506332,51.329932705918935,7.684284222948595,94.28390571775368
29.2771921687776,0.3180692267821337,545.7579189259073,4.719376018941942,49.92836626887362,8.748914281825739,86.44766414995263
30.8331948513171,0.2702445339406261,456.94623988870546,3.458935457876645,56.6109792290812,7.042795005200333,101.1638169781277
26.707007041631204,0.3408592070626341,523.7438883199836,4.839142965971567,45.870826765693955,8.434897402877752,89.52408699233587
30.609557227077236,0.2078065160978524,464.882082714942,3.296269879048741,44.43871533656452,8.594220367599384,92.72932487110994
37.076774366056036,0.2777462210834395,558.171552200819,4.128816794387371,49.74468492845344,7.8781136765586455,88.02476475080586
32.09865636210726,0.2720243086286926,440.7308013325249,4.0594646046397775,40.758316973273594,8.690243558028751,90.97094254423904
30.88824255140478,0.2397405995625282,575.8322776346845,4.767806983433487,51.750382072140965,8.595531170238173,95.06863383075212
27.864239311403345,0.27116763982865716,468.2268833460192,4.692018782210355,49.187569991063356,8.274444511092845,88.79938798655337
32.48792018283372,0.25230427535124245,562.7483600678056,5.278203073448413,47.10393984362437,8.118100545573975,87.89459766438267
28.943845300072972,0.280620614026005,495.95526344106304,3.9995068285910875,45.743667873154315,8.38594423372602,96.35052503024149
31.973531253737285,0.22699712617412998,555.1251992988426,5.183105805764178,55.8851137437846,7.792382694959551,84.00517971756246
27.48628727026799,0.25780060243095104,454.411233824957,3.475830936586087,62.48607339446303,7.743159770895285,88.23599447988936
37.056738191481955,0.20908577083308177,484.2186483330651,3.9208519071898644,62.18351845360363,8.569109649588599,94.39140893069016
32.617070726823556,0.33364928534787547,543.7090026832248,4.634299869706531,43.30096794791597,9.270435148377823,94.96387200047907
39.17080190697176,0.2622366839118696,430.86925089470003,3.8910706299626705,42.055684780744436,9.082776258294022,97.92375722666668
34.56040994113743,0.24446189935631688,466.14305103643187,3.593040450823352,41.9306839881625,8.7838964767649,96.76155872975538
34.62899685094104,0.22344196246277986,484.66741230484445,4.044822561662166,52.33226150501951,8.257545974573725,89.30782836320611
39.38154349755462,0.2775289118413133,509.8250059224513,5.24622797880189,59.10986598326073,9.007728506159658,93.06801880005776
31.521971737421747,0.2854405220172504,496.48025317899453,5.6506365346215,55.46165691207162,8.914200306551413,91.02566662303776
28.889358412677392,0.24892568875495638,470.37851331938106,3.8142347245653454,43.581406209741004,7.2171136739130874,91.73567720362995
25.21307381653038,0.23188386981053677,617.1386854425645,4.337591932648398,56.6843907372751,7.745551220929201,88.54252004959224
28.431282023831898,0.3056475838900501,474.8814318991239,3.492608608407025,56.14619295768587,9.598937245573188,88.5550132338682
30.253979842485972,0.26007745335250493,643.5126389874945,3.5247569706810795,47.04300813298495,8.374755370215821,92.91028945403882
28.335470808649873,0.30119685786757205,490.55581560818814,4.582878859334622,54.04403879213571,8.294648484802032,93.66251606426384
34.47293576712599,0.2707153377662721,433.09847777419384,4.576805489497584,57.366721474268374,8.700996782134528,92.6386738427681
30.25779774229147,0.24519028590965952,559.8585892230609,3.7038781531531857,53.55084053643421,9.050173925971896,94.44642642545664
30.197263215190656,0.23542880409401445,457.79111322282995,3.66673093078906,50.25899907010592,8.508243654682886,92.5257631387258
30.609059263595945,0.27725402829223167,552.0284883559546,4.445739601511765,50.769706398669854,9.038482466477571,86.99951077278529
34.88445161984538,0.2878111918275551,514.9207744859401,4.112583647082073,52.7900615611,7.949599924142025,100.10498217528013
27.042224577015787,0.26888765959973304,452.37263155409113,4.500791373727982,58.760143512733855,9.090071171123961,88.23219910195434
34.60833430390573,0.3688266393248319,561.0736825688772,3.9976299269664075,56.25382183264308,8.013876985649343,93.09945352948137
32.739824866841566,0.2373080021349139,635.1409778453275,3.1121679929751984,53.98502464702486,8.52456560876452,95.47937148065724
35.56098298190699,0.20590930175975525,454.5410955718688,4.853053277723468,56.15417403513074,8.869780032589897,88.53364183480016
34.113333373267025,0.263615720972698,515.8692181966765,3.869597846190202,51.53117642819323,8.243789104783296,93.76239771605395
29.40197902401159,0.31062325634178106,672.5920895953407,4.938748543784315,46.85467810809631,8.63534837948022,92.8615260687028
31.34428932561483,0.270667904634107,428.71070092261584,4.6232076564788445,41.606027304985425,8.321317115367187,94.15822856399815
30.106805654739112,0.2053739939381094,553.7154361667914,3.500363742808085,51.19514104820852,8.1708393198031,92.89359665002459
39.077395627582554,0.2333637782267982,555.6988897816154,3.8354758936677538,39.88359040261143,9.11193219855425,90.78211850006139
28.238867674536564,0.2869229485275373,517.674382526347,4.8629057186862275,60.251184673506906,8.63438835749622,94.45840249436968
33.24581050079427,0.27355322877800825,571.7451449962808,4.1794297482317475,57.884463991709495,8.649661371120382,93.91898095095897
37.6250315108239,0.32452897950656945,595.3198133497057,3.733499203124688,49.36421431979309,8.765902356933799,94.4106911994109
28.171774615699615,0.2836378891308619,505.921152999789,4.4126475441622715,46.48922632622582,9.122506688702911,92.98033790989894
33.87531266209132,0.23396496415031842,469.6057124593104,5.508170965463609,51.25120901032981,8.466744595295834,99.071834816142
33.37638551335302,0.21737003562423285,608.5211675933043,4.578522187941627,52.075371294100236,9.483071934613603,93.27813089429351
31.428201148351487,0.23075765483332067,585.4421105514427,4.229901973384734,56.996018927965814,9.305887826039175,84.82159243152165
32.11039797821671,0.2261922192249417,489.21577633948505,4.664202313140553,49.3525326940514,8.834557902439693,99.08792417892535
31.0637833263806,0.26441352094366494,485.6669183813001,3.7878419316164633,53.59301238642406,9.064827736719382,91.12086787863282
30.515930008626203,0.2298198311287238,469.2305263415879,3.8612694616407857,54.51687125677302,7.252262726279902,90.20362783749185
30.586809781090746,0.28639707562132555,534.3697438050774,4.416943877695028,49.66491299785017,8.183676111648769,89.14531459559365
30.305300708345108,0.22962794357368257,397.0197854141632,4.843302367692447,58.34648463270877,8.854884903269394,96.20325058340501
28.556855687717583,0.35470000691911757,545.4524569072887,4.172521045767371,53.91736842965725,8.910562524317118,86.51809455134776
31.55013234962175,0.25533929418696055,504.3967258670079,3.6640787437280364,47.97456079767888,8.568122204625025,88.16354426715606
29.84944967084863,0.37869599005715804,552.3263852692049,3.9702718271501456,50.91281060354173,7.448171281682567,95.60659742108821
29.166042138939925,0.28923039523722455,621.7208994529551,4.433182356131756,45.322345621587836,7.920893467219768,95.84062390934926
22.854704692388374,0.21499948245869607,416.5133048470638,4.558997033576688,54.6926192069369,9.472538206443383,97.54121911296409
35.22612753445627,0.30498224673822216,558.2967512809928,4.81519905893542,49.02405183097909,9.259721195546344,89.47682999724019
36.892156700261864,0.2935716459716127,626.8831567940375,3.425812396121062,55.87474604553577,8.334114041901511,89.45608253786968
34.42541690389682,0.19307509342573245,524.0331497631238,3.7047888808762917,58.089336417131214,8.175315802183942,91.58488868847034
31.532999577239888,0.2910634891778167,535.5435241302147,4.437991043921223,58.52750495366681,9.354938011557312,93.44715380694338
32.31218445261441,0.2387767607497299,412.6566467776622,4.185064641089425,60.58176871212042,7.79079506007178,91.53859840442064
30.467300196271665,0.22804707614655545,604.487124894024,4.212157498385165,62.372875608457974,8.214338569546694,90.11175608595117
26.653484677856824,0.3424181601723498,519.7640192588467,4.4147975247671924,55.418941504830975,7.796839918288689,96.7377125382549
27.672048902332772,0.27170227559181004,420.9019116412725,3.2334183415186013,45.99530661283601,8.225519448675147,97.31518831155982
38.925952415704764,0.44187868053029467,422.7406146709597,4.034180301843252,61.490910741407724,8.004929471995082,97.55162756843191
27.986226103129564,0.32870931483188137,429.78998705347067,4.053466093250932,58.44350341805697,9.083111378508477,88.3515212783079
27.18283691524501,0.3446081587053663,523.3203753492588,4.460940220530413,52.61036017262372,9.469180849033412,90.67298277175227
38.55558871086171,0.2582699037465963,601.148795181444,4.959041431548542,53.85650119049733,8.88285335006201,95.02703820835715
33.16256799711783,0.2929926111556669,434.7007860327053,3.111361250836487,63.0625940145369,9.42257416006176,90.31674193855602
31.701483018018063,0.3042475089812905,486.2922831176008,5.058665255691924,55.61578134004324,8.685965415825015,93.31400484076913
32.00179469443692,0.35002554727584173,530.8594248190306,4.36771935687926,55.57303810070907,9.197845715345723,93.12769545675701
37.56232712024459,0.3620031439660436,619.2474655117655,4.090668582995799,58.461595977591806,8.56068628750667,92.11509722130765
36.013482877328386,0.2869620751119246,509.1709385217685,4.875102840055911,49.2812457104026,9.266159813705816,91.31888458223378
32.642452368082814,0.24021498276088932,585.7531216764414,3.5873237623446883,55.36712062784129,8.081650252664152,88.61326076677234
27.302301173675126,0.28043641378695333,484.36430505558747,4.526569510921744,53.38826189744585,8.437646670326108,87.39040027723901
31.97244222600564,0.260602857160796,480.90877684355274,4.364033337881004,49.99044993060094,8.749781181110059,88.12937546551831
35.568764949595995,0.34988828457533466,470.514215918699,4.093230389516385,50.23811939448369,7.969459935383698,89.86704926282573
34.545542371164764,0.23163175192054267,457.9368496519052,4.05862857033005,56.08177488303278,8.797568915675834,90.65467475952816
32.36456714176118,0.295685459654921,496.7628441753744,3.852984512866306,49.92815717220187,8.813645805058849,97.85113844231667
33.37185995375898,0.3038295751897328,544.1473698907984,4.418064782692721,61.52062279338229,9.242876832841104,93.93567807729023
32.35383672009793,0.219974149754685,584.93799302467,3.2607385593696696,50.07344352916564,8.19719300766477,93.89732621868389
32.596846436567155,0.28557634291218953,552.1523359415863,4.0968803556725115,53.71192269728388,8.929009939339883,91.43178335122236
27.1806723641178,0.2587074363825553,419.97432012983234,5.0679005247587945,50.274474340259424,8.638340308658563,87.98392202599156
29.877167389866987,0.2538106650582987,429.0423117752732,4.4548709922223315,48.20424114667834,9.461666017940793,83.31644856796406
26.961432265939493,0.15628909509081684,514.8326702987237,3.878716136871394,40.01540143970665,8.911796238228767,93.57897869569345
28.447058297885143,0.24256259460787674,592.1206969741688,4.277410966296749,54.75167978584749,9.34453043740103,92.12853229049028
32.12453695698512,0.33361352678704326,443.8697983303804,4.393728423079478,59.466219662734076,9.358301789379139,92.46943203171747
29.121559494067384,0.1932180053988451,588.179027462482,4.051656430234007,47.03026785839195,8.881189162156902,86.72792787067759
32.11573821622328,0.2742305885031716,523.3774192181194,4.014949052873297,38.6289211458424,7.773671629331406,87.16476808205542
33.15783376709724,0.2998947819186206,573.1826173734912,4.259711895699152,54.403508248471056,8.72096998238888,84.17672158188414
25.66545756301033,0.21116778876106349,495.76890336871685,4.355261731209713,49.817500669846325,8.625545213488289,92.40050735095743
34.78431629848481,0.28925243803973694,627.54957242101,3.600892634575038,46.24042986351447,9.41750948781759,97.19739500386231
33.82969265058092,0.33000325317020474,466.46038674244954,4.604396942620313,50.50104318263178,8.818192192544076,96.38723173992837
31.17446710857188,0.2795460971204387,485.95899164792434,4.826743571123258,46.36090006459708,8.29604106365315,97.46741848964841
26.640620554663116,0.2701871853211791,552.7795631095833,3.936837429585375,50.08151476131784,7.605708196140803,96.26412279924887
34.97335123019275,0.32303556491324525,591.0407487551939,5.165587791491739,49.427636201247296,8.261515261991397,94.76444975148966
31.40430037787028,0.2664067683178173,597.8242227757681,4.111714629971481,55.20046222926795,9.894381316162164,94.1783906295433
29.00927914961639,0.3079217886360516,568.9612711141242,4.138988286040466,51.63968378542466,8.378254356769553,88.92624783819863
36.248397881780996,0.2665614842096024,556.097241248108,3.654859604340724,48.5812420333111,8.015364259590841,91.60399320464681
35.01291713770315,0.26607945948908684,442.29501931738264,4.8000285630953545,44.111437240795695,9.659756951902352,89.42614595462389
33.2591530175924,0.2503988829395408,525.1508013730014,4.164481200532179,53.820391578590886,8.229835090846668,93.11804562854749
27.488611346301006,0.2989611794838706,487.6886521943314,4.858089645393676,54.9903435520459,9.215984437735415,99.05334289844733
24.62245547504704,0.241049090185345,525.4686024909176,4.143758994446967,40.748773028379894,8.128525898030379,89.40685958426889
25.540108226761223,0.3006719539490434,504.22750975269935,4.093171612509181,56.28461027136333,8.465814054412538,89.88340748288785
30.570125258567703,0.27680918583126574,561.6725679796732,3.4570686504804,49.9103958816329,8.520450170631252,88.64036193854609
35.701110502889875,0.2906728616116791,490.8660217623648,3.939411257567168,52.6945312823342,8.145581760339592,97.5257163693386
34.26706159020959,0.2875438670556638,447.5334441097757,3.70605446826997,43.92181217618841,9.49304614569439,94.75317590123244
31.264198131934787,0.19749786101551436,504.52387513836334,4.070006722422861,55.93680832598413,8.762170725639887,93.30268806767684
32.357259642911515,0.3019251354064799,588.5566923168697,5.256732654411364,50.577503609504895,8.361751961925576,89.89245145351693
29.834612267781715,0.2688744895869719,458.2008190190816,4.036867288574583,52.392143023844476,8.208957312363465,87.40973063005303
28.568818239750552,0.27763990809632,446.88661107876345,4.107964143655246,53.42635358007468,9.03276780884299,93.07423707054228
25.919611237743432,0.3020051370099178,596.396254423127,3.956561905459745,50.09646783604617,8.818565794678808,96.54941155901186
23.658038030394707,0.3386965720793758,622.3771554231175,3.238778651350282,44.3028070316156,9.139440195113444,94.44505091948605
32.28731881019016,0.2687617039977685,352.1623754054247,4.196405199141985,58.95064792601689,8.472490613130127,91.42688678944177
27.11896373316807,0.313031672167306,640.2915212976934,3.8900964568226253,48.25074825725189,8.00060688868748,87.92486949947184
38.373129732819336,0.22104438752977906,417.4708175748206,4.511867055470424,56.18022368470509,8.559791697706244,90.3246123155626
37.76046423589845,0.23150567032823338,539.1163433807499,4.0571724926181805,46.62459586422625,8.485539956850777,93.07010964276279
27.64943931377447,0.2971869837060151,450.52075280077736,4.382205200831667,57.13157611361691,8.93847115112693,92.70635910049809
31.808570978977947,0.25939770604912205,538.2784394499416,3.3106320956145345,43.68093329565329,8.488680228943569,89.22469833271421
29.530873973582253,0.2008089852135935,462.8203613204354,2.7985687872128917,48.32067037510998,8.469709290136274,95.91502307663053
31.468517841771703,0.2713679207602835,491.16314552930805,3.8882692923065045,49.62329100750491,8.534794218071593,89.38800250398833
31.097150349046647,0.29825954339294203,489.42098649271855,4.5788450807863175,51.94860857630226,8.444157517822013,90.52263461164026
37.64527952272823,0.2624553194108908,522.2067759748958,4.318140881370741,51.29858231919153,8.83271927614845,90.32920588163817
36.16855031564391,0.22231838107092874,561.2626734756352,5.227319405695616,51.08249047429928,8.483325984410106,92.14609736616792
27.36243089437834,0.26440037237651387,441.9467412147513,3.62498364483697,57.873921334473124,9.625776873343243,88.7547243566092
28.81276591365369,0.2317568740075106,586.0196172071226,4.787680765006937,51.59304533468937,7.998911373767996,93.02404363773778
32.94041210748737,0.22964690048941988,514.5575631722838,3.041049180040698,57.78208184706298,9.39645777811946,97.92980165298542
36.35374890386134,0.2783624206702232,615.4442456126574,4.606062275744395,53.400372968282575,7.47461988449424,91.20149856361977
40.839467547740796,0.27047544886004615,541.2352652782995,3.925497351080445,42.91551242332497,8.688739361778916,94.39029089874496
26.528106557378216,0.25422417621176713,569.5939462001226,3.835255650770103,50.666893449295216,8.51290076562711,97.38979081294576
32.36822978935218,0.22379905390722254,473.7727576361441,3.5468916734536107,50.92396240618773,8.451494449026235,93.83912976924003
31.367136693669632,0.2869148014925446,492.88779631597015,4.97778754462549,56.51718445275941,8.204954232062594,93.20887962931262
29.661928184199585,0.3534098542224422,557.0625025627278,4.385570801117378,56.29628976283511,7.241649383181647,92.09364243708613
30.032830388406733,0.2714564178535142,488.9335428104559,4.628057117542527,40.79027983732263,8.270760816744499,89.91685429733236
31.71719636807754,0.3561700386636144,555.2460101708912,4.403969330350634,49.21520518641984,9.32762348783676,87.96246585885652
32.22349297636201,0.3044443377116255,434.007699022153,3.887619222339626,39.76290693455735,8.620290407763108,95.73709576867763
31.978147018179932,0.23414163326621545,503.5945367142106,3.995420144009901,53.75524062691072,8.689862574669817,96.36016330683404
36.062623397404394,0.2542522080327714,529.1241932751883,4.263993886350827,53.96938976214282,9.071709275617739,93.32838754721475
35.0051490809109,0.2486020340287855,488.21987912802456,4.80070065712628,49.88011923853987,7.801951693274964,91.19908456848447
30.769238931743992,0.27207982108938356,529.9844722681844,4.34388463829845,52.5592943827465,7.969685650954383,94.55195498736379
37.19359774381213,0.23362093773818457,470.2561245723888,4.71881288362115,53.89306209214574,7.561289710795525,92.20992061918736
25.615538182973285,0.27602873591894594,553.890157553897,4.37940250231681,43.219672198365515,8.28930420654294,87.94703508962921
27.923807787804,0.2965633014419281,449.12987620991987,4.629498423789738,50.35905482405603,8.540547708622872,88.04833965249057
37.30448862952957,0.2492711478631206,603.2746821136085,3.8295978667895656,62.57259475342505,9.25384036792806,91.47456357799595
37.4473633369992,0.30061266450687296,507.4206723037814,4.043949664947575,51.63145665865303,8.604048036655623,89.38019716168104
22.29390857628068,0.32805593163483804,649.0190840106187,3.9121948150194363,55.146388137657155,7.780841275889884,90.90384326361686
36.496062133140796,0.268487369692274,546.4106531696671,3.974785254417455,53.1252871805352,8.423630262487876,95.43329548420525
31.12996521655234,0.26078538379185845,520.5205985280444,3.6760592415247517,52.84744453220617,8.769013566942675,100.86174755723727
29.61268723710716,0.2853146505995887,513.6521691766106,5.149180848676397,39.38346383299492,8.95124555624252,96.77910658407954
31.74378791693713,0.3349220992590052,505.61061867148237,4.0642671539400546,45.67184338605141,8.458007559065365,96.7569948529928
30.79078217568404,0.22277317616275844,562.7872390741082,3.234701369289663,56.72870743485322,8.768212262451266,89.98778669719971
30.31128799126034,0.2181352111554971,486.1482799671037,3.925015933171784,46.93067515946998,9.415186049103745,90.42559352810397
32.52180355761705,0.37877530478062293,515.3271061834167,4.112540649961821,44.52287554630586,8.785013265189423,95.36199075294162
29.964312616673297,0.27567244800468044,524.6833929613708,4.201584994451385,49.856774811570574,8.995841273852928,89.05946413941831
35.852452544159455,0.2298018626048109,472.5024610085563,3.9984038237000123,59.33036827356991,8.303447568791192,95.33432640019092
32.9401034867639,0.29989915223092944,448.5753677226861,4.180264502132062,47.836293855169075,7.933481614520496,90.62404508673538
34.14280762558824,0.2766712443598416,462.4895945994569,3.842809311805053,54.522353917625296,8.628852166082432,96.23607755873381
34.29132768713229,0.280542029952388,477.5145271815983,3.4998384441497166,48.40688203802699,9.535005843283312,86.54175306043973
32.73680518862607,0.26112095310812883,510.51731833688996,4.896444888762155,55.89945405353262,7.8621419229912615,86.79612258639601
28.99534645943689,0.26027615654175584,483.7633673651314,4.408237406214093,53.38157021464923,9.067062758869804,89.75570822807197
32.9170805228022,0.265010808469132,521.9207645183211,5.1158774387986234,38.851599649633656,8.827331749451796,91.79772245250207
34.10633449885908,0.3063477987178396,552.281908173469,3.558543810076044,55.77209049752923,8.086977519863883,91.08384003640538
33.44329622515039,0.2304454624420347,541.8053361819492,4.959375704359403,57.43637076405047,8.049169487787651,95.97912782900225
38.06332180697689,0.31465076953665827,438.353780927487,4.94423173251648,54.784832561343975,9.188601430999041,93.839583413525
34.28313075742661,0.31284011349758545,480.8656434659223,4.5084118227522065,55.52643571630383,8.98673049575535,86.34841920776303
31.399907948446184,0.3025241990783107,618.7348243558002,4.828753339405956,53.84767234019512,7.4505879423491645,81.60910776103117
33.717607426573124,0.2760456897079327,513.0362053447872,3.7528657984575298,48.10106863214315,7.830272399644516,93.31583307596699
31.01362300876863,0.31798667684176096,453.1608711495717,4.15802582175143,54.88338928877718,8.957016669910399,92.09411234232894
32.46933230133466,0.3289058283727338,552.9873525614623,4.908603947886512,48.85300891280748,8.328148020809797,89.47336391798763
33.19058326073381,0.2820517985629132,553.3593601535064,4.307939847621279,48.98717245902795,8.475261857702487,103.40272231504485
27.899318328464958,0.3193713425021171,578.8968885437538,5.050687908624105,57.68605321154624,9.233718225682642,92.4739406419775
36.13988434490095,0.23571783496091223,488.9721328167745,3.697177784319048,46.70038913623072,9.209158447568768,87.91532129664745
23.086924910965642,0.28012662038210645,516.6153649580583,3.8674881963580536,63.31742933992761,7.686486131825282,97.37799395197068
35.86569502484087,0.31756902305135515,497.83115700016526,3.669149901722992,58.912381026807324,8.307465663550998,90.08254598447928
35.18525778105565,0.31236851030552293,511.43929487319144,4.257407474666522,44.52984226634039,8.561179234775235,95.8585193476758
25.55608313686542,0.28404224870551165,486.7963515073261,4.267172078650799,43.02869534348922,8.839636676991509,91.94690213805814
30.812506971746558,0.3713764782756251,543.2320679249541,4.4358581691280445,58.95978550620152,8.38504726764942,96.18516941319746
35.257181825171116,0.262548939689168,396.77927069968916,4.038599439137135,64.19695671582882,8.99838759383099,92.50608774763111
30.824555105113635,0.29201038333475404,522.8916677302072,4.651120259006909,53.067017658751894,8.382918418101589,88.74404586437333
31.6357577302849,0.26168206731583266,565.1561870237058,3.9639507094340236,50.78711416805379,8.760769748556141,88.95416054708096
34.23389767528502,0.29428820330427313,510.11075879265877,3.897341791557526,61.05581336842271,8.216425526198368,89.67663486279584
34.45196539552835,0.24035121862145434,580.0574484388972,4.7629140101034135,52.91769157926575,6.99129493481828,90.17075831785245
32.10636267008911,0.3091750450538527,510.85929887671784,4.227050089487233,54.89121523063933,9.047241497001966,96.00690525473902
34.004297810448186,0.36957591270232654,411.1478589057964,3.932277625783029,57.89328557281646,8.539682579063724,89.54801248274728
37.27112695538098,0.27496831038126424,604.5209384341254,4.619843175859705,53.29118887688784,9.637799619169362,92.62518223388794
34.29871097239632,0.19273959722645767,500.27525866420774,5.04239796196199,54.074225403754426,8.905035152550662,90.916941135582
29.74307020837664,0.3215197440464302,554.243707477165,3.7563981160653674,48.18957163204455,7.39882446499842,87.38636250492787
34.277170780092206,0.32863320541539737,428.55857393796583,3.802441106198129,47.9950943384846,8.767760704925747,90.54633409663919
26.00967351237726,0.3088455536052015,573.3837862913185,4.774674094022667,45.52162018228193,8.359687706846676,87.20696439281932
24.767019668095394,0.2916944308953625,464.95221753611605,4.787836114414929,54.14159560036166,8.292022154244721,91.90892998446111
31.820496900650987,0.2458852290166075,601.6243300448501,3.26498458421173,54.308065321698564,8.369030223253496,91.63515837406334
30.51818907790444,0.2800956444186376,603.8430343017606,4.100776060795768,45.0076756315485,7.55455578038078,95.76471969525267
33.37655762319059,0.26312484981121004,503.7778632368264,4.468243861055245,61.41120975631285,8.490675370864995,87.35701158245556
32.93619759582517,0.2588434467947853,464.86987081500916,4.455815099591838,42.29879563840407,9.386849029220187,91.78354591317236
33.1959119820399,0.2947448020338369,508.6324511065113,3.4935053494804547,41.33962719323368,8.412340667973842,92.71449073433716
32.14012387682367,0.28244853724122,564.8261166190287,4.260468915860632,45.517034446922594,8.363963980846385,94.49962681786533
27.217412942940385,0.2275630208261707,590.7842235195419,4.564995578529531,54.35285822444086,8.527040842579146,89.22546848930642
28.473816007691294,0.29502432880303764,474.9565897925172,4.334319985842111,51.03470121443532,10.13410594260588,86.79330714012919
33.347198634492635,0.23197714922152943,494.24414565644776,4.422569175919205,49.45486753760503,8.87773703137508,91.50447152100712
33.95651998559935,0.3344391683931347,558.8802974718502,4.588597502198001,40.672548626751976,9.07290464868875,90.98360342200728
35.95889376778656,0.2685852194371117,417.2661267516849,3.5969075358414924,59.82223227474189,7.895798393807351,95.40358034267275
34.29647933855429,0.28115865851753147,471.0584983534406,4.475022671640369,60.70010697483778,8.354992593032303,94.5801065273382
32.99746172382029,0.30615948280922023,643.7795423128541,3.8163837213710767,54.83803656128467,8.448293762341997,92.88742183328355
33.47094522424848,0.2629512555601268,473.5312106924982,4.502461710839886,56.318629882777074,8.476536411415143,91.43869593354837
33.69237869703128,0.34929715518140486,459.37311477602503,3.6155264912843443,45.724157278218925,8.882410908854578,97.19067471032494
31.969763656313614,0.2912497482905133,482.047537358223,4.48309104764132,55.61607336096229,9.574680043156137,92.90537958066106
38.58580136487944,0.2525172202798478,524.0972539225502,4.150317976119009,45.55844530596298,8.015157941574133,89.79408506882564
36.676987162546396,0.2992276731336789,554.3846454795015,4.631554571405587,42.575565247366946,9.322942406449883,94.5940507774137
29.973154683334403,0.29803212466942924,540.1794313915269,3.8099732853014743,39.42051556154036,8.406177460575284,93.76511747588867
32.45511409427546,0.29491000701921344,495.3849187424747,3.6787410132035756,51.10562479752468,8.22501580140092,82.32397358422897
33.067828145485535,0.27012268309986265,517.5642163841602,4.037065084353404,55.957055154433405,9.444034720415178,91.4305374699719
29.124508663977423,0.24765270481044477,475.59539232051765,3.8439860538767143,55.17918678640849,8.607446892150406,90.95840189759272
34.56062799406799,0.3347129130139469,582.358518051824,3.5399991340539767,54.368920205708505,8.928103388091344,90.64274447681656
32.957525993135846,0.31271910095055855,585.0825832376274,3.633386071976538,54.6278819957831,8.844104932986678,94.55891604589598
31.979932312648764,0.24781177835760546,520.2289652424371,4.792901498419149,52.93146744235259,8.413661204337073,90.90547430984327
36.923082278823685,0.23262495692060703,525.8488541430853,3.5976017784788987,52.21126245506534,9.699762485698933,84.99873147545637
35.80225807814747,0.27007249913614095,593.8103011744089,5.379557914768028,54.46444802237734,8.145388240923317,91.73862471416172
27.282853558874752,0.2893400458979674,494.09903518241435,4.549027351627711,46.92843729500501,8.488827946367767,102.46790146680284
26.08142830328972,0.2474483415025649,495.98522887868626,3.1614908132755044,52.40700127748534,7.953690313927141,91.87552711701863
36.30730196108103,0.2963049847436677,518.395442620605,3.0271849158316755,57.150317975616495,9.162520529165883,84.89307860550974
33.646726572851385,0.25858960672168224,638.2599721048541,3.5361843493571268,64.46668540604163,8.396405118461077,94.98811042426934
28.25020046150734,0.3027214757055324,470.1941180757362,3.7696861984602474,43.5038387226394,8.0498441415819,90.26653043110474
40.436356642118554,0.293629199474056,481.2544627443958,3.5838986188251467,45.75741736192759,9.087773718127654,90.57505645156606
32.453171393495964,0.21964816548126326,572.8467930792684,4.772233487044004,45.320218607341296,8.23373343242185,84.71494431581328
31.537779493213613,0.3067015850335426,447.5592369617714,3.557581297143429,51.3986948287031,8.500255134277031,99.5690026284564
33.33842971411366,0.2511597326473685,482.0884349790788,4.329761272416417,53.23347805492774,9.06122703440585,89.95624545563071
33.478016102285,0.2674970405976059,499.15337789967504,4.1239541148371615,52.35370568025098,8.732399944298562,87.57509422513728
31.744160425093245,0.2879070341937039,570.5880310490634,3.8836253138940737,61.35002653967671,8.124049385358763,93.00038513845408
35.62470167027151,0.30403840441151264,561.0893780330994,4.7330606847848316,53.38576272282128,8.856903122656302,90.17239334992023
30.984630242816955,0.3145085142150439,570.9697820099577,3.208587820053804,61.557714757328604,8.85639894879074,90.73865632558012
29.541901994481663,0.28437823737337425,542.0365845874298,4.7218108443001965,52.16662300033824,8.21098390318001,90.84539390042103
23.571658004937298,0.24355561616989677,481.6062603789258,3.9725335289603456,41.03960756966463,8.560819512352932,87.66299032340916
30.202202429871345,0.29570789032375905,533.3708802529832,4.072780029889677,57.818826709147594,7.592181166434662,95.21400222301602
31.69506341204869,0.2570311926272693,582.4847821075322,5.178065689163277,52.09456486780086,8.774695730086352,93.1245180362153
29.249078272490586,0.3705705594915838,566.9335315472835,4.2928275681379375,65.73701234275717,9.280835261906189,87.01941450287387
30.17763661479065,0.29780987378687057,532.344743088342,4.191629608261907,53.882644297036435,8.153223103772417,91.21618457492863
25.386940272841358,0.27785585944543395,561.4998293043068,4.941658248152088,57.170069312035764,7.306056061055754,91.16526703800422
40.31765402882694,0.3083402857285724,525.1041808906172,3.353046274286998,57.19699876777137,8.377616135783832,89.8185361282263
28.248799725439127,0.29321208629988166,592.9122530552694,5.136183233471584,47.222259982742315,8.199999468426821,89.17937689617249
35.3811139403943,0.2684178242818926,514.6774477718712,5.026154908304736,56.51312528740672,8.573181557663782,93.94455099915604
30.77421417342677,0.26105528641457015,430.96314664601476,3.8001055959082772,46.41484953190241,8.626761994788716,92.77312504794202
28.73967227300035,0.25173142638095547,566.9504036002542,4.286531966314532,50.33625921620936,9.380251721293252,88.03513066970203
25.58018246849433,0.20287743444463574,436.2946712235757,4.750328715254839,49.97374424462332,8.743136697682552,92.65069913530877
23.021227041482057,0.2564496662063265,601.711169497082,4.316945848935969,41.64983827419519,8.446845223743962,87.17000090443048
32.108260136047754,0.1694954492406183,548.0117211853766,4.532148307445092,51.45045469988354,8.832213889750747,91.81199206164892
31.42553283735731,0.29805846088939225,536.4835299465026,3.837057133469791,49.16122295668333,7.577918672831033,95.90297852770452
28.503222570138664,0.27502619329136385,468.9708576119708,4.597633426555008,56.05592918530589,8.087932313527721,96.31859379654084
40.61328701184647,0.2946322333245854,559.5014589648981,4.132377342725265,52.762766447976176,8.064496181966495,89.87418802545783
33.5303880465103,0.2933615020378069,595.8941058737496,4.380316797180384,41.63845816565206,7.928360042519249,94.15091632913003
36.578384632577475,0.32098925980515425,559.5961357735113,4.264454374005974,57.42405158156297,7.983670342550824,94.13486723432601
35.114011554021296,0.3447403177256688,399.73030316574847,4.137678560297995,55.15443533671032,7.620880252768958,95.7926533207986
31.378189614041332,0.28910800667232006,497.00825520724084,4.365208558306611,48.74146135541559,9.017447887320158,93.49132916665903
40.22422992810205,0.26485017751713014,609.6728879003981,4.194273323400632,54.490874192129866,9.349363669801397,97.181387322975
30.852675875844003,0.3693541760250776,512.1380076520791,3.728121622833509,48.13228754687548,8.046623177432656,97.14375963838528
32.705146428235764,0.2757165451909347,459.12729159741957,4.095280194621775,59.9583701456367,7.442292410170505,92.18907057266998
33.160020428001786,0.2816238674184454,542.2557258434491,4.1350816377817345,49.27358454052677,8.238518515886318,89.28450667557928
26.878127974353312,0.3182427077882037,576.6369038781359,4.338646426624172,56.768725879768574,8.422358545345173,87.11035985608257
31.716127902247717,0.27978143191626664,518.0242419053207,4.764424138142191,55.09524508424833,9.672690310922176,96.51323423365463
25.4178266749087,0.34682836709527787,556.9430093421313,4.183637584570846,57.47240702222115,9.040084143532434,95.37034622582985
33.0402940329432,0.2084322818848358,477.07383236767464,4.44039984824064,59.45623713928987,8.94413897922152,88.60494470747318
28.99433001422725,0.25986153327528994,539.8519031216427,4.15355001904064,56.068376271943826,9.302558494002563,95.63549198128419
32.555886757253624,0.26577191161048025,579.9571022466035,4.643756849577155,47.056147028940934,7.533631451281414,92.2828365078686
25.227989150348908,0.3439901791746872,582.997606623474,4.6945850758439835,43.79908495323857,8.060793938996296,90.40469506151562
36.12974793888986,0.21997948038040008,496.4382132757925,3.417336935632649,53.80003157986215,9.135693299192646,90.56203082499734
29.481368036611734,0.2811196518795365,498.4564586806638,4.935535749952254,60.05303895311938,8.342987384263134,92.88456241901925
32.16573853541643,0.302389876663003,624.7023344673714,4.018994819443344,39.37868152253985,8.002091102589635,93.27473134162265
34.97399101448424,0.22181936090711019,587.6340713139396,3.85924370968791,47.421281262941115,8.035333018544122,91.36847202662318
37.66258209503783,0.27644684554270876,493.5979987751999,4.34059967459782,45.53937432155118,8.311769541399483,94.49526690993792
28.757159666197694,0.33448009114804683,470.0330994408905,4.380276566926991,59.72222426073348,8.702923441069673,93.24906768640415
30.79797328327648,0.36425865820270886,458.9178340865637,4.462974470688001,50.86609257451836,8.074838665568652,90.00468562835098
34.82945789963413,0.30714313417314604,566.1622517784483,5.095813821653851,57.02041680890575,8.136406946861813,86.17962138388712
29.617317629200503,0.2728716701671999,433.21029887439437,3.7588084108678603,48.97178442020952,8.261551541405241,88.17006958430531
30.395031991234486,0.3059874050544363,486.58796562201735,5.047286950803027,50.4467106383289,8.726784684803892,96.1383994129113
30.895663918809998,0.29690232481103984,470.0476743144535,4.224830602599766,50.124408954700264,7.415139109538298,92.8702397459307
30.763856876013744,0.3043567921495579,596.4554961813232,3.8075627387172784,61.14537727889033,9.127666268661555,94.57646621103562
31.683541823115643,0.2956420240573379,528.0845863783209,4.207993440483161,60.178603424692184,9.21337924067453,89.97580963157354
30.921896335955427,0.21795747449208908,542.6595749518879,5.323439259420639,57.9586950848162,8.696409514969487,83.39259578886845
27.268298732477557,0.27367506235460104,538.7980474073796,4.567688244288469,60.77660859136983,7.26572620962706,93.1457930608833
35.18556334343047,0.34885602587280373,526.7548323061844,4.791552863892205,59.58799850688875,8.273110854376549,90.76899070286757
27.225561471986474,0.331569081166043,581.3724631446538,3.5224356817496747,49.89496779658591,8.246285685485617,82.00008276961914
35.08806466479413,0.2832712822925556,509.4556678458551,4.681010737511974,47.3774936309536,8.578979253378641,92.48937463963952
26.168688781795918,0.35289709273246667,471.347239949833,3.901138180517079,52.32419608750092,9.050981796678677,85.7302215798909
27.249115598080806,0.25626139907677103,558.556557499294,4.033642781693236,62.03275416637959,8.368234897390844,95.99926800373144
22.31262698762741,0.2585626754786394,495.13520397972854,3.7530586817899665,49.1748530458587,8.187252553522463,95.37287320977886
29.4426569662558,0.32229860914329367,525.8476173021282,3.8398057006857953,50.48001981751696,9.363953550351033,94.97178146899455
32.66211158804029,0.30527985265088164,469.146234020153,4.525377255932521,56.740850151380954,8.666976719633789,95.36069533762777
40.71070771935727,0.2537735770306124,520.5294244395797,3.585413149042183,50.366378479808716,7.713466612299944,89.4105540516065
32.72525257303144,0.30114283620876897,540.5540781315375,3.8415417215178183,49.5706029841859,9.182133821346264,93.59014975719488
31.809685726709326,0.29597748750008,511.7198316279325,4.915295585073863,53.661572992074184,7.629591507366827,98.5490197600341
28.427269973800954,0.20160160281229683,452.6419566079948,4.566263016890411,50.24445132410457,8.379642198979917,92.39316061937082
32.390643874841494,0.2412242792838764,517.8103127047826,4.153339323545396,58.47886768070931,9.827352685957326,90.74607022293
32.91807931259958,0.29648809995837105,506.8196675322996,4.223347581735585,46.93197867615243,9.204973078015183,96.4208120290976
36.182326088337916,0.27131926970661135,512.7505884954044,3.7844046451905577,54.72450554232687,9.411921184372929,90.45608950947052
40.04498624162326,0.2280311282875026,596.7575315804877,3.568304048657805,47.49995663852102,8.818286241612725,95.01950787561766
26.922695148242315,0.22813984548286376,562.6329335552585,3.666581422063164,49.77638550084728,7.485695963660161,91.93541620830551
34.55571707705373,0.3502952323849146,513.6013574288811,3.5609755531114944,54.91601461966376,8.08716616464893,95.93590826113481
34.986882916866094,0.26333994670733807,533.6786857931162,3.899328598147599,55.02947502277115,8.081418737791271,90.82727207355413
35.464752243395274,0.24114591469311653,438.970607135255,4.294400796427462,56.94697304809616,8.966260245350867,92.65879389269732
33.98112590955465,0.3075283542617947,557.8481556457014,4.173672167712392,58.75597780406447,8.338815833500096,91.73152134493678
29.752808424849228,0.21824698743400947,530.2834770901751,3.6586876150606304,54.110727357710125,8.290298001517334,86.80715168580133
27.62851913945946,0.333068556794034,543.3427619580311,3.792494178340389,53.36217306814676,8.485410518953517,90.13187909029205
38.909282901859704,0.33551441970943485,514.0142610243604,4.846935945337565,52.07438579355049,8.141806701683338,84.48411907772635
34.60325931968474,0.255484050868425,553.1618095208829,3.129037580052418,53.42841095970332,8.727938820738528,97.20053054869683
36.317800895619214,0.29674311834254125,470.72163660299356,4.23584603032753,46.93132384880492,8.530213490227306,89.61913837692423
32.15818348686057,0.27121704743621905,631.627943612864,3.8445973047163906,63.02608190935667,10.367713269312103,89.5048312310578
35.82260797450746,0.26184096297484727,457.42403984994775,4.268105778525192,57.68527465179503,8.591401915564665,92.37151534382774
31.647203672393093,0.3773905285420896,531.9658651693945,4.7933003543589265,51.146053851882094,7.696842900251869,93.06022785805388
39.494940381643204,0.26016019448420197,503.8059632477016,4.304237753177228,47.47338392587649,8.729909143041258,90.31071582861922
23.465446527915603,0.2704318698793344,624.0550577730698,4.760888157949033,57.22603360409178,7.611327651105008,93.95787215108669
32.623462352322335,0.2822354500179102,529.079481400018,4.996023760003745,45.756190264680974,8.575190911278717,88.14420656036367
27.136212807174093,0.24982716423872658,491.6293821273331,4.26000860255644,61.23627972811248,8.261232658300749,92.17131885165362
36.41361805469102,0.24632360406498688,506.4545331038119,4.087571658510532,56.80685935929715,9.166276862490788,89.90254352554862
29.35892266472454,0.2917036163426853,561.9933997428225,4.247950506862645,57.70550203485657,8.509725099161436,95.25501531452082
34.24491148764314,0.20346096582443665,541.3821894220886,3.8020572234791024,62.686561343934514,8.969340276711081,92.78766607797643
35.40898576322505,0.31500346769380017,532.4851220853768,3.581958988542166,57.77054106757979,8.487508819586512,90.30208301969049
37.66867339863923,0.34374478245817347,529.2907232296849,3.685092410697295,53.44201527686393,9.126269201810558,87.7517527551158
23.725516965095096,0.2894728353598186,479.68377541467515,3.896839274236687,53.91454862892036,8.466252985925093,100.57140444738533
24.523643305050214,0.23694506701525297,567.5488396639566,4.453272400495849,45.166065877274136,7.454765102786267,90.42346162083273
32.85936118779687,0.24207899317039233,465.6439050373962,4.073046702954835,58.15661217952399,8.964321883555286,92.66734239826219
24.548775560519417,0.29374559112354987,475.0088388009436,5.133806349125948,48.51545981570349,8.474348018008895,95.81271099240809
40.402755449296265,0.26371585676879294,525.7005841929922,3.7519583990901046,53.9543752254322,7.852579748480095,87.67056998612433
27.43022472693216,0.2936121327537036,500.9187305398109,3.9873980301487357,48.46217510852194,8.928608104718501,92.92081687379294
24.653604581407404,0.33981320828786005,657.7766610761189,4.3038108213803925,51.993351917900206,8.528237825255282,91.52722266881841
34.45804570861746,0.3041537554724316,549.6294817679033,4.910191797389279,53.02184502326034,7.729849228153299,87.6765001040923
29.34741075119118,0.1970776152014242,531.5528874983402,4.665080504058332,59.249877668457934,9.468297002625462,85.50892138370865
33.551917020386966,0.28939827669650353,534.4571450671016,4.230225576113883,52.428689848283106,9.509391763618952,90.89686163131283
28.621725115959375,0.35415589247815615,577.1882090226259,3.930530674351612,41.760565854778136,9.32992669806772,89.04253355364028
34.077768875347076,0.2996037624300873,495.2208317086121,4.4879519864312964,49.88553489683027,8.99759854123805,93.47319842849834
35.25304742538202,0.24141009893518173,564.4563490566248,4.352470107021982,43.04052314909181,8.73784193719702,91.99050772219513
29.156768681586758,0.325766749579398,502.12113158566626,4.6398555891937034,51.059686208611865,9.902102716275007,88.94088138404753
26.244391735953943,0.3109105996030969,438.0600648738371,3.6772883916713073,57.85853174420221,7.963111421123369,88.99671681426207
38.6635414369928,0.259271133971543,573.872566376659,4.3860103614025725,48.0196055079067,8.791606857615061,96.56528995028886
32.748237646222314,0.33167472886174354,471.30483298492874,4.869148199161416,60.869716707798226,8.198111733087442,95.09366291034814
37.31653059122625,0.2981658025360416,560.516362171617,3.7835587567170346,50.28048763270778,8.292104083338762,100.19278386805289
35.07606318775141,0.26092708857252284,536.7088382918864,4.664385781037751,55.5939921155087,8.666005123382451,99.21315028594397
30.25645570853192,0.29596313023306087,474.1228879700607,3.820340062026025,54.35788795465095,8.635576586462191,97.52135706327944
25.23815643975076,0.3952903034103201,633.374695605808,4.3288460462489144,41.373696426325196,8.539839484117888,89.5866814457173
35.47534409860038,0.2955355672521999,566.1862318295666,4.597452614653454,54.64279435404587,8.947968091951308,91.86602657725182
28.228373087964993,0.27516957604703013,462.9406854176418,3.9203667783968474,48.47159065623782,9.10895625265119,94.34376280727577
41.87437273945503,0.3295473988658149,479.73689631945643,5.067340478284317,49.18121946041632,9.040952636012463,99.33788191106859
31.210853049071154,0.22508231021693198,567.4433208852819,3.453927498033309,42.767544447384466,8.071670006712173,92.30927903529286
38.15181738077763,0.282401337783623,376.87206639971373,3.537394797782867,58.10796893072841,8.179699496635909,88.2841678028384
37.72249832897633,0.24871614877207823,558.4944079285691,4.632956970156091,50.845342187718764,9.169493142828536,101.99345607302293
33.441197523817685,0.29390817574220934,486.9337276432195,3.746502337407648,55.11579774019138,8.217641246934113,90.64160555365929
41.46103375567834,0.18886686694783544,491.9466248375635,4.193014028810667,50.48527771654655,8.41875746477711,91.13036843288624
39.99469084562743,0.3285881786447818,580.8903109184188,3.8382120441141225,58.35743650895395,7.4740707796468,94.54220433785527
29.565608777170503,0.29122295170277024,579.6106776887301,3.8393714249666586,52.97063604373386,8.847062002149345,94.30111635856693
39.77871567734388,0.28631495632058046,565.7856833231367,4.040142182446861,40.70692822210141,8.660484098948945,92.3728260163109
30.908754804594825,0.330215599432363,534.8809979215891,3.893986919822975,52.656969938403,8.377208277265858,90.61368509062854
34.82777196112028,0.2123052287081367,460.8040460327293,3.771536822663724,56.21826117379152,8.45416454735379,96.19626935417543
36.63624328715153,0.2327614047436453,609.3599659346484,3.6160181944577694,53.00773009009164,9.613121274902392,90.91986495402831
29.054917747781026,0.3116632020588277,417.82136033811696,3.5767828565972812,50.42945713669817,7.93669598451064,95.65595584412432
37.808273628986974,0.22272357976561497,463.59758794793623,3.93170222202911,61.2457145872195,8.57457202977314,101.2849990401761
31.21170822381704,0.3021372801166348,563.2553591934364,3.88592227365688,49.471797464363576,8.861823919091623,90.64841004742108
41.81135518350451,0.3069546947865538,542.1830770373789,3.835692564824368,58.22744640515723,8.930000874938731,91.48913561956319
26.283739026941408,0.25105352932499475,416.96806565634046,4.778596405044673,43.88516954203052,9.722107547012017,87.83520841663513
37.30254998971219,0.2950464943463488,403.51962096892134,4.4367764615961125,50.88510017355283,8.678527344157207,95.32117616409533
29.008098611126346,0.19166830130480633,499.3973049992379,4.925661595649892,52.380916252039235,8.362396221432125,91.73829006541843
33.19084982492224,0.2219315982951568,535.2201707820246,4.400034857803523,60.79674510852614,9.414692386877897,97.46733193977227
25.699009021838222,0.28174835708439677,599.7370507372414,4.379960190963322,45.257269202949104,8.132628552934525,90.54212487151398
24.16205019329377,0.3247033258226188,540.7056725442986,4.027054600715764,45.64530873182033,8.493829237667189,92.72404546108133
28.137272781995698,0.3088929355017967,425.73155795075155,4.200359206029885,52.906494448493106,8.719376946792824,96.4725774627153
29.66572501168369,0.23947523409301832,613.4882135596918,4.2122559365299725,46.891582756563515,8.52153021525833,91.93362229880482
30.89773152318016,0.22652452488931135,399.45981369846686,4.177544032268362,47.14669831617958,7.902263036308923,93.96234854293039
28.578703518361067,0.37974029498192224,550.9991646862286,3.738494841648513,53.62206227440932,9.565162423891687,88.85597150102963
32.80317869516327,0.31561628082200444,543.0865798586572,5.40968723358831,57.4626795103388,8.799462906351774,95.98955310544606
30.372572222142814,0.2885792029615263,577.9926380770495,4.113569267873537,48.87802035858208,8.386926277887133,95.37799484795246
31.878464521471656,0.37889593238294217,553.3244812502147,4.202750030307272,43.701941389468715,8.3333022018926,91.70838852934588
33.097209208806746,0.2890765302248344,460.61639097164215,5.15373602591926,58.419251415160375,8.458178827114972,88.7496020017181
34.318993372135616,0.3073207575368527,509.14319470563476,4.961171504017328,45.449783354457516,9.358106150318164,91.9788171821635
31.049417285534503,0.25021591609333554,446.756152461804,4.281887878864267,54.44071239819887,8.639138396780918,90.79218885956213
35.396980692273374,0.28987127137794144,500.69721277501566,3.6433279830114547,63.885606179304865,9.034226904437443,90.11839002783636
29.78055574114194,0.23503261583687077,488.8032765139787,3.7346557067173465,55.14804106072815,8.430360494752934,94.09237039765114
35.35148012635169,0.29541429368237787,483.1175891561222,3.0499014859335474,50.666332706813584,8.158169108182609,90.80921153626338
30.61597472437045,0.20789180862275514,462.51544600327986,4.42788368174503,44.25259539526042,7.992676250062628,80.82269672271558
35.309865049424836,0.305177853128053,451.17041078471556,4.711335305761889,50.964832190083456,7.810983246605987,85.68935463064138
34.51858017505818,0.28812222492322176,472.29909545326643,4.828750592798299,35.09149685346263,8.74756480703034,93.52173461792083
26.06545335243562,0.3125570772785633,383.12422943377936,4.396266323562511,46.65312471650284,9.212128983415607,88.80021209644174
32.84198175635426,0.28225711224765576,491.25023952466904,3.656261081923714,48.36392406544597,7.992220812129798,91.71476258114616
33.36491720365446,0.389458552252092,600.2838597041017,4.664482546574591,47.18413175445315,8.614402881129243,93.25280912946748
41.1384777125152,0.2738668040880288,605.1038088087829,3.6049212418074004,51.30112879811241,7.285469387820142,90.7844823339434
26.882634549900907,0.23945360565937565,650.7638350591822,3.5218537735258386,56.450239152942345,7.9168833927247935,87.99804223947272
28.757975351126923,0.30670443603820063,547.2801264221546,4.809445842109506,45.992866442252684,7.918720158561705,88.45994259578315
34.54389482267358,0.2586612749428745,499.26371368671585,3.9147934526919332,59.5173179397226,8.762988693870806,94.6316911400084
34.442694465524795,0.23292561944727846,450.69784174421204,4.076257044794986,61.57302313138493,8.750068953583154,85.6451867744896
35.35145460471836,0.333137095060418,474.81264410962325,3.875278637913365,45.4932419145762,8.470766023708562,92.42507312164582
36.7386177900167,0.32937522929582475,486.07802301551027,3.7988420515912233,46.65885227188334,10.16334101481534,90.0060071315897
25.409551244749892,0.32005811007973833,639.4028854512308,3.8347324821886297,46.41747335759373,8.121421238911465,93.51318471805693
30.003504502717792,0.27429584882355323,545.5390754886681,4.571564590693633,64.29936477806694,7.974926638144752,91.16666421474292
30.345346268380194,0.2717042603518861,503.9133807768486,4.54153837638204,53.852125294571216,8.030072424348967,98.4228842151675
36.13039561142803,0.23243154294825608,446.93381072410347,4.546952531960355,60.79142581631189,8.738064209188362,89.1362935817884
34.6802589936059,0.26781668820854565,460.9066045774621,3.699352811398204,44.263239083526976,8.34780674450869,90.65278116343693
42.72935578008293,0.25783866540496664,511.8072569235581,3.750767493161788,50.86762118839571,9.094080490772141,89.85043160590767
37.41418051732465,0.2190156841740425,514.0804415802161,5.416049129651298,51.41340151988088,8.236102706132751,97.63642942816676
36.83610514356628,0.2605254338763128,565.71376968375,3.938372974876608,40.3190022754986,7.738201460830425,101.83565176276474
27.942283173528082,0.2625711175671872,500.4153874259592,3.7880811191008616,46.30602243991142,9.246168040754775,89.82001780244639
35.24432352888769,0.2932959126636526,556.7953620603716,4.523798806452028,53.25763178100608,8.757939610179205,94.63490575257609
30.838045264740423,0.3165788785154495,571.5827127632552,3.446775128980256,51.971642345593246,8.692213905877402,98.31600348281104
38.80081063249115,0.24152104758224002,505.1181057153091,4.234249185308239,52.380864678861585,8.422284376460418,88.08888720878139
26.967578592020637,0.29111300419713226,377.2123596989121,4.430127369089779,61.07062975543682,8.18555798242803,95.7454036669804
31.408817866928754,0.27230230619673534,444.9922546598662,4.5179660992853705,57.019183520557064,8.142256685894768,95.05657150215715
