vib_peak_hz,vib_rms_g,vib_centroid,vib_kurtosis,magnetic_rms_uv,current_rms_a,temp_c
20.04429034326293,0.11718266021562421,356.65424154019763,3.4613694993107718,43.62096044676185,7.654776525808942,88.46307106478729
21.405227269890524,0.09452111220215889,317.23393831872806,3.021333887169002,44.93217123150338,8.307411131333662,92.80236475869538
28.179081794723267,0.1433836138082282,522.0889573481882,3.175742167275695,44.90241444887536,7.676397789251344,92.4216368788105
22.086708331677603,0.12752119610106144,361.10458607060116,2.663654512940624,45.1098679381908,8.543557370230026,88.28700210165607
21.160626387367298,0.13794386815878382,274.9002610103488,3.06386400041151,43.51379905407161,8.686760513647174,88.51504616855107
21.872985309647504,0.09193042336262067,431.17972450891466,2.4581595787122876,47.51901638245538,8.030443969917854,83.85391274825174
25.047917326931387,0.16205558522835875,303.62547204492665,2.4960295496211846,45.6296031728013,8.328729613023551,84.5003737555609
28.701747236171315,0.09375991121267127,366.0449669038769,2.6970351689742786,37.58393702501163,8.26798415792519,85.63378216911642
29.264826770317093,0.13012590679312255,358.2911191281587,2.7349061085643087,47.93155246119002,9.157560176018388,85.77334003638224
27.24786788509836,0.13279226946396872,358.0175335332629,3.1968102354108465,44.152383947486655,7.515788220095371,86.8049715163488
29.32840933813186,0.09200319850971105,357.7536366460453,2.911714289907404,36.39414802163657,8.549861681483096,90.12204413966421
27.65171021771497,0.07974002491398328,363.3556496709659,2.986459590933368,41.603037220378404,8.165052824123832,84.48479810469418
22.814802672147458,0.1013650464885523,408.1086287288572,2.8914747888559815,45.317745199647284,8.255397907198635,85.10340983667217
24.6906706344224,0.13001570252683006,319.51574934678695,2.4955022762554377,46.24407029800358,8.676271084632086,93.04289115882732
22.704653180389123,0.11637974482129729,298.94354048616367,3.052745663894458,42.758841768527894,7.288268830350616,90.29747550157894
25.26372464461424,0.13337516872813984,350.687670949994,2.615005623314175,47.26769807571445,8.85113306587121,89.70526866977741
25.93902360634652,0.1460199100338509,444.96277580544904,2.5673553062223404,47.9915954068334,8.042370757810438,86.64628935267336
18.20276717456629,0.1055699379842922,311.3250362360534,3.051696980258608,43.23613866704873,8.293574579747407,87.43932166556367
23.106251232497605,0.11803581280305941,267.9046567268331,2.9362830648640594,48.00212569504277,8.246831504859957,87.3359393311514
22.132526183436376,0.12570406633709133,401.7221715727601,3.1684625975242118,60.90964602094349,8.951632621722009,87.8664120072908
22.085889903133193,0.10146143703535299,325.82282513768763,3.0463424861337485,47.83949633604307,8.365439415091059,89.50804377737802
30.47208702226786,0.148034679495855,432.2703617859305,3.214505719709157,46.249810821452314,8.503312654685303,89.39736210270405
18.567484705571232,0.09506206089417578,483.8079182212236,2.5511012094564207,47.272340362800044,7.965408220869506,88.21238089314411
24.643732994176922,0.09561985514045142,269.5321616201278,2.813187477840059,42.006654039396004,8.627081139379927,82.68500212289077
22.081656341327054,0.14630160514084756,432.72736621750425,3.216083122403486,39.74255821801819,7.878345170449063,92.62173902605977
20.243516110688212,0.11066875101393951,374.14009585593374,3.130384001809156,40.43862246105755,7.957273254669111,86.78683219616885
27.959672706781838,0.09918619882370293,421.49434531316945,3.203168852689995,55.674277931687854,7.856245895118585,88.13999222138004
20.59629584727188,0.11622671693707613,333.797310756184,3.146437936145736,47.12921107151921,8.510109826279106,85.38870433294144
23.809721818075392,0.1283266478396018,292.2809411201198,2.852111673936055,48.92662666771661,8.315224015442642,93.80049170682416
22.218530344305083,0.1098741831883719,377.00815335171126,3.1504654629278,44.535494766178196,8.209587358794426,88.94013354215554
23.574856841087495,0.0750791868468613,319.33241033278784,2.6668331416177984,41.79936195626612,8.151985924383396,88.30676742530808
27.136256350412307,0.12517511377499313,272.94890891832483,2.7806336160661758,40.5737247869125,7.964209235865711,89.78231933903749
28.105848513696976,0.11390381193992696,360.822082272352,3.013212095550258,43.58152968761792,8.383191181470728,86.15559804274007
23.721093266500972,0.10041063289166241,463.74063649979973,2.8997751246373697,49.69586085230923,8.206547498884808,91.90423237844175
28.559984369299606,0.13690205049455034,316.5458337271604,2.878995190652487,52.54266569048087,8.100138417128427,89.35900048065977
19.200216645073105,0.12101031203396995,369.11243799947545,2.638731164880961,45.15091180869404,8.123196954717395,92.26991412963437
23.402613989263198,0.10724350548429051,376.84311678063534,1.9409312333363582,38.0448100071063,8.159926459087286,86.31050534155693
30.241866241940873,0.11200379113660024,431.6053185801776,2.4387585437860517,57.02379244601263,7.832660425601282,86.72469145538182
22.614551647503212,0.06439691840514497,337.66441136131124,2.7035999688406878,46.32451095118079,9.388226957175196,87.14147184170197
22.88652472169448,0.08370839016807924,406.32659403315523,2.941014728152819,54.20466730743266,8.997292846101244,84.50355149593086
26.931657116842494,0.14742861194371282,380.17828262954947,2.5540235215231606,49.050711642309764,8.63406322296904,85.90780241196066
20.448141594144836,0.08584622189236502,412.1792221467558,3.6694542555936116,45.91437020443237,7.781118597670083,79.72999177025062
20.374604492270723,0.13412371066076767,350.35374643435676,2.8905178956241846,48.44748494438044,7.607394912874906,88.89529468835552
21.48111769407333,0.11611882461901091,369.5877820191964,2.2846798630705316,49.25038991298336,8.125422183361106,82.55267592615954
21.743530350937863,0.0824776429684429,275.62492201923703,2.735685195632991,48.498608496549096,8.065277578561286,85.03167022713939
27.99021579502536,0.10159753416357026,395.70713151330847,2.540373160572536,43.56974470195763,8.413647552584216,87.05377790033563
25.61298811147728,0.1293634822147765,304.8638557602344,2.0522454656071836,37.69552718155797,6.873124867453404,86.57014840937894
21.585638189943122,0.11330501592342668,339.4881333452816,2.6314947327806855,52.587645660393804,8.446294623215456,87.38956918762787
26.34371059202997,0.12688453762809596,427.9019303403512,3.014209017164242,57.446284348233945,8.308687252834643,87.72301954650213
27.945223105438444,0.11049936108950202,343.7450406011381,2.184238638898116,41.027551166375865,7.741554628397637,86.17686128165462
21.786173295873933,0.09559594749819578,338.03634509358903,2.4401797137037953,42.103814862989765,8.337622297558408,82.4276743891489
18.55547732353661,0.17594669364723803,328.1335906302234,2.8139431299740716,42.018002042863735,8.535736848703142,89.90140995373802
25.174145825838988,0.09952699619175295,328.73039938663726,2.9196312645859885,47.28999713315611,8.25965556997072,85.4699365142798
24.263506694145967,0.09547873334385616,345.8726310857568,2.489752805454619,36.4509210056077,8.64474452104898,89.97226110396878
27.01275220436167,0.11941983091918654,366.9672154367538,2.194658138823192,45.54022209800836,7.835905947232148,87.61379878037832
17.830968198642342,0.12169948537313148,278.99143735979516,2.4711957930856645,43.34357724373361,8.774850599793076,89.9212261728139
26.007140187224476,0.1312172235135706,337.26001534394595,3.2833643899007687,40.7361959090759,7.3021699236713475,90.77239031111
21.25408296574538,0.14370287035119922,358.2387851482808,2.7912461846651806,32.77162198064193,8.440508806153026,84.61079804981694
27.615521963198823,0.13185942266856615,410.52362258206693,2.8628495763764525,42.057664567849535,8.360218654935803,91.1616030511872
17.409237933983476,0.10962504427767995,456.51863276956965,2.509550252201393,49.74213882464443,8.263152181861221,90.25088325281985
23.389430264994182,0.1388629103791593,407.799694850853,2.7839831195766225,33.57558706333783,7.946466288622154,92.83670051931537
25.703760638174824,0.1079668905886693,401.72201046762353,2.311592435589346,42.52532848650937,7.614757114932983,90.83698014700964
29.621538126920633,0.09667474460099952,322.8076439222611,2.9106945754188054,51.63200117267018,8.914386903677112,87.73610634307938
30.044711437390713,0.1457058574443611,396.1419782405558,2.779129274232474,45.59777462866324,7.51453440217876,92.26914456529505
25.897286164430675,0.15016693496561445,334.97608839096256,3.1625255854968666,44.24589952151063,9.074186329711893,87.87281292288783
22.616375429444503,0.10647799877663497,245.03066486383918,2.7108906494821787,49.89276778206784,7.696270602063417,94.4532269871404
26.926079792750983,0.16071959200828845,336.8685269745354,3.1157651144824086,45.05979394013323,8.31277344835455,85.24133865352792
23.20498994145246,0.15092578903745507,379.1844026886461,2.926600472657828,35.8711282151493,8.724144893926976,88.50982063353351
27.404342704774216,0.14352043535778197,397.377641482387,2.4576496539852757,38.574179694963256,8.110471233662876,91.87298914288884
26.281800334735646,0.12028010014505036,390.9699046444461,3.2835866043055573,44.30925243991719,8.537906548079441,84.12182076474441
23.318484592068586,0.13841322403871842,309.856716777584,2.71957681091497,39.25938959630505,8.432349983010738,87.27868248147753
26.136544238310616,0.11250815220220095,353.5969205221789,2.8448999097726015,47.97739646833919,7.6057028379242695,92.70515842764686
22.770645987656913,0.15708961523094955,454.41126558975037,3.3552817949571994,49.01803636968796,8.286162997456591,85.71511996761765
20.61209799146082,0.12392801993035649,431.0436759467586,2.752028781745766,45.5522567233988,8.577307984746868,90.19674470136539
29.469286008475898,0.11463747644832609,367.4964119934341,2.8359066345187447,33.89875050512407,8.178774852150662,93.34522201343091
29.170726578057582,0.08586247090911774,370.25533015302113,2.958472993321651,46.36464465272071,7.488712898438761,80.43314098344857
30.177970178945607,0.12101722664230556,435.69768673538067,2.653705056711527,35.20246807706558,8.870430451871117,82.36386610080658
26.989785993072818,0.12408824631686055,388.0680299494988,2.854659545412462,45.004553153536726,8.74348351868434,86.18629760467208
23.816933649463504,0.1368184391750211,361.1187243158853,2.601030434073978,41.959222876437096,7.949218682162412,84.89123407778722
29.715322232803008,0.11734911862208079,293.7322869129756,2.3535149625890264,52.501327282801576,8.67453286597684,89.52441612503432
22.162014697715694,0.12046775738150278,376.47299495784637,2.291888101647177,50.08664262188935,7.8083148441306625,88.68073571827762
31.989360264485963,0.11605210698767351,346.1157319923744,2.114246826003867,46.732778223348134,8.477905509501797,88.68097446918225
28.956007039749203,0.1404511858511484,307.9861526938183,3.2784472667514053,45.83084251656687,8.266623446192934,90.11481717608723
28.4465445709299,0.12482797364409584,382.36826752334565,2.6774032362084728,45.07226848845098,8.027555462942692,87.27080572990786
20.181507275334198,0.0990093817273476,467.7861096602212,2.991489635374879,48.52858230040108,8.081877176538306,94.50771688194715
18.21542995706895,0.11955334585397259,211.57131504330158,2.563895613551452,50.23710124581929,8.309837974664685,91.99609630958312
30.05794804208844,0.13323652891720836,337.7879978980596,2.7556374490529736,40.04957787843132,7.191498577878605,85.14752385341544
27.54567958195702,0.12512024309821404,312.5774767607536,2.797662285903247,40.107966207346216,8.373780617917994,80.25659480790817
16.645786867933676,0.12234376831506084,392.14847383946943,2.6245545081478836,48.3706570387174,7.772375639142447,88.20566742100775
26.176484987993256,0.1323506476825369,457.6537751709882,2.9615288301025684,55.939394208067576,8.00787404137775,83.59015943762681
26.812025977200378,0.08717545696259557,334.6029239339433,3.0206779896279294,40.72759566218566,8.746494950578267,84.34284335881787
25.060766092502785,0.1466044987957407,366.2869105327887,3.209645818083402,44.31601040346381,7.861998268118122,86.26918250829748
26.9128517139986,0.09627141967766767,392.9020615545928,2.6994710661056343,43.72114303600791,7.678130733811848,83.48735338586845
24.089869254217817,0.13598473126380345,274.1561497098022,3.0151178984130502,55.19748601580051,8.459250051032274,92.19382799893937
28.37252091663772,0.08617562195267996,336.981760208738,2.643179246518708,49.11943657994967,7.842609699793814,84.67222221385224
25.288034556726625,0.1305065574834614,370.91640334577085,2.8699911426111266,45.39895402202107,8.479795652340542,80.14516503343431
28.04420137739483,0.13324034521428496,377.1762557143656,2.4411367187357715,46.74647342959417,7.653531943090447,85.01551252083318
21.800241341347302,0.11950292241276304,323.7199551762455,2.70991154267665,44.022936889473726,8.060438800015593,91.23678060581014
23.772072113258645,0.10655917609019191,394.0065502202924,2.8364488222247917,42.100099309988735,8.948400650526198,91.69624457502307
25.566187117333243,0.1351577660692667,327.38958358691315,3.0690513810659072,40.95365808182481,8.03605433117964,86.74528064016613
21.69576237304498,0.12956530167929692,346.19682738558686,2.5623346507108944,53.529229913526656,7.845189674920631,91.0100022760206
28.00844710286261,0.12706961170192338,444.1707747409804,2.2981408703558674,47.824025106199414,7.859924578523024,85.35452672556609
26.473455787637132,0.14448661143631622,325.32324172164044,3.2910894965582393,39.40885247162943,8.80120313722205,86.10535231977211
27.20165275421922,0.11397474676304405,320.1873272928368,2.48475100050085,36.4538625598491,8.306650626077182,90.01830127592756
26.351079331843493,0.09492353511473284,437.43636468234814,2.822627025919385,48.11003057527124,8.195454610716427,84.0210100898414
21.153829595485234,0.1140644949923421,340.15702057074805,2.7267730763450655,40.548915930818055,8.730948592955805,90.76396544401845
35.35045113699051,0.13018428771016555,301.76762391774463,2.818353997455247,39.95720488961279,8.261034053685114,86.47549612679252
24.880816380714343,0.10967367300707997,377.43080238846176,2.5711449694936097,52.40542887397014,7.8450845913258025,84.89140948606203
27.01637685038468,0.13316289908463758,403.6878093559915,3.092119206554504,45.973428442630166,8.054815112866375,83.2615891766618
30.45269687440896,0.12689450425244003,197.8920819510962,2.3959808890628076,42.16251813796384,7.003318306233767,90.88528517480981
26.17612173284062,0.1405385356849393,339.15152234014687,2.9700480358132024,46.47039030694391,8.621950267316997,82.2575478045535
27.570613862005406,0.13395481583405763,350.7548005133978,2.7565997652076266,49.339689140701026,7.86373992680396,90.62094953361118
29.211164797800386,0.12597629972542165,254.50082979376796,2.8588996105251163,54.782169301548805,8.134831303954828,84.44063223083431
25.482060698699822,0.12201479567486048,364.97535336798825,2.981773850983803,47.55762881468876,8.750715143869838,88.28108546075799
27.581023766000232,0.10804820599849872,417.1299819351633,2.690791811043377,36.66506465022802,9.224555111666655,89.59112514402679
23.724726823704845,0.08747573187248547,393.492255638208,3.120904713308598,50.25887590285646,7.4168864415910285,90.36021349124005
23.3530110733434,0.12898961836714026,380.1968943573181,2.830967028097577,44.693362377842675,8.004851057907345,89.06760428445384
24.161051300861228,0.13678135036786931,289.29671889799715,2.9108111943219446,46.000257143682454,8.308715741748246,88.38708592692826
23.108989826281334,0.09443997640277292,280.5958717041558,1.996007316836324,46.79164429593561,8.857562577154932,88.86595544727122
26.48743790030692,0.08443645225588368,354.42182738290336,2.8010140832561614,39.629171378624726,9.245107078768187,87.31976232433941
23.30927688453883,0.10120671832068871,423.5109144227493,2.6060611830603393,39.39346867100935,7.8383777983770075,91.5937895968827
21.798069123688926,0.10870655732444501,384.9837634283488,2.8217914444313656,53.397814478419484,8.602439888377122,85.08597536893257
27.186216450626638,0.10060655503694685,334.80243904983337,2.47792182474512,44.06768864970017,8.01485289070432,90.72664188918073
23.200162637693353,0.1236967907962406,303.6350825019814,1.7533270858907806,45.161145510948366,8.230246666942069,81.52379197447152
26.056288392811126,0.12220227096278496,343.8863385521767,2.5478406029447913,51.37732521600984,7.805384202921653,87.98889289962621
24.218771259027513,0.12988956409963617,325.7602159590861,2.4924272101264355,43.981104729461876,8.58333099933581,88.26376340008085
26.260781235025274,0.09595398922773715,407.01102050605493,2.598722232360972,43.88260964207471,8.617206130254786,83.48637986524079
25.22760362629066,0.11836896859762956,390.9390835358694,2.9687531665891598,52.79817189798413,8.126175325288873,87.20413587553429
24.28088583669696,0.11115763678731576,369.2284415545654,2.978844674436554,45.47164158498473,8.666220899734224,86.24987329678608
26.40316098090139,0.11207100634560381,326.630491019723,2.3277797401490457,45.07514367264847,9.481237486967435,89.01926161222792
28.74568021440278,0.1575873413587215,308.03184434514225,2.717254340995432,40.260416557224886,8.642360178493652,91.27741225326466
23.933776230869324,0.15661253063161906,346.5523846214192,2.9337333814373707,42.944690793732285,8.325580813843734,87.54746557036556
23.222019733985128,0.12918466562760247,345.75896400533173,2.8329712319901357,40.14448941154018,7.593963475766572,88.22995468530408
23.602420415975853,0.10687253228599544,332.55120076933935,2.4423735548234644,46.78202382004775,9.122024640251237,88.83375833919894
23.682973086143374,0.08801450236833039,335.37046443178036,2.9465115502219628,38.41360174050969,8.3103951383266,89.76725999687528
28.063757050545703,0.12947491808321887,339.72649189465216,2.738439608590778,49.35946763881108,7.7085816842845,86.7402064379624
30.789175574962258,0.13275892177235524,365.8393958023576,2.8784770568705023,40.425160022593836,8.421390438677165,85.1924710504122
26.233629125809248,0.1211080576297618,368.107605854031,2.8157702987013544,47.0189485489197,8.335521462189417,84.00654214359787
24.010445035386816,0.1516574764995779,433.63398464888314,2.247040436868426,42.16464740535188,9.397678246376017,87.03903091714005
25.994576743992983,0.08067631225395094,443.8099122458614,2.7344252649596186,46.822567293370305,8.746828945853279,89.75419743935677
35.60648999520319,0.14220561990576952,309.86325910920584,2.427180919283655,36.849759933644116,8.05882975213779,85.86991630957752
30.898889855979252,0.11191211466270094,403.5818612936541,2.7292525234043783,47.92149772884584,8.219750438954325,91.93428448800918
22.161004624658837,0.1298455565854757,338.90912756370426,2.6155232165884774,50.893609465541545,7.072000326161295,88.04796401343444
20.389148367320015,0.11043081302932056,314.722524442114,3.07566981046832,39.225304216377054,8.6105538442476,93.72618489025656
23.24258997206931,0.1180201178328127,388.48095918438696,2.9576507355255575,49.33257856406447,8.144987538572618,88.82898300156982
23.702948865774612,0.10057473797579355,373.7911934870988,2.352689797880559,50.711782659187264,8.26899822474023,90.50798995683313
16.94951024621645,0.0859264572201383,322.0233357504743,2.7397681025202414,48.706694129501635,8.255507371840633,81.00148749234594
28.77091406601761,0.12773637313807298,342.8724817660162,3.074774473541773,54.345685509378626,8.946497444552321,81.57862319460898
25.275046543682727,0.10939341271360932,324.65019066982893,2.9615446195252804,41.30766492162456,9.542049114555,86.03673303970692
25.189157770197447,0.13109450850176985,315.9708800684469,2.789577675942056,40.20728199151513,9.021953065047583,90.87255061149736
23.65416776395532,0.1279895991803124,290.0129307560635,2.9022383283255775,39.940884731214716,8.24175316855822,90.36834279563233
25.43358670848007,0.09915726488105102,307.822899533278,2.8623739006655398,43.106207018768814,8.780362851865556,91.23368805150483
27.913447720282637,0.11047957792510349,410.7082186468925,2.6090563273892724,47.0790924739803,8.663278071861985,85.7474956948207
22.84845383346894,0.13260750457076745,290.81786313351574,2.536092513637644,51.54688413584748,7.825213273010458,91.69477278041444
27.318864933347456,0.10589172452126147,342.81665711165186,3.577646930914739,37.55510212080689,8.548517358842068,83.7303531205139
24.217454980568473,0.12036041491065101,403.4855911438461,3.002230643127329,44.61692454000955,9.227578464491327,93.60188503913129
34.04684896605201,0.11392122708487887,418.74626250190596,2.998488419610631,40.09185255419934,8.302508183474771,88.17688316449679
22.951325436350583,0.12474809315857416,404.2673220479049,3.127311777701932,48.30626137108825,8.550368025984456,88.49868101103309
29.7748089918311,0.11500459406983142,381.44847144954474,2.5743112784365962,51.68184167551236,7.595637113200727,89.37078469214659
25.316114540168282,0.13101805914723533,410.1727518287631,2.6811531044821613,43.32331168578098,8.960018507367684,90.70910564767476
27.37627430511349,0.1369664882957875,337.90299262494125,2.45803348071461,48.236486564231136,8.873122986983734,88.77128214716802
24.056103784365273,0.13669657722594183,391.6825683369952,3.132205698189017,43.13961394344724,8.124807512520306,90.85064701368316
24.504619375929448,0.10069718788779661,331.83725590800134,2.9700674398801317,39.83471010896026,9.273905962435435,86.43354418708365
25.86057788104656,0.11817158995281701,315.9674163426021,3.1079316198085194,47.98867212646997,8.463513657426768,79.06858220905916
23.912643483935845,0.10655903279887405,349.1621456324991,2.9195805345447696,42.56638045805293,8.055995868436339,90.75613126761421
21.946135245209828,0.09952834795291352,252.9149101153798,2.4955621326466866,47.67691021860805,7.93306983905195,86.1770475423879
25.717213219872093,0.1291052251322794,350.2099256367972,3.110218718650655,49.10101509248126,7.497902059534058,88.13686680199432
26.11266120585784,0.13374699513048216,357.99575317549045,2.096897946477519,43.19471298353885,7.244698469508188,87.50024175338474
29.43921976966128,0.12598077349126138,353.5526476258115,2.421660141149279,42.881392839029665,9.07569032993766,93.7776385010931
27.165847420539087,0.08841334618404666,419.09421793160044,2.6828602146426044,37.37873765517925,7.847913157690243,88.95220554208505
23.34516131262032,0.1173435554905408,416.3213039881974,3.079265082320563,43.35664645392668,8.202714634688977,91.49520408567726
27.584211088029583,0.13996035304477067,379.65193397617935,2.6556169500821434,57.191693116383036,7.941591672583309,92.8687425986129
23.954460509134314,0.1465571272131627,396.936312339835,2.454255324564271,42.1116677464046,8.490724654212416,84.66998364026365
23.464513294358905,0.09567457931526097,350.367794976056,2.7547357146805953,41.47426586502322,8.522340224518471,88.29429825878485
21.87492854388057,0.13852892062563554,352.60238934913076,2.536134275764774,41.3091975415515,7.344216437577313,84.01415113471592
21.982422544388953,0.12362740898233202,389.2145280705587,3.0180288498130547,43.27230828197108,8.429379791899125,87.1297231070182
25.431099592419258,0.09271392921062052,387.90040317662476,2.8439522860845496,51.545635232851595,8.176157342794886,87.09927530962332
22.06297161339009,0.10997684919961481,332.5292492118691,2.457647801419199,45.64547406051576,7.776224879359777,81.5714427231651
20.19693509220656,0.10331068632377309,261.4884636851177,2.8056040599975653,37.13094513599683,8.037154769217965,82.60318637747837
24.85783480152983,0.11287171724310183,340.00008404705613,3.05976255460667,42.59244161981658,8.282141904762073,86.60214121040413
28.796810421618737,0.12410831301667861,247.09634000426672,2.5648423529640154,51.944356453179054,8.860836610192798,84.22327854199428
21.748999550504713,0.10581881429888991,213.10056364964447,2.7088758993222317,45.82869491160873,8.064724180458215,87.6056855653099
28.43817670479049,0.11952286079664243,356.26248524865593,2.758684562411197,42.05907996074734,9.052455812991115,88.95960126059224
26.646061364360023,0.13713835505777092,293.7230315789422,2.726523927006966,41.820359881087384,8.236751903798956,88.45343709720257
21.365028832665352,0.1373717928589632,306.75400895528105,2.866646592610974,50.74502101395557,8.663610575341098,85.66777895140322
21.433753596492288,0.12955682636532742,343.33081367920545,2.7904261762155707,41.67983354482452,7.676273719237081,91.6106648583437
22.255826348540904,0.1368244844387031,379.83553774014473,3.3723561837249356,53.469985423130865,8.233146654830058,88.21572439508118
23.147164109896387,0.10018949914519493,381.38220202608414,2.689947945308803,36.55917700904918,9.089293869617714,85.84780578736715
21.555277782354366,0.13225277304746122,258.6742979139764,2.88581650553018,45.44134955596662,7.866670324830554,88.62998857764482
19.299931155460516,0.10140801367912118,342.23102082312647,2.7990585505097476,44.83732574308932,8.291456996539981,85.40902372207626
19.490464350334292,0.09935248798764695,247.66290672851295,2.6702083405990824,42.39505140373067,9.186741749525078,88.27744115721927
32.20310014643238,0.159235532194629,363.70083641077804,2.909126981933826,49.03674539114741,7.50862044628541,92.96538517582043
24.94963046099919,0.10667307135875326,455.30552812723704,2.6894421576973633,50.552112833162994,8.101985391903865,86.29309682940175
28.17706249770401,0.12303510122521093,390.75427420324337,2.648428934812019,49.82540724244785,7.336160703127608,92.83009192130402
27.817423441300683,0.11342280201529238,429.35142767312607,2.6745554819327255,41.82775350555694,7.907141257545542,88.10934042350267
25.75562839110439,0.12742523922938262,354.4575294657974,3.1087927948093497,57.91331303333013,8.70772492133897,84.9377709084675
26.079145983416044,0.13374357334878278,350.28194028751295,2.9433064928705193,50.289894191464754,7.809869214576508,90.32169126279375
25.155046216317395,0.13718003703724407,333.677271242885,2.6798668883045167,47.89513920845055,7.397562803971217,87.30111548527955
28.771786380754207,0.11677671386648185,366.58550010057405,2.6288385437452466,49.505440324956716,8.026875473781509,88.29968241537144
28.810312620638904,0.13239272298950497,394.25238404363796,2.798302369226851,37.876735635205726,8.803142224157636,87.38825949178857
17.740329588866956,0.12129950867347022,453.6901564674053,2.7335214141398776,45.587319950023364,7.967764620752844,89.46261342296431
26.0826852714221,0.11044548673130138,343.57677244258764,2.904881149485783,42.45349318009861,8.819149402137205,90.16326517028264
24.7587284582847,0.1181834701211402,473.7855203032535,2.751430610447777,44.582453972617856,7.76462726601472,90.53176006561701
22.83694654602327,0.09988635626543252,287.2024523812303,2.810628040357311,45.34482816312705,8.389971971428729,85.46570850761151
20.848218852012064,0.13465611672141295,400.4442048464008,2.7108639905996674,45.4403874703028,7.874932672337755,86.9475713281207
24.775068593933725,0.15005511640984315,318.83512773687085,2.528499041109118,50.27004032510146,7.583643258210729,91.32884702906512
25.633669069206917,0.1335630397284147,405.0412477951602,2.380007183041737,41.34473516823191,8.350622756058083,88.2840406061552
28.132361734660694,0.11557987675968331,340.64579321437554,3.054727596450305,47.77020748796455,8.270027690287382,89.55181315479453
24.984782051172097,0.15114940228470852,291.28888160468597,3.2100281030051665,42.825371501413166,7.896987360096813,91.2341559976748
28.112471897002916,0.09563813805236315,303.6716654715828,2.6803904856678002,50.56001406447025,8.561652112602177,85.43123162709834
21.185492071501344,0.11707168280738099,279.7731514393684,3.104111667435193,43.57304362776974,7.782874693132904,84.47773371490909
24.297061644643318,0.13076820746441056,347.16872186284655,3.264178575968068,47.11706159990713,8.606142452663967,88.74397277271083
26.91742475818364,0.11767445751548229,467.1814021659038,2.8704470144610084,42.486187958374046,9.606045836349177,91.09776372199052
28.932377927341317,0.08854919298724775,345.52558136107325,3.1716704007606626,42.451590087957356,8.553167900270182,85.39842207328438
29.760636701257646,0.11971848956529378,310.5389135657437,3.3330845112195524,45.21278048352862,8.403525606922674,89.311961037105
24.89692081727645,0.12113334650701339,372.99659275741317,2.6873092114745725,49.06304382105096,7.802235541590658,84.30677806888106
25.080720668539346,0.1283251218632619,263.1526244913717,2.9114150792381297,32.304101903878816,8.518376679450169,86.12807409366259
26.571870163120607,0.12126098562005126,270.67849036482,2.8478303709644406,45.372358536771685,8.277919803708862,92.68044040727024
26.655112559015443,0.12486001443329572,348.7431768996878,3.1557059436437527,39.202206173214705,8.625521907510434,91.764307940733
27.359365936440323,0.10761202513958386,261.09593960933233,3.0423283879127343,49.16410536787131,7.744937549475402,86.38084469568021
21.986132022819998,0.13961344493437378,337.1206415669503,2.6739447212335783,40.80561286929352,8.597165855568052,80.9395842611664
26.98557299575127,0.13482393183631536,355.3011701167987,2.8232769366876447,38.38578053107036,9.256506984041303,86.8393331604161
22.82472078892903,0.12451246894616909,340.58480643597323,3.4661821245426276,44.67195936524391,7.8999289686145655,91.56728408528444
25.791382883026106,0.12057020144670924,364.6387086575365,2.959456967608353,51.701627247524286,8.833900172253955,85.8496885119727
24.487725908106828,0.10926690099357853,340.6699603831337,3.286919127622637,46.055841954847764,8.691068999313092,89.26966425621218
19.24233319768956,0.09017900919776572,328.0045984690483,2.3785194144313597,47.29015727066692,7.929076003618854,94.64127734409695
25.37406276758765,0.12619951847007083,360.6423998641677,2.652928878293568,50.56405250170706,8.299644503709855,86.76981129456924
30.794367959365427,0.15118214858793194,302.06700919247675,2.772328342270262,45.56682991568219,8.530341613065001,89.12884303466876
30.77219775873708,0.12420368588049224,352.85784634874005,2.8880544125489043,41.471929932490006,8.216964731474583,92.10224432237302
23.205921001592706,0.1199265079789082,381.3547340280817,2.5206764794404193,49.69874862068346,9.325292481224782,91.97954259553148
21.049526434465484,0.11562160296933573,307.52610876588864,2.7300267905449123,43.73518048379722,8.740060410475474,87.5056552044025
21.000112175620018,0.1379399296230405,270.33715715731853,2.972366319549052,33.54374794655486,8.686813389257166,84.66098421721466
27.014572806561613,0.1021118047199639,361.06804032514293,2.8436497486579384,43.843620884807564,8.178935827023391,91.4432904357335
26.935784550021648,0.10436262737146369,387.1915512806839,2.097369191349838,38.610647828527945,8.595553478760678,85.42619581588221
27.2529830755061,0.07929195755096102,327.86613827956023,2.92183207613257,50.21550621033957,8.113779187050136,87.07226080460167
18.53557627274034,0.11869652246593376,323.13967673126336,2.9521031488863727,55.22641859761879,7.960099762055269,86.44578891370472
27.28132923523036,0.1573648429054761,385.3575320236875,2.504990000683794,46.51452013331456,8.197284759261965,89.31793314007489
24.088591211901395,0.1402564651519767,329.357890338017,3.2173318735247385,45.936106505385986,8.168624496296943,87.71033204042476
22.21790225848391,0.10005996195784755,361.38263492281163,2.8296228752535626,51.48893657961404,8.323890712052004,82.71657206616106
21.849740151665276,0.13534217359960996,294.83905738306936,2.5615272803538964,44.96323500161009,8.859513167636186,88.7598468473315
25.5778104229872,0.14648116065733505,267.6766504739013,2.208425387004712,40.95202702927793,8.333436968212094,89.2088195385362
26.047835651219863,0.09132744845050003,362.68454002490694,3.274404071202315,46.408916850995055,7.594005430386159,84.50504259592418
22.459706068915597,0.11809446750965656,273.8485852918285,2.9497744847768974,37.07658193933958,9.223317463917597,91.06533463588518
20.733308163560764,0.09075817888923512,438.3374540788195,3.0683207444376284,42.423478137735025,8.727676503904263,87.7420545453936
15.390691206243591,0.11702494945802505,390.47503068755884,2.4690218843620833,50.044475092371364,8.21804301007955,88.99704257682784
23.41941428954805,0.12647240762977455,364.6042829968379,2.583032309360345,45.647283734797824,7.835552022795318,84.24609425752325
23.85283973959394,0.12996695708290928,410.5144034534062,3.054715349974926,60.252876555833595,7.263465708675929,83.6044276329988
22.05250439514455,0.09315666830142885,286.6599560154539,3.049740555649312,39.83365147449473,8.131994858549866,87.10531313579756
20.040615745434966,0.1161022472614407,398.6171327406868,2.686928678662352,47.99900792071629,7.502375192333195,85.3425564619667
25.31742070377074,0.1392978555211969,410.13145306558215,2.883553372289263,48.772848382905785,7.129606568115967,90.71234512453115
24.30421460484139,0.09757099838489203,370.39640893936524,2.9735952395218486,46.25360460124689,8.894181723175192,88.88716747044279
24.321938333520876,0.10024645432984854,293.8741986174333,3.0320068890897884,43.58797209447573,8.45263359058727,91.88280088082566
20.73802391698312,0.1703111677770773,265.9944444451305,2.4630168095601808,47.555978414570475,8.486579126866161,86.61088752097601
26.14936230120656,0.10479022615212177,330.0393263320634,2.6205347075023298,48.896120098859086,8.008954916340787,87.83872717977553
27.015395621093372,0.1524830717225063,356.52815057874744,2.907848757586926,43.63555301408695,7.278088992292053,93.83275387531049
26.824797419553732,0.13412681692871814,357.6923391694837,2.525535602090203,48.41984662826044,8.365753367858355,88.28593678212378
26.211124092684674,0.07146110410992199,297.6638484607783,3.0407104594441727,48.23310583563231,8.464749037564125,92.39897392761029
26.618300519978128,0.10333905622447936,329.0629510511685,2.965693168377596,42.98892308360432,7.2703257273168065,89.06455047168704
22.883574094236522,0.12997648289308256,365.4656181596415,2.72656247725599,41.082945135203374,7.699162317075396,87.28687234297276
20.603761556266967,0.12281011429678217,337.42766615699986,3.089395280814419,45.96669611966064,8.519623552060049,87.37365656631965
22.641736913337674,0.1093937248339332,349.42502190338297,2.1793597004933374,42.0585346076157,8.805697674514978,86.39499695676845
20.01767093883198,0.10083930318969658,318.58910044132597,2.800228839216819,50.259271563057474,8.18152529880754,83.30199897037906
23.666194556813675,0.11473483102623173,316.80522056357495,3.415509421167115,51.51975449999776,8.56501443379132,88.91361751985215
29.430913550576417,0.1061860333133524,418.32824737177884,2.807969137284064,41.83179624975677,8.569897523350429,87.23474790938565
20.848869007454866,0.10377621485963051,342.868679757296,2.863367111001672,48.30459340776404,7.582394789692812,82.24859635392971
27.162473942789223,0.13804822433512973,325.76170017566113,2.743151568095336,38.7373246526604,8.785115052620059,91.64070987707925
27.675636531654305,0.10057533633269092,416.33677786598554,2.599907982656553,39.160329334766836,8.144052588761102,91.40302104200214
26.45409225449857,0.12650506709752077,419.5987240370679,3.2427858135592573,42.20410161318817,7.8015437310294615,85.72791398853639
23.35837681650517,0.08084679227886427,206.07718188995838,2.9221022011917843,41.860314028147556,8.02265674824269,87.40456521087485
25.41438228232971,0.1182409958396791,348.30273733329835,2.4422938855848484,45.33926127656078,7.791097977654134,86.38934966371924
24.280762935708605,0.13049031057623847,362.24092482716,3.301980047964017,46.35656199893773,8.825045209131053,85.30211522956968
22.201327254446294,0.09299587002168036,376.80278358975454,2.8571595368836435,41.627527479097864,8.944607897499493,80.64759482521823
23.740873419205446,0.11914135441244617,327.98842907735053,3.2451040676015586,41.24477836485664,8.164611424643754,90.56785202139895
24.448412596349048,0.10924622704671232,394.6092500516981,2.7840671085558233,41.59042608120286,7.334731919288399,85.22904131560495
24.517643933175517,0.14288098038048888,354.8866336074811,3.0536430359144444,44.864802019911785,8.069202311152798,88.82586191504325
26.66879931786004,0.1178895506456461,399.39301735226684,2.7156850912522987,45.63936989508418,9.157489660083321,89.08363421766911
26.296191118965947,0.08232797078536121,306.2257123379454,2.4235217280798667,46.83457509143697,7.5236058254315505,90.85598509517354
27.555144313421216,0.1103224981001277,381.7610716183203,3.1410943392365613,43.453797453802494,8.21020683554535,88.04084135465169
27.976130884920888,0.16300578611665173,354.0944672061385,2.598152454174221,51.02394539749403,8.448679291887565,86.15343027555656
23.018755925257974,0.12700247570618622,340.9881691288207,3.250147359852843,56.22116996548351,7.188670737987504,86.82651414740523
22.07141185163317,0.11962475800575047,371.4417585241725,3.1089952358579738,43.44999212202604,7.861256036026178,80.1000688703923
24.475168448872147,0.08091171245674683,316.43719893907144,2.1444422126384284,43.97981183358971,7.66450610488632,87.40408362875391
28.333205750814283,0.11185281700900516,395.63779899145237,2.61529100162781,48.779698707807775,7.681084535268284,83.27341313708166
22.450880091222192,0.12836474845865894,222.12266111359412,2.64921649875137,42.901343548116124,7.944108039728494,94.89387340066257
23.81884178891146,0.10138666983657288,380.97734113650733,3.34093656283782,43.30844106776973,8.861372925792372,92.60367966261272
28.159421698007115,0.10939180300710742,386.83120318566216,3.164550692562721,50.05306211077475,8.415553504245938,88.43808171841275
25.26532081330314,0.1373709290280312,270.04012901982196,2.4917376492580083,43.681078204831266,7.598758895494413,87.68257411166435
24.37022499615151,0.0996871708802979,448.6486908345015,3.2740480016851694,48.56500176835343,7.955081781677444,90.77279353056007
21.847476779396676,0.15322733705748712,383.1351608937357,2.6582450657060535,47.280485499689746,6.933629608759742,90.20221694558883
25.94084167658856,0.13565568873769449,338.730184393921,2.8218886547515694,51.57966264812988,6.659530342709288,92.71175737400077
30.305661672146826,0.11653545844503667,261.5487972334422,2.2801429207695807,42.55336415131299,7.9832147516493785,93.0831553418196
25.986254202159262,0.08840021752423241,337.43039028497134,2.9044341149415387,47.18682382111476,8.077483654315131,84.29249246300608
27.034091471668866,0.10584096700710817,283.6708470016646,2.9811603222919256,41.94560583902421,8.702218663370136,91.02453314748946
26.869017433463664,0.11190867208910399,357.90987562765247,2.565402118299871,47.53874814663699,9.023602145137229,93.15479478780014
22.048374232288815,0.11930409700759496,372.9984907432738,3.17966649335212,39.403857668961635,7.722827434219415,88.18008192718897
27.50682121019151,0.08628578994365138,332.16779375506684,2.593660684909464,50.71060715023171,8.069768141150734,92.44421495440531
26.13176495301365,0.15901072141794734,307.90748899089334,3.035133778298448,49.582100789605384,8.06694877834701,86.0790636120566
24.835581889250047,0.10573323236400486,289.2573901905772,3.205785826510512,40.50163826498442,7.796746399290971,88.40771312524039
26.476020939089324,0.11371511427275972,358.1196047026859,2.756425160241546,41.46070546760746,9.036275385156035,91.659656391709
27.225455858744557,0.11022098109808696,309.4203678483857,2.838413796021705,45.625544391018515,8.344452262052167,85.4972567334054
20.87067291601863,0.11729022714578176,288.708984731859,2.746382621293507,44.660370013426785,7.569066062892709,85.3927351843773
23.89305345787012,0.11543076173305242,335.22133066832095,2.684538448298559,43.715303143336534,8.344519143798282,91.94118191559886
23.709927971318752,0.12019634518731413,450.2360189558143,2.756407149371735,49.443743057673856,8.305055984125074,90.67334647114834
32.26607749918101,0.1491637946843969,399.7244684875522,2.970369624479971,45.18395620268418,8.1755198013742,88.42478590664123
21.78635298884206,0.1258658033169768,327.8520122211188,2.6048665949634753,42.846970076711095,8.27101419588264,82.73986106430473
31.04251858681723,0.1424324915429092,361.77868781205416,3.012900648560584,47.31846102947085,8.34277320187673,92.72954073047991
24.914135276615042,0.13562286593318099,329.01120271577906,2.5901399976901174,54.143736673042525,8.38009786873709,90.74318974218512
25.445082591440077,0.10825942158529381,381.9325906077118,3.475028095496569,46.3251951523327,8.332726945651743,86.53982359273333
24.209296447250054,0.13540397728275017,285.7777764878705,3.109280899002807,47.53362190618333,8.287411049827236,83.37524453024368
22.49046059503777,0.1580417711173213,311.26410596903526,2.772923729330975,33.34229633477817,8.632241101588095,91.50374711687272
28.737166055938182,0.13020960477224422,390.39942214703916,2.2648597903594356,46.102116183471836,7.9525758622259275,84.80716014858388
25.066814204887557,0.11500263326215183,361.0089955891529,3.124324980330276,50.13510358773457,8.01165175581986,92.12060507362305
28.724228070342754,0.10583059105084358,334.86741231674887,2.7832442084959763,40.532871381645336,8.538293623127643,92.82068945568199
23.486757534651968,0.12581318481708942,289.8143801854005,2.578298662766311,54.448438988604074,7.219298601381667,83.27157431998765
29.249944568787697,0.10874228531282318,370.42043546332405,2.8415423229255565,53.52254394500147,8.017958849753262,83.93939833347677
25.18195564908875,0.1077545324834336,328.952519031751,2.591457452955848,51.42504709132459,8.061504520829093,89.28414183631483
26.762330288728418,0.07793855922996162,283.44655051959637,3.2500792863800205,43.1398602576435,8.474571688512977,85.3574671886176
27.135310836233,0.12595177972901628,240.52461102231183,2.8902331326945108,43.94017202612136,8.8792634613569,88.83705699385843
28.15963712977305,0.1530393059199245,285.31955177751826,2.4807809534603362,37.78280311507692,8.476350605167955,88.14266064572482
27.167100552062664,0.13981677656518707,380.2710711941929,2.5439289500558657,43.90276704896335,8.574111000225985,91.14815754713055
25.97401480923028,0.09835003586225757,392.5005952100279,3.180862519021835,45.63924942293063,8.269385478324107,85.72421092666056
31.51175830584473,0.12256209817650499,268.6762791752328,2.5858480058819646,38.70901305746376,7.48450008450387,85.45120662785826
21.249540518412278,0.12074039132797368,300.4198491049805,3.2677280677207934,37.47022138537527,8.045432349645171,89.32987392184742
26.003500971781584,0.09773730012887932,385.8577547800489,2.6565286665672536,45.23854077782714,7.963751845276321,91.31353655907355
18.83163753142668,0.11851688043104792,438.45073532050856,2.4554852448200646,39.548895752184556,6.687392179459108,86.72813891337631
22.267052213403137,0.10971162741339534,338.3358709562865,3.289878100152924,47.80567826917789,7.4746591343350754,85.5328879564102
24.19828056750182,0.11931563445524643,369.0585869112947,2.9826298732355214,38.39285720045662,7.855210151016382,87.52172964350966
23.074548256943785,0.1291311670256298,366.2376454994447,2.453974121925002,52.22770976614166,8.686396431377656,87.1690569863485
25.29177604644985,0.11757253896023526,325.17670484014326,2.4916692356929824,46.89336108828312,8.197320543032461,91.8942271207637
22.802812622776308,0.11107317428858447,402.88720372903833,2.3916257767323827,43.21238723970978,8.12415642472435,86.87141583647174
29.131598219060326,0.15076613082785476,325.4620479153455,2.838347072089433,48.22382861062135,8.851199875152076,87.82093716745197
28.991355245920662,0.10007952338586185,343.0820479646322,2.6741814968754505,42.19077071801932,8.848561823181548,88.15566139803366
28.47168672793724,0.11768887780236345,282.9293780178021,2.7709274518556875,44.99511080778158,8.315047763695457,86.72854946810116
26.02812403464703,0.15794269828317292,279.56011007144406,3.1035184759401053,57.15786687230813,7.182635744970181,87.01968001698728
25.617964243956767,0.09846577990805434,448.87257700138116,3.2963011942406655,44.00281105748731,8.05472782068025,88.39768105011738
23.222374468380334,0.1570492923643888,427.6118759648409,2.308423724190602,47.28487662589318,9.05561516640454,83.293702026673
28.759729080177166,0.12432650803481908,429.79063695436344,2.648479966052762,44.15307964974386,8.327004622140581,89.9827999144746
18.504807121381084,0.09653967880872133,339.62329149822426,2.789150503346879,35.644266214181414,7.78814848987547,87.31573514345982
25.41481774682012,0.06755708991240922,367.48866367984454,2.868750061799637,47.39156209952877,8.488510818371065,89.29864646720114
28.080329897789078,0.10771193205488191,367.66912273702627,3.081272533369541,48.731228039345126,7.817717017370118,90.03189574294127
23.243478534210826,0.11164769895098899,365.824979472937,2.426772521709392,43.96374554450752,7.68370499005477,91.89054511840025
26.849353571720325,0.14097942127677845,324.8665767732164,2.391502903389701,47.26347648181111,8.279938668555909,91.18640124792313
19.441996802489317,0.11668760741151914,367.1983759725291,2.668795021572329,44.97295633700276,7.765827281013694,91.92108085322873
30.444095739612376,0.06865189216040106,299.7247257296633,2.2803350705493077,53.83626466478215,7.176318738116424,84.13803891579329
22.544180244057586,0.13732621805936296,281.5539302748484,3.1009568998234487,45.22823045282299,8.491517072780589,89.02976282659729
21.6853075331848,0.10046877762567373,340.22453996724215,2.7272695636463435,50.93732234387305,7.484186702842285,86.40621156486085
20.773109903508463,0.1252106702872326,435.4289513891705,2.568076145329816,48.381913458452956,8.505482764496348,85.87415684621452
21.733432275574888,0.11140069264483131,327.24944385636127,2.798286736413697,33.07055700845794,8.698193081403653,87.98297720312092
24.12368906488283,0.10763657783547068,337.8302032551329,2.728545134339052,37.10709958007624,8.211991034982844,86.77231952960993
28.911802984094102,0.08746137740072499,330.9289651387751,2.7323207672866627,40.06706360649095,8.77224910889202,85.71709314084067
20.06002770061088,0.08872784368981654,319.2806005898997,2.7942864449515556,45.22467902936733,8.49804247041245,85.8129905322309
25.54182133524592,0.1070921345151919,380.8621393607974,2.9763892670299716,52.50624888824606,7.56883304993889,90.81053164344962
25.139286421456628,0.11216648852531791,391.97258350240503,2.339522107774035,45.62422644208642,7.987018560548658,90.469725522513
28.140564923477573,0.09407438318519608,291.8799538737668,3.1925809011727813,48.12953175323768,7.9698483999981855,92.22857563893653
27.194268435492017,0.1347123988071736,337.7708310607443,3.0203921099364037,42.23657609836613,8.129694637743347,86.69202457502121
20.81331802914129,0.11429358890618241,375.5510444231771,3.096987847160285,42.47977492830371,8.289367025671886,86.54144281022567
28.433119546664933,0.14642634888148895,365.2935396297047,3.4402991747596143,53.337027998380385,8.482855034017481,89.20100941572657
28.836254030292075,0.14310703554853593,343.5457724011338,2.808588623789718,42.94604240749534,8.376353538169308,87.46710701425674
18.797310777264904,0.12360043184358535,335.6515245528554,2.890010189903627,50.063905691289676,7.060621202707891,84.52585064477202
27.30294683127605,0.12948714147093934,360.16596531514756,2.4294184711050564,43.8239947006191,8.068690620155952,90.02251985811044
25.3026641128064,0.1163377932469467,361.37937987470144,2.8967807779578467,50.63883291415975,9.006110328940395,87.44828196768175
25.13786481464671,0.12627351304885076,280.07161394274254,2.598815549604839,39.17863637622701,7.373311283302858,87.27307578165735
25.446470948749653,0.13966310838854132,377.96781996556615,2.8271762600862953,45.08994643842592,7.88413507388906,90.06200105545312
22.915445629680327,0.10314475021468002,332.55928359602245,2.9023292532256466,41.57202720996997,7.89124580900228,86.83077735255996
24.032869732178554,0.10296495699667824,393.94530821959995,3.2095681620204646,38.73801754840976,7.833134812673065,87.4414679911687
23.202674012439353,0.15298647415681088,436.0947264860684,2.9297966639180353,46.83607283783726,8.289864768624955,86.16283836823247
27.1878920808799,0.11073782600182497,279.6366436626246,3.0818251343291907,36.618105596988556,8.76505844935329,88.37842497397595
28.836360446821416,0.08749100225019116,293.9489238924948,2.550486743389104,42.60066030104233,8.758735584006926,81.52674770484663
27.418467344222538,0.10807549646906635,305.882302903097,2.7877909394623845,40.808125534439384,8.523961207672954,91.3475346268336
23.606542393678765,0.1010463405096006,372.4156349285381,3.0478536095651805,45.34952036825422,7.547288670219299,87.03462979483234
23.4225282978718,0.10848671519485341,383.80269817524027,3.0999973697022645,46.85623262799699,8.583203945620026,90.2978760483896
21.273668340815266,0.11841448861139887,333.19506117604743,2.866819074008124,40.552421385387504,8.412513062576881,86.31413958213628
21.08950594553298,0.10356101380773956,416.5209092863547,2.7248259106072306,37.774045544921606,7.8945095812112225,89.19443488384864
26.757622004241114,0.11742666530491602,395.9383780180402,2.6983976804225156,46.687610845025155,7.856987251156752,89.96880266882032
18.13499563557739,0.1541652394228526,361.0771343602303,2.5661381282587143,47.13206023250612,7.948743676046672,87.00096835595032
29.26797491827439,0.12056298720102854,234.5147595415743,2.877231667032309,44.489286859050374,7.840949651243514,89.51308137952314
22.682424172760935,0.11615788903981648,370.1801213518817,2.7710312206670777,46.23244934257296,8.108521738445962,89.98119473884117
22.745093214863534,0.14872253136952385,421.0412094182872,2.8871514602279946,48.400220861626224,7.3010057853274395,87.33083457901023
20.949395985800443,0.1106073976840313,292.3016973220894,2.8543296884564318,39.45798453486298,8.167490116214426,86.52152898357612
23.880760673262024,0.15480611118594245,291.40828988736536,2.535185454080628,47.971137091552265,7.76550060888378,89.10679421059024
23.457794588003583,0.14853233479649464,303.8440390277515,3.0045539363374685,49.669316750087276,9.19960163944458,86.90746056741189
25.856542941122168,0.08972793071198587,295.5033917727001,3.3550206750121436,38.69963898360627,7.989278568648904,85.36743012067902
20.342930886526474,0.12588416662117108,315.83283738408545,2.684748042164992,45.96688778535914,7.47077348797604,91.90554460416719
35.35161107347191,0.12418868743354147,341.6230034933184,2.6354261940164068,42.06371261375477,7.356412003667181,90.69560085057508
22.90233281358772,0.1423947203328648,309.7955654991619,2.6934167633397545,39.125107791992896,7.362686499832414,88.59085789769921
26.502797817283955,0.12400612007015312,402.8903690326783,2.9250834766157556,40.50909847837544,8.18838118519324,93.05377233270583
26.169580653229453,0.11269949652721566,370.07946146708076,2.47711883692383,44.16287997221622,8.505673984050382,89.32486187078769
26.932040192975855,0.16157675888982004,389.87008903439164,2.9956923886106694,36.10613834297196,8.685305010242317,91.74492500142411
25.363745080952306,0.14108398765707558,266.0158389739063,2.8033687363318793,47.964174116994094,8.598485007492556,90.74865112507048
26.275568835459023,0.08929296171513776,301.0258951557664,3.1051339390338293,53.23854175186402,7.949121267915004,89.84574438668098
30.051271669527182,0.11182463451669893,424.1634442336772,3.1785707304887665,45.765769739580904,7.746371855759228,85.39010881786254
23.1036151096994,0.09232735016915312,437.97843317509773,2.9559874572503606,54.90115913181715,8.883798117698612,90.05315232816505
22.68253959655478,0.13275611796111705,421.9240686659554,3.2482579311157105,48.52968747859863,8.492332032814714,96.98750755472791
26.487107641620106,0.12282150233631817,307.6518882389904,2.828961879989828,50.03235405510558,8.100379152227365,89.74464880472144
23.948250201999617,0.1414246868739076,318.8644343290734,2.95418901432045,41.77658722399549,8.130912883049351,87.29372245898496
30.81429655743657,0.11786906494711526,371.1534024270238,2.8061139747671118,52.13072020480942,9.308583915569384,91.27080510290496
26.371942430951965,0.12477529111020765,323.0870980208924,3.11327563788586,39.901322866454564,8.382625305621556,84.15136716423905
24.57978242882333,0.10666748905176102,281.5588132226618,2.419453632506907,40.82415150892876,7.968987048728524,91.69365693555703
27.02959282072236,0.09058246818731622,384.5407417011534,2.9182620361332696,40.70619731127482,8.096162509498123,92.75446539805718
28.963245114813024,0.12579401415330885,317.3143545465626,2.6968343584319996,42.31961080520443,8.589658530345273,91.37987913172957
23.556516730265784,0.14321412552289284,400.71649361415984,3.0815156819574945,40.43261747574836,8.55156799245313,84.27648731575286
20.254393115981724,0.11327289702753308,311.3437543435706,2.2213139882335784,38.653350430567514,7.564240888855175,86.72079677362674
21.687815722042167,0.11865559222924255,353.34501534541874,2.6701940092664884,46.02655065620472,8.028260820578856,82.28088956770156
22.595023604526602,0.11684158853901136,419.2969579061142,3.119955356441629,42.81091348309328,8.639043129961346,85.63807303971768
23.39690935748959,0.10381817044403428,355.1034535531349,2.942111264142498,53.79906854417818,7.753721087280528,93.7790977882563
24.638446280744706,0.09031045853279031,383.0780780279434,2.861969651205203,39.730915703572876,8.452670946067792,86.37163979444105
27.44385609828091,0.12775407948897485,364.17595868024597,2.5772687783952497,45.143091051030055,8.294229808065696,90.86769959837352
26.88280721804099,0.14687926642733137,357.14311060772803,2.353841557361922,53.14813176894841,8.43763510696564,86.17509715032281
26.10200617910922,0.13147907045921872,396.8311844785345,3.7418387787787157,47.32391562600397,7.817320403380844,86.14148186158107
29.964436194076235,0.12456057421037856,354.7105933642221,2.512343973456192,50.50589650904908,7.894515437650262,90.60179953899593
25.637630840545462,0.11600884796078936,430.69542709201176,2.8222482632880244,37.58679360271822,7.834901736191957,86.82779450966738
22.788716924921967,0.1489896849651867,371.48029434218125,3.0779433696197582,57.029184448808934,7.553858339218973,92.4621945208605
23.06639841102833,0.11496598568159376,377.7202525160439,2.5648298105128853,45.532245121356446,8.545586787007498,87.93732008008277
23.686972495595448,0.14257979624099953,438.8812837874318,2.8614702401191137,44.1164158699896,8.323473189973257,89.92387270359436
24.873397883269543,0.11592445157266933,307.98206097969654,2.398266520865575,44.25510670788979,10.136297095892981,90.33189056378058
27.47467701300838,0.13483951212631354,358.97657799895325,3.031484815326515,53.725507510670646,8.51225693624927,84.13512707498344
26.703307049195217,0.13992571295264702,377.6811465257424,2.6274879951407035,41.58927165902203,8.31453603875006,93.14976552600281
21.56569015242879,0.08612194904143639,331.32905139096727,2.6220675848861075,42.58802105855455,8.355136543919565,89.98715648944948
27.716807653542876,0.1005934766584631,263.77728907897017,2.389237926782375,48.72345092151307,8.075606281875508,89.28486206710855
26.042453266787025,0.145131950721135,390.7615902944382,2.8283797042362884,47.637150065480114,8.269646646690198,90.3303898361332
21.77241078529456,0.14757973050160628,340.11054041975694,2.809711311830903,49.06434599524753,8.629750800834795,82.60991858296998
19.69147327442387,0.14352181853657006,362.49189552833445,2.8348458915612547,40.98787955895246,8.09610765392586,90.20870892905141
27.608062725985906,0.10008934261812827,375.10961103598686,2.762172594773635,42.429125216442365,8.789727731631956,88.4170390663592
24.402366612488432,0.09576366696013977,311.72294829454466,2.9023069236377648,47.30159170481555,7.974542804838111,87.74284894910487
25.42872723538305,0.0733010440831835,338.17071021469695,3.0438841905711356,46.376781222701,8.062040302343966,84.39746702522868
20.962916716299166,0.13382864336025563,380.7341122035103,2.7781915088262523,50.09148119048788,8.20269712889887,86.61012993680467
26.98539409515685,0.08360014710414646,289.59186552814583,2.955873276664029,45.464836924869324,8.391226115393998,91.16266911714006
19.726419592329798,0.13665079468597452,299.87045922754834,2.6987079895070982,41.0529091061145,8.627295897098517,83.16483659455005
20.493341037528694,0.10301512583589433,358.22993431223586,3.178620853806836,45.56572512448821,8.087198337313334,89.09258584652984
22.84298821841005,0.12910555247914224,330.9375679901857,2.51819952157114,51.92599348458744,9.00360558901734,84.55712788990036
30.886724084037706,0.12477121256168981,405.20076914767975,2.502303806907764,48.472394916500164,8.095621710989839,91.56707591501228
19.33981742835777,0.11881185844305653,414.14065199535577,2.6707275170568137,54.15625523540692,7.253339661465592,86.36585839005143
25.850270833343917,0.12431014218920347,403.4456395728832,2.7276043759877617,41.87252934767268,9.155444647402788,87.91507369055655
31.124567817638763,0.12116560255510297,288.5417411614144,2.60119817996221,51.212327179167445,8.1069060889841,86.2996831538537
24.985050716787608,0.11760525657115335,279.93272508848696,2.7768762393526676,42.86948043847604,7.7458979025680605,85.8880006822544
25.279099362638632,0.11858094260970903,346.5741086573156,2.4802714672308666,44.858775167021186,7.039561636686173,86.67140292287364
25.16718597869495,0.09732236541807375,319.53036198505066,2.342995253595859,37.629329285677144,8.64479132933716,88.87554930784299
25.203813951376645,0.15714918855911097,296.1419879900363,3.1333044200801097,42.660931881200234,8.334054594202694,85.41373903509196
26.68608292697315,0.1283518880529524,417.5282302761509,3.021705636376185,49.578415334137176,8.344873429146329,82.8774814261286
24.33532523944176,0.12084850527721155,359.1442938191839,2.5079584032916995,42.55829532088948,8.040697792465766,90.5580280117236
22.144380790089226,0.13886963351091547,344.8263022887219,3.204596929619241,48.60049613804777,8.609500017530323,87.63194340099473
26.98466062211138,0.17057858590101177,387.92972203779664,2.865333436605642,40.55705753201723,8.638324522521886,83.11107131812273
25.018221555215163,0.13758733649063004,312.7541836901165,2.6266863818466986,53.751956638180054,7.908383798332729,91.4400592189419
18.68032672889599,0.12453229032428324,391.0393293799875,2.4206136023458438,40.70658953887823,7.673992428487949,87.53000616484415
26.013175418319626,0.13332515665724398,360.2860102524174,2.0432850252927026,47.716587313039334,7.881342507235284,86.05922591862328
28.02799931774752,0.14243979181596228,247.45346585669571,2.984623701979409,59.327571188072874,8.798795811408592,90.21048368053613
30.06356290514595,0.1476542746909565,374.338313975111,2.9278076724564825,46.618414860697705,7.985066745691884,91.2725530284985
27.169373367033288,0.11629592732826578,344.0166253074658,2.668352459134468,47.1552227943116,8.033585338428898,89.11404237085127
26.955137611826657,0.1138941878626872,330.8173935455996,2.6703631221685935,46.24995378583164,8.191354038089505,81.36930465338975
23.790282430213793,0.1243963113333548,392.29954547365185,2.8512917053706115,45.38772294120505,8.301143569492703,90.66066374496299
21.798688100593218,0.12416265889711635,329.0594400482752,2.950611960435076,50.487809116178134,8.899132085228903,85.2680454347918
25.943047603539124,0.1324922478413627,318.01659378849644,2.9766669160995822,47.69502884504795,8.93406005224733,91.42102667036367
27.61974169200145,0.14063868206104463,288.2939646647018,3.0341248631294246,45.788372617186454,7.923505496855258,83.50762894604792
24.423267707670732,0.11409811837929043,353.4161138373905,2.672235806698414,46.80687676694809,8.17340355707416,88.3201465514198
26.784855663220288,0.11687475101685016,329.0883400406881,2.994333146009752,45.64453989886361,7.840036894087769,90.28438108046413
24.711296732935182,0.12273716137561248,331.1468658587118,2.58381511920763,45.07037158623428,8.765619091654237,89.430655963252
25.034685602545743,0.12541583704381162,291.21405067864043,2.615861162511869,41.15885549686114,8.400321578543776,87.04682615445951
26.812389604902926,0.08825202520533941,292.3008129287966,2.790068991964085,44.34897536539543,8.173877582167167,90.8890198616947
28.05282326064532,0.16237870286735706,311.11804084761286,3.0197122215070604,44.43202316547239,8.499438510856763,87.05884321267904
27.240089522475216,0.11891867649415437,331.31970816394886,3.1009020264039426,42.999172735893595,8.552956513058698,88.66606298005142
20.058325759775023,0.1347698501262242,328.3825914092441,2.8860714015924596,46.42972339519668,8.227532716368403,89.65525035309922
27.9654046528349,0.12490547722261669,376.80649082461,2.5573865375175364,46.23402932804043,7.113501815113309,84.63005154663311
19.56552099602063,0.10652107882872276,305.46435105186265,3.4541605290346777,52.99003823595415,8.604464868148623,86.00329228345343
22.543675821412876,0.1532107706916656,313.07671080820785,2.60631131908448,44.88262013685406,7.883201875583771,89.6066751448863
26.112852938181927,0.12961980682623298,361.0558596091672,3.1270815778909182,38.73273889199208,7.914498237315678,83.19753472024222
27.47815136979718,0.13073636785842227,350.6346973198161,2.4561390829996865,45.06310324828994,8.355508008776736,86.33650319975268
23.04681481186185,0.13349305447047252,354.7779478304326,3.053558836735437,28.93021518709147,7.469985361398352,86.31981199870741
22.733102694985888,0.13596966360915327,397.9539329111496,2.7946990602280666,54.07405425781023,8.121972025775731,89.03088444447533
21.137436335894485,0.1180679050259734,430.39831530160063,3.2050060285448128,42.54059493124978,8.133885217145195,85.01850975313307
25.34281290212387,0.13556802062582546,346.63387988441605,3.3088380277362286,44.86497565289927,8.251392418998378,88.2603859817119
24.7666235387164,0.14364263723663578,391.35424413477523,2.90723515960788,46.91189883834664,8.185964377565256,86.840552886295
31.86432012662219,0.11682542280687873,345.1784125938413,2.605895545616539,43.905886542769245,8.026478870870823,90.85006563056866
25.48104052469181,0.1718427124765915,306.928369232214,2.62717201084328,46.543587276975735,8.614289151703598,88.16514498522511
26.298513117834613,0.12645002456418644,373.6342534855167,2.8164665927025685,43.6187235324798,8.715568350181199,84.86973103972483
25.686424848725753,0.10655982505559272,404.22649696222663,2.7310546864231737,42.72549178102044,7.918552605316816,82.01988923667068
27.51967403874361,0.14895594911652857,385.3898394922507,2.650177087238169,41.704132682837006,8.362947749593669,92.52792257230053
25.026935571425707,0.13322180249346538,286.9223668516641,3.0423760898685708,43.84253347077984,7.360652835344564,91.51029313209908
26.55904027389022,0.10305560766716117,306.42705440099724,2.2592688706896746,48.90698633136884,9.083501442661992,91.29618322873286
30.548196834919665,0.11012639064488153,308.54109102981533,2.8147592735287756,52.751249343671034,7.675107302081137,88.03202023873727
27.778482529845082,0.09596462112245426,304.14518047445455,2.601245896270719,47.85582076570977,8.370479306031159,85.78026479005331
26.020694707969042,0.10473747025761324,394.66052371159935,2.3231896632640563,38.958014074894486,8.19253976774937,88.83497158115918
26.563835981402928,0.1270334614162455,358.76353501618195,3.0951860635120827,44.14174000067946,8.107915521622086,81.69759338456748
25.398709784411682,0.13933689404954222,354.5388545389095,2.648661797645153,36.81385565409805,7.980831818258092,86.43874378808601
22.90026581184673,0.09388802607766064,402.6089270372241,3.3987086473881747,45.14348889789142,8.651830041142226,90.35737677368007
22.736730907275447,0.08201263000268377,380.6103759148648,2.4944909112025955,44.96351420028103,7.671133913645936,87.73860307925972
22.394599288796197,0.14192044557011838,331.5098040439074,2.9022247984583562,37.6081388210172,8.418209016540343,85.54991442598893
27.15934117759996,0.1548433680078064,403.8557378817292,3.084132918785655,47.86187800362782,8.526531984453591,88.92010988627092
24.9998743423185,0.11416727950854283,369.09091353726,2.771415192579173,42.21668758999677,8.798717117046035,92.28814461953013
28.805820058571122,0.07551416708621234,368.7709405171233,3.168795343146336,49.7602655023719,8.673724346025203,85.41994632616608
23.000585472774063,0.08363099122295692,328.96873980511157,3.067761185213399,39.39385353412926,8.073924427795221,89.47104101967486
23.67199158870999,0.11751890586427063,291.2948209792347,2.949735382883281,41.88600138396114,8.83877064901842,85.83233895003698
19.002960100053578,0.1415997590430021,381.0912579458482,3.058063362968514,40.793610894965035,8.587117743893401,88.50699903896046
27.46832204581337,0.08736008258012627,330.32757492600746,2.8675584883172123,47.8156982117007,7.852046115671614,87.28162201035497
25.336515626844516,0.14883200242538044,392.51670226774536,2.362608210214782,47.970082872878315,8.669147449080597,84.08374449436226
28.696663037438498,0.1499133212072101,316.29085604137833,2.547482582901221,42.03825937026683,8.480922752262723,88.59064163142412
24.56748163559405,0.07841506088277966,363.4190790374543,2.9545875505502255,34.618695506487086,8.15521916626389,90.35357427114583
25.153115208401125,0.09903603262970621,295.6650190841391,2.449610597303787,47.23323561261135,8.435065556804055,92.10415116262588
22.078587654075818,0.14806713247982806,337.6407042297416,2.8358928736399824,45.620962055667256,7.670133481359711,88.8928381555854
23.091094851910277,0.11868139020322224,277.1565335998493,3.3674184507077456,43.08984149880103,7.846942412160713,94.91535919707756
32.002407906714424,0.12472513634893863,315.2385769111346,2.541873234957413,40.27824903181038,8.870881262893565,86.88059583091776
27.70733552478516,0.11462330773744908,251.59589311367841,3.753748426464988,46.17775130029517,7.491798641648459,88.72501492886536
27.576924051173204,0.10671073464127806,390.1672504266439,3.1108930243628192,44.7639136055438,8.688871189503487,87.39249754752167
19.89909317798171,0.1315424148265316,377.30023066278915,2.2804607740433687,44.975823689336195,7.467813527161093,88.27065721257104
22.266191833547595,0.12352134323737425,442.4354599284355,2.8566898671925127,42.89506241720863,8.324492607729118,84.27749249541178
24.305890066375714,0.10561692263542863,375.9721347515218,2.4152258644282965,39.95046625170979,7.849547891072936,83.71958337172
28.55018354790616,0.10856434089667445,362.46102652743633,2.4578564169340393,39.34243643411392,8.544011515300284,86.73094646962181
26.597819596227787,0.11803024309432653,410.3729685266619,2.7573288715009303,42.51272636094765,8.178754941362186,86.56214208620517
23.3794947560864,0.12669872664218176,322.0777008494404,2.703128995493638,45.56655824431544,8.366868744862552,87.62581377558566
26.672078481055912,0.13774014249112698,347.1783131143413,2.638824221772994,39.69137456258732,7.443935046255354,91.74733847494142
25.07018693193029,0.0830159196324615,383.34719290131653,2.6478586868234903,35.81072617172482,8.080789103301335,88.05986700172207
28.22413547010416,0.12734104917633876,395.35769804664574,2.5925646596162597,49.915659689579215,8.410457544613115,85.73929530951652
28.760423986264435,0.10716526779426391,283.4803805004351,2.6077429625453967,40.41905130608747,7.250308468394478,89.4289138385915
22.91023362031594,0.05857031796162825,341.3546495353376,2.8603400188764367,45.4776454976733,8.162948952192226,87.05103608025112
25.78644280667378,0.11595028157377987,401.9253911040286,3.136617846014842,38.83947949585414,8.566918615296547,85.24934260480086
25.29822539287591,0.11591061371767325,364.38990750813787,2.6514178074833663,50.396654770651175,8.044931176518327,86.7578766991919
27.657521853523654,0.1455569436314832,342.4187202820326,2.7978097994020805,41.77780512373716,8.711340181009072,89.47076143408047
23.87358540994186,0.13407856620294073,302.50267960611785,2.7285022443567613,44.65357400403774,8.6918659995295,82.81854122795635
22.957112906948527,0.11405683071631814,463.08590120957086,3.022763621494532,45.85029665114039,8.079822187911704,89.2602213048772
21.207659185988533,0.10825476543289424,285.21310875027723,2.5157888898040586,42.84637053771985,8.138742900036968,90.9803509295301
21.9579769354348,0.12676739226864303,418.06594530872746,2.6101707665487592,52.90547548194645,8.364430446994238,84.16382728540682
27.85049664405171,0.14580047682919203,313.6473674118596,2.420773972451694,44.399419138960745,8.414050293854627,84.79083995140556
21.618801007070978,0.1249468843542273,338.49335097098145,2.5657490520804265,36.27807102144642,8.570865912340091,92.97902141928074
23.79814402758088,0.15989356419159514,329.53013960862125,2.9527953754508034,47.76997714039873,8.338163981293166,85.05712816362245
23.728436112433727,0.14600104529015842,339.1828421555486,2.8118551413655584,42.79123178117211,8.3655947492122,88.2286278520678
27.485897433791365,0.14247901386564116,357.3699998031354,2.626366090993893,46.2149908805604,8.83216401056103,88.16720454892027
24.688300754657483,0.09145671674010437,361.75852443093567,2.263047605231171,49.433909404788444,9.187475538258873,90.80833011261724
27.553903211684904,0.14016221733881157,356.75982933071697,2.6865059917027097,40.976167547527254,7.229174191205402,86.82235914142157
30.315685631172023,0.1290692560491133,370.327838065169,2.8692443223961854,41.06017284557457,7.379628592583795,89.92678510673808
25.578188159655575,0.09993721946452425,309.32277235100764,3.067395949725643,51.58829010911392,8.977947604362596,85.08440897925652
22.544006423135766,0.12974530629052147,338.01909308383813,3.423504202033565,43.920919189910975,8.206550720466955,87.44853583211804
23.240643798517265,0.10743007767353072,262.28526041460685,3.0498857037744056,47.50016737068562,8.22441507416451,88.84013205684722
21.506498309560463,0.11739720632519504,330.57016802451204,2.3211314385278334,42.859930059249066,8.269763097921096,85.61700362008342
26.06654477398916,0.128576541843523,386.09802462320187,3.0996951631830694,43.58932572002351,7.715209130958383,86.60673831982541
26.715611205154552,0.11038107077510069,282.17752838900526,2.8410374286140585,41.531446996362966,7.973200819733679,89.60363241947213
25.228087723991898,0.07631733369362453,425.1498662441455,2.5222273971843845,50.1368618980236,7.4417401038919095,85.99506851461916
28.497868836182004,0.1140073531994294,346.01938984596273,2.7674767637698268,34.073874655526076,8.127465642165767,91.64113825277062
17.8658128859931,0.10170345770359435,343.01687622331076,2.8165307578648706,54.183773662995286,7.413976280476291,89.61345900891233
25.088855319224777,0.11977469587167362,357.7817313907072,2.6580523648748358,52.29105751111594,7.625076799329338,85.18561078501087
23.420924625167096,0.11617754027326412,299.61018400846024,2.7154172192885078,43.40833053096908,7.458028138842614,87.67304617544964
25.095113620651766,0.09602572698453285,389.36361496400843,2.5135631946118995,41.86318862216237,8.325015369609387,86.20327265995758
31.960028905152708,0.11836749472086734,303.7275738696826,2.702921950743219,43.732696130194455,7.837002461345706,86.97403561219886
31.041680501251108,0.11398083767629698,385.3793180707737,3.064457516684089,46.82584523106398,7.822282658009764,90.361428196869
27.102691212593026,0.13646000415726459,384.11202784241726,2.804341379266854,44.42249071739314,8.1351103573464,83.50095800202374
25.387676926364765,0.13831589755597734,331.66075487301293,2.4158650447741934,39.492562038802134,7.984697074165272,89.01234425261543
27.205881929798572,0.1639806320031613,464.78567410372295,2.7162184797584494,40.05223799930261,7.154646000477574,86.19551934566348
26.25115105691858,0.14199459814210147,363.66465463663076,2.7662584376351873,46.7052327249787,7.638201896643926,91.51108479945715
24.912683009155735,0.11469621354521009,284.1033414550217,2.781653560381427,48.063950750652204,8.366787673181909,82.75290533126527
30.060808809148675,0.10388458172935966,294.5385542708785,2.7551264955712784,45.112047852686764,8.618377000484116,87.76151094780951
29.43844729580905,0.12037724959388228,392.08492706887364,2.8887952315585843,45.22911883254775,7.93447883489991,85.57951574584243
22.136461900730847,0.10276343285296456,316.8854226832923,2.75547907227751,36.77883912170081,7.655132417975649,87.23698084764682
26.069247830648,0.1074643678988027,336.32084555280477,2.4752117306865555,42.53409045509969,8.683335366576959,91.46612369828036
26.34245963773377,0.11231328381926071,298.20416361694885,2.724516022105629,46.27831486422166,8.274177688337266,88.28319361797654
26.486303952085834,0.16094246370275955,381.42031256517464,2.810100490443255,47.408452911085774,8.611442092994574,89.29124934336393
29.629250680469724,0.12183643671706239,381.3470579502999,2.9598795900478754,46.54530749682765,8.042810211281056,88.13462912180178
30.29541836317628,0.09536352362779851,254.45745965454984,2.7254363920184232,43.90206286799326,7.753344373938833,89.88147518899586
24.39597110965341,0.1534653807728783,429.1043790883603,3.510713020593886,42.44112174077465,7.842392539349482,87.01458240618335
29.1040387865136,0.12032067509209644,378.9538914829551,2.8510419511800764,45.59818341733949,7.963656190920515,89.90003448277875
28.262248195660547,0.17109389928660376,358.0726255045872,2.9042225524445,42.43115546987562,8.251579860341726,89.74456447103569
24.71651364722171,0.13011164746066478,429.9624087287857,2.5221500080999157,44.968941200379184,8.307854984967504,86.05414874614527
23.679291945591956,0.13477822747210463,314.54094625145325,2.4637392989944367,42.07101487544069,8.104564379778319,92.6637874692028
26.72494131790862,0.12217354007397921,258.1265786670036,2.4588271306985225,46.369230944031756,9.104817983100274,86.26747280517024
27.006722617764996,0.0960594256926961,390.7084854292202,2.739299776465268,36.41768465936036,8.213225874434647,90.28376216960218
24.56626516015475,0.10253180799485853,340.6112242474589,2.32586597369756,42.35263323278019,8.122721866200338,85.55152131786235
25.947952334924437,0.17038686072645387,348.94778656432175,2.29623083885389,43.51897627159039,7.283521791729657,88.11219809469641
22.327667895134393,0.11249132837231249,420.5263259998887,3.329466666496681,43.690563528096945,8.265064632532505,85.08170459436195
23.514344030652673,0.12432131067424113,372.3267347562846,3.502550254259644,44.79664084106906,8.16211556894486,85.28974852644318
20.24390263516694,0.14657505342173263,312.30112587340994,2.9580279599044528,47.40647934606274,7.662983127041002,84.28371356129503
26.325975712474147,0.09632449524935711,284.3251172198225,2.7580582961582683,43.82398633686264,8.063030201214051,89.60087204483453
25.860068257269567,0.1558374219913945,275.77359183764963,2.091698210702925,48.90538189072766,7.975570418022167,86.46901664621075
26.954328785513578,0.09389949181323376,317.956742519008,2.4944983212102336,57.288873403532996,8.368402462038475,90.07206650995415
26.49435373086187,0.11685537787512706,358.7779387420559,2.5356257193867617,39.243115307542844,7.2352317036272416,84.18442116079015
25.858069496550588,0.13581200073817126,339.4215269670847,2.5082184668980547,57.03851333725572,8.326006252053276,85.24043185529393
27.332707145213504,0.11599963427155599,362.22533664941045,2.6840179177038967,40.07174255779942,8.104357330023904,89.62608048442253
22.33555693781427,0.11829535701606854,463.714556725786,3.477260579320198,45.4978926127271,9.032483160021547,86.39741942663294
30.745332651534863,0.12065972147891568,352.8672341362608,2.742028062704977,52.1872852902148,8.123169890377639,85.82943477769675
27.14264755666573,0.13431088476273564,314.82278097336246,2.8440209572743615,42.64121159767558,7.8624977158156035,92.88072485299614
23.430023156725053,0.1148619165790129,285.9474797411345,3.015701454354507,42.25707554196708,7.978272531030517,86.23256531385171
27.87682050002515,0.11072113156434846,364.734029247707,2.9615064528801502,41.44321803131425,9.534616969407159,90.01532135419916
33.43955011081545,0.12715397521483876,358.2834735115484,3.1519935223788194,47.69529382705564,8.116111058202799,92.82992543426577
27.41943492294157,0.1095308710693725,395.2090516125623,2.629283938112741,44.22598587493355,8.318291426467892,85.21451045794025
24.76180143590262,0.11594708104567429,331.2011765537564,2.87755720746749,41.149919124350916,8.66957728695033,86.54651856949184
22.285628578986106,0.07149909081408412,377.7112577338929,2.380100525640312,49.02173638866129,8.44493361905251,89.64695883086328
21.98482302699898,0.11073144014281659,288.0383604568483,2.6132825544298304,39.09991625290157,8.16862725485401,83.26499780193686
20.84879995631811,0.12171324889635574,262.14994230632965,2.4828853455092923,43.608721204949646,8.542874827436036,89.73927574344287
25.399314597634305,0.1357364460924328,338.8529607589376,2.761996662651808,48.272826007845204,7.5450997060262175,86.58921960455261
24.62429453905626,0.12378521543845146,437.3467676214739,2.9316102664804196,45.65018854945679,8.8468530628158,88.02847685027554
21.59069160687369,0.09292734203045884,278.83985680224066,2.6820733329449067,42.426433719312804,8.588511729709683,93.868652466886
24.543217726688717,0.1290057661214151,454.5593775614205,2.9566766896789187,47.4651781910022,8.042040706420387,92.55541119787337
26.526054638427084,0.1315362300913563,358.90480696892104,3.02727085963725,35.42561158281542,8.465835562821228,90.18595986835352
28.35953767338824,0.10579888550053283,313.3455127545976,2.700672293762525,42.95412544471272,8.400215610870873,85.32820585709774
24.214453700769013,0.11543155545538882,353.31671967285104,3.0199616339907944,50.59214413263706,8.017065924988241,86.50917571856554
22.473068076063246,0.09635826719210516,337.518893031678,2.4673880676368056,46.312954521175925,8.479863811624142,89.67885635213631
26.292519509601384,0.10699001704818388,371.8386274554207,2.532590793582083,51.03203068680132,8.66979671214788,85.62661737151443
24.718527743920934,0.10516308365017712,362.78653405027364,2.52862952019841,41.98762898186294,8.128146167093586,86.05217686659594
27.061603049841484,0.11961995156384131,352.42304636766886,2.8832548976355006,42.26903638446484,8.382452560469185,90.62630938307885
22.005440751362713,0.10187283158259028,383.96687293252415,2.552852905913459,43.54347612697948,8.433455935809395,87.84433809443203
21.699273947640123,0.14854114424265147,413.9591108290477,2.871682456551105,54.15123282246056,8.086466729329604,87.55028458424495
31.250782284495067,0.1239185464226062,353.88339853048535,2.8121748783391003,46.00290965439628,8.077545324748167,88.47052940998233
26.849444677584287,0.13170518166347447,384.4036058283655,2.319866683857348,47.09376910669075,7.642161758830476,85.68666250111811
26.051076711910675,0.1061724616953319,289.5873282834582,2.7584861098956033,41.86470191232174,8.328058792201675,88.25383836972134
25.033895808075513,0.14085100562272634,369.38873657046804,2.850191954891484,44.31335257386262,8.433435485789257,87.92892657382377
24.094302958611724,0.11148329429885673,323.98392539994467,2.553706078112199,44.289355433568225,7.715382055635508,82.60069453199368
25.833647573935913,0.12955494203136628,354.00501895018454,3.0792121123855307,46.03389740938331,8.08879329414538,92.19290165823831
20.42899065017432,0.11553693965649695,366.4685874658787,3.6257179955402137,49.55735965008671,8.780067118477627,89.29403342895057
24.498561900836652,0.06205764830139776,287.82618038524345,3.240366106090292,45.45100995335162,7.662263422409434,82.97660296082499
23.530740096686195,0.1079674880407333,323.23139603901245,2.5301988758093352,43.60897744046142,7.432613439507258,80.82523168636688
21.718209410545278,0.12745079402237267,420.05109611993845,2.5030559495737186,46.657830570318104,8.799623041503931,90.62996932648632
18.86846147584227,0.1589786312440996,424.63794796392756,2.515187175096163,27.950978057984432,8.45310038101528,89.42853613390734
24.66382424031716,0.12570940539064582,346.4925958365897,3.2615101054225453,42.09650619920714,8.697678287737414,89.2471444407054
30.69018280950924,0.15538860561485252,227.93788363726458,3.6905263134897517,46.918153350050964,8.60543146487376,86.14811245176759
27.922958747035665,0.10993121610729159,351.6702746354442,3.069038841259471,41.542843739506395,8.798591286932886,88.475075391634
25.47268923390287,0.14522389769853342,354.73174588897444,2.77617873561099,43.855870817019714,8.133055916160734,89.32967344387976
28.26245086816194,0.1524271499611764,338.2987572496816,2.6941746037406036,44.116911433719885,9.630648032685947,86.82447397868883
25.59158451323047,0.10310489376281236,363.18434819224245,2.727523975980318,45.375170429346745,7.586926021066588,87.7150885674187
27.200867417009775,0.10557067985238118,350.7438490856487,3.2117962376802365,41.80656414835444,7.3636325069780355,92.52192792742379
25.249526201071358,0.11488681012063852,329.8681437443299,2.7253762004723567,44.88386391545579,8.487647458430544,86.2637527044713
21.668896382907867,0.1165073909587186,313.97245805506697,3.015769393412649,44.29024794589471,8.444886088750513,86.0998376650744
29.483755047749234,0.14611989397161984,365.08030784400717,2.5445470877393688,48.40193275666645,9.076757664247424,87.39953841625164
27.54596861590295,0.12064349283234116,271.769703491816,3.1458657057886117,46.341520867810445,8.84249256667264,89.3369794539273
24.779830045114593,0.11533347071619579,355.82348632657823,2.633748720196067,52.55214376976786,8.253637370433808,91.75351709375397
21.120752465648312,0.13412683919714863,339.02700272106733,2.9474860573518056,41.798079867817826,9.235159407989517,83.01378644864381
28.19547058513922,0.11529092552398128,377.573190142317,2.7689155724734844,48.945950165757736,8.040616918837136,89.60440178529892
22.62681814684698,0.13958977284954632,309.14724833231895,2.9618163711079384,49.230915265035904,8.409630686619096,89.64290991085869
27.531478170680312,0.1217702033046362,405.54909638921384,2.5293851252468236,53.342229466871274,9.00354499598691,90.30051044859411
30.912107478252956,0.11184411023323497,272.76442799039773,2.846325163864677,56.29825860767418,8.813775823499688,88.23030815650404
25.915163162198027,0.10710768878162188,444.1253542822508,2.329653648682508,46.644082383511424,9.226318310776877,81.06716727358601
30.80465869912008,0.15735851117907548,241.92373285023072,2.8679377749558217,46.68334426593802,7.704957454455024,83.10668566858037
23.41649072928989,0.09477456956879501,429.0574537774297,2.34226983359496,44.21705873406309,8.517571396538582,87.02830167657716
28.34658211613616,0.09891882001444441,295.75996695960026,2.612027854989536,41.2685749732379,8.885509053796662,85.6635498968171
24.922134153685253,0.06277846455259348,282.4686161833315,2.4971778909680538,48.780119883953176,7.915735021740756,86.80803756149606
25.16458780145835,0.11338843594390141,372.9775416286625,2.487576660460587,46.52462476111402,9.309027996903886,89.11776507349579
27.525054224331186,0.07885527566782244,322.57774108887133,3.2304915780414336,46.01676855606147,8.012022304599332,92.45366674054175
23.502710369796873,0.1394866004498555,375.6500422396849,2.551205419618695,36.72620524479892,8.200573439565378,88.07673584144399
24.092614997024665,0.13846275922562062,352.45407189172766,2.8272798246750157,45.62861727209819,8.382738371463338,90.81039068885924
27.737946706416373,0.1063191227058645,272.5954955102958,2.978310083559479,46.45344561065897,7.966876665235156,89.70904166795115
24.762523273399303,0.1134583135056273,399.9427687116963,2.556023394165975,47.4471062386141,7.510024444162109,90.3585479234527
29.046106273870976,0.09148081323809304,304.91082513482445,2.85555805838265,62.192945793214555,8.268188671770204,87.59197471484413
20.164440816873718,0.13187721590026,305.2757596612408,2.310504428649834,46.236038657811015,7.627223641879804,89.26664247853081
26.15720093321809,0.17790442503565126,443.9802754431278,2.580774166353778,47.57985610894071,7.899093661785171,90.05775299202493
27.160215663542772,0.11517729030042606,361.52161142699674,3.0443358694172638,45.61889770562125,7.602418613601593,88.88913863468157
26.117627062798377,0.10104132691649217,332.5495568596604,2.8457681679685662,46.67005496565676,8.44325901361602,87.57507737029634
26.117676288707035,0.0931913725278162,416.07981642737786,2.8678444066223165,50.09132025436668,8.442824661172144,87.78596153625027
20.459287222702734,0.10266138105046696,313.147700183332,2.4505998982512454,45.76053490402456,7.867577823974595,88.04390369403978
23.335318114384332,0.1102557999167052,439.2880597104522,1.8156670346856572,42.38998392988283,8.229223341892945,89.70615732087967
28.85281582189683,0.11338324858670117,367.3284054420807,3.0346736530363265,40.42452975346754,9.10917890879248,89.17778864912277
24.018830606235667,0.0900818106393841,259.9835956265318,3.0372955343706862,43.07265186964462,8.015953400942097,90.24478314614124
23.009871955836402,0.10900616990454035,444.36847228542445,3.1931767060241802,45.672290961342995,7.282591903902691,88.24383806196337
24.978345486541198,0.13603754461982162,322.61141164539674,2.5762107698742813,54.861256249815796,8.223812369331567,89.47166283976233
28.41109014041529,0.059359560458635705,255.77680306721132,3.1130034805563,55.11556626133378,8.064695850886483,85.60219237553184
21.22482003215802,0.1307942407595295,345.41449290810067,2.9965402498283678,44.342055626496354,8.66532452013853,86.93176313743959
24.728081970693818,0.09762777893334576,368.84049564356496,2.708132005469787,50.910320993376445,8.4931724940739,84.96035742804807
23.885024007115785,0.15409884829411993,303.37830859417716,2.4706234632668944,42.9419048875456,7.968525544699029,90.28590758243247
25.09767906442166,0.12215254508660361,427.06892625006066,2.8765302374045123,36.950451447133496,7.815655011412929,84.58111677283232
23.378772594721372,0.1296624738514436,271.40401575249905,2.9077658659136576,40.41887226767009,8.800316232166633,86.32487467011747
24.60296934782295,0.12464545941727735,312.26091720373216,3.2056355207654876,48.880000565220115,7.646783225861851,86.90339690797771
25.385417716587632,0.14503616750337817,270.62121434340327,3.25050430553307,44.92945997218682,8.414128069574582,84.98158849936966
23.54643708867776,0.1391928529180201,345.8749619149983,2.664642070510465,46.89723993664085,8.261985262057813,88.59274027663633
28.126236424502405,0.10670510209160712,329.20093380729753,2.327298233773047,51.824862860294715,7.420607934146881,85.14516716728393
25.102506738004916,0.10961804858802832,357.5875780889249,2.7260677220096117,34.30827029977982,8.725620355593959,86.74220464176837
28.987933679898262,0.10373382805028991,424.36518411832,2.3660903056660048,40.948461491789324,8.130050095200122,90.31770062035865
27.705962704040047,0.09107801581534859,358.05113808954843,2.889581591221613,46.11201798083917,8.338592427341766,92.76896443330446
22.386193252802133,0.1265853814320947,394.1892848167487,2.574389184011646,38.2177005800464,8.380783848680107,92.40267496614601
27.504334510870123,0.14946451798297333,423.4008259396874,3.0076073243856785,44.99970570101748,8.35003244130612,85.33825475366065
20.793443567612883,0.11918530667392364,313.44480728451697,2.7306503669175184,42.67364813119678,7.94219518168258,90.60540099404324
22.448635157646113,0.10041338367584396,333.79562286395526,2.7893714284097846,47.411156041581656,8.292129676032902,88.68441112989919
25.55634692439017,0.12255306495453899,322.9166296654236,2.9774504657368315,50.23853841685535,8.259382647224154,90.89590095857999
27.679467675938326,0.12356022467636638,359.2101118520131,2.931348608400652,51.10387079776127,8.037567190830492,86.21878685788487
26.814561295607263,0.1421929631260576,306.7072436753528,2.7400051906215928,34.31842179303913,8.746041875844236,88.09236674880866
26.570963397259604,0.13447335189332899,378.6627763763861,2.9127558340013744,46.844889422025496,7.960044388137199,89.22895505881752
23.275553828174463,0.14279617315094836,267.52576901938914,2.770560499573555,49.76565038769136,8.036885934247808,87.91685852472561
26.500729888051236,0.15108203264733402,359.0338929441331,2.3692135601595155,39.19693957247959,8.15606054052976,91.03619446707468
23.424234280580176,0.1293536652051123,388.34073310226165,3.0052895042779286,44.19775429845621,7.392645196219196,83.96324462668316
25.219726440649524,0.09497702976048564,308.24954598885046,2.8388452553798467,45.798685323340706,8.931785662033889,86.86473219290394
30.691120368132697,0.09966511285085464,384.12385103572336,3.084061909383497,42.69562024741468,8.060807596056193,89.10905407282164
24.54392477406987,0.11357073138148871,434.8376198747529,2.741209160673849,47.555871607277446,8.677630995050375,87.74352817948868
26.841397524432026,0.14659832779423532,271.1356257914017,3.880845220266638,43.706671353941054,8.842417772655818,84.2054221654458
25.346759481331947,0.1674298014483841,262.71667332339945,2.814092767989286,49.93689932370368,8.68318447223843,90.85049441762018
26.261236478476313,0.14992678613368718,369.6677272353764,2.8375064661388647,44.04352254649996,8.249680126130842,85.68702452660571
27.133865066942633,0.1494380653022121,332.74924669394983,3.4267651588796566,35.36154088424574,8.246539709773975,86.83469589546073
21.944562958928884,0.12092133003864604,406.2084782951666,2.5743546384021263,44.92557724913394,8.400091382174597,90.59319870508365
26.785394435099093,0.15022279814685488,368.0690384064824,2.934311561581285,50.78192973254393,7.542633903356966,89.12213622597875
28.175940771540407,0.15378961990493129,345.0217464407414,2.38229048793931,47.729259855269554,7.897637470334658,88.26598841656534
25.24298353095969,0.1349162663009785,441.7244426972643,2.49350661366172,47.44634207851801,8.700354317792685,88.82792596078717
23.57925655566076,0.11050851967283387,373.13116589017466,2.4897440440260246,48.513737910128164,7.807550829423509,87.9650871394134
25.522283612802568,0.08085994597245835,306.66672839791494,3.120933134194865,38.46927795839918,8.215720679339395,83.80223857243445
20.467196958590442,0.12290241372780757,314.7343835350624,2.5753169442009938,49.649201826868484,7.472963173933489,90.10844895699228
29.84323405315812,0.13565691033764818,408.919890450824,2.406947796961358,40.032763568938336,7.9090369333413735,85.85772719387224
26.47025715543822,0.14796124001796648,318.33967639477993,3.039094394637088,49.52788907709636,7.552104920296344,86.95794927436032
24.540478568454212,0.1462874634369055,333.74838485078965,3.123315778109957,49.173152702677505,7.840118925634262,85.16037949104417
28.176377675460955,0.14361730255016636,443.5460818304482,2.336536199933726,37.001180268020846,8.96008157805392,86.76740520064085
24.387100711754076,0.13139076527010007,310.67726582969965,2.729826488223753,48.59153566703941,7.112307435161032,87.83873788493334
29.266959370914783,0.09360807777992247,341.6773761084095,3.1867674694829833,43.06314402258527,8.165933706077189,88.79860260505632
21.191457431310653,0.1097746010480061,357.221407964376,2.692593103402901,46.57429360666467,7.453555088816253,87.07362387610166
22.91340926565038,0.13983350920832724,353.06597245328663,2.7920495344889225,43.62750073512669,8.674889579427454,88.11939568263662
19.485815347647772,0.11800156977083773,301.6913498137184,2.5373646541356427,44.87951535316509,8.199481080238536,84.07305322851059
28.330757744846096,0.11138235759591804,320.8598219631691,2.9992062267948496,45.927320617825984,8.31320792896985,82.43182135774055
32.48988619956124,0.11464558166007459,350.68980395550915,2.4834649370008064,48.613233751508446,8.649201375898635,85.42315341011683
25.535958851672476,0.14348254414244158,341.7055260979368,2.5520687369696606,43.009445748751546,8.170461889523903,84.46684974314573
26.476564355131032,0.14145142280338088,384.1257502711818,2.7548020203966734,45.239208702908485,8.320603716313416,90.37919752418345
23.929383541056325,0.09904425603001553,329.00463665898786,3.019396812551623,44.20917533677294,8.465903705625971,93.32569495795413
25.291347014069892,0.09804254043842836,381.4434981800841,2.8626751503064267,42.9982289522027,8.057158527883505,87.67208376582202
23.918850954557698,0.11143108405084491,336.1189705124117,2.9485553819410337,59.45651996978614,8.120171659913233,86.91140478387703
20.725009925818682,0.11699110955313509,350.1767496275832,2.601127374149812,44.82325913506215,7.911961920698464,87.91164782756483
25.001511796365577,0.1201300103964634,274.8706697983454,3.0804100591346337,46.31854938057837,8.107215995613474,83.30813918146826
24.732602378910048,0.13254348666894009,210.3810308057667,3.294060247971955,47.491125993228486,8.554625928681187,86.84047921517494
22.399874549616854,0.09759665087964312,346.4843116867579,2.936466082573001,43.12411091959055,7.698834551320937,84.64639441617958
27.62984829052054,0.1384849008471949,336.40537043439343,3.2008663216626205,51.12597695285011,7.8270647454514775,90.69446461506533
28.7798224380599,0.11398085474679438,341.38343969901683,2.490835015159867,43.61583126374891,8.748017048605247,89.90638779824293
23.894352991941894,0.12452576755109371,380.1160980050267,3.1779266215631607,44.58099937532517,7.986465482745129,89.08498613304295
25.674134232039798,0.11702850475138564,317.843460270793,2.8647823942301596,43.484308529248146,8.00452163337164,88.1623125834859
26.907969725978248,0.11913088069930527,333.65826933050727,2.7648349791994318,52.238115882121704,8.551684194027375,88.28249301612107
25.35732091164481,0.13181208108655537,430.62711449945704,3.193639036258394,51.041648760642374,7.90617997167881,91.48071921541057
22.18911779449703,0.13656731192243618,431.6397754110531,2.9908148314527683,44.82297298168721,8.153622026023589,85.4712134623272
26.80400724465161,0.09121329255001778,376.49191198497954,3.1362784022068966,50.89002220129745,8.14315152476975,87.23788796907465
23.9604488886362,0.11590453206767147,428.1029964774194,2.707080434777503,45.50203082051792,7.934177988931817,89.50503197413205
22.24499621733254,0.13525351298688207,386.6885419343355,2.5528947760454765,44.23951799341046,8.766644575036567,82.06437505612502
27.37220964080282,0.12875957100138488,343.45852102789314,3.18793924347554,48.63251100634299,8.60332322204012,89.2150876134555
26.533306503882955,0.04952684541007936,374.107792570866,2.8493749528908445,41.24917511055499,8.914814827295285,90.75686618787843
22.963928241361806,0.14115496600182906,295.49015975162257,3.393699972778412,42.06804036789422,9.112691832458971,89.28098015867754
25.614339223299904,0.1024903002118542,374.9197048888406,2.5881582788007558,54.02835397634464,8.855646722369029,83.82829566365419
29.3709240369452,0.0989172781471386,368.2810349303405,2.5693681072522816,41.39040753696462,6.957165183977883,94.42855297753495
25.88411990615299,0.08288364162347495,296.81069571797195,2.874979053565467,48.443211235936765,8.728861245154556,85.58252265591726
22.46941082456838,0.14879961334903088,412.98414550160686,2.6503170030088743,41.246686911165725,7.47522540022199,85.97032709906395
21.369611825605134,0.15727818146329947,393.59556592986337,2.35639284033841,46.25818268252927,8.786281688868627,85.43459788900637
27.71667341111921,0.11289736998301543,432.1633981686199,2.628139916346127,52.632077726946605,7.704533186775735,86.86714372718616
26.069474801985418,0.1048347381032616,335.6835602630074,3.0949554341866343,48.38034895446422,8.060347909600436,90.38827497401175
24.788472639996577,0.11009499254863706,302.1640487410363,2.6124484991279284,44.441024813160865,7.2742525122466635,94.03339079124694
28.306367087565306,0.09304368288557713,390.92774339768243,2.5623682632120244,40.81874501885304,7.413983903371598,90.14090843122197
21.163837886978897,0.10592835458418866,343.7472698116736,3.168621004786674,47.13452033632883,8.123116839469565,86.23502996702166
20.315606166222473,0.11957157038646493,368.3351820363391,2.6122312980187994,50.17551750505158,8.41496174623894,88.39496585346639
20.888923744049784,0.1420396472768923,333.9253795416091,2.8843434497873037,43.04654628224347,8.386808520856667,84.63199414304596
29.464769251954873,0.14078172076192033,291.28874114980067,3.038197850391678,46.41436661213407,8.88880943976707,81.52294806115532
27.44840965137747,0.11017780518569374,265.8000401947693,2.793227400166935,43.710372264654914,8.262686276632571,83.55429925913417
26.087204164980935,0.12424033025734367,383.54626996054594,2.5743453191151677,39.104045708172976,9.195099160818206,91.5818500967751
24.15939562473815,0.12749281200424026,325.9241820799887,2.548429864371373,30.551393490526557,8.18937170642054,87.81544091760586
24.322363583205,0.15313948478655232,296.4997953705862,3.180111529431419,45.77680435983992,8.037630959448789,89.86584838423002
24.28370268606961,0.08891356758243937,332.7053900886303,2.289246434174984,53.10196441740963,8.454239828245655,83.98838484426788
25.837533214780702,0.11789670838057618,353.127301430574,2.6042477801888033,47.43815187307199,8.05516284107085,94.8733796401056
26.28360423501787,0.1177451043436149,393.68456753042807,2.575278729742559,46.16195342846613,8.132752796244398,90.81165666291182
22.130752216003962,0.11807457906923709,372.3012860335009,2.5916147386460064,34.52641032977925,8.654745906273618,91.64750833022431
19.203418900508872,0.11963898133806528,333.262760616368,2.593853997850209,47.13119578071187,8.697103789635925,94.36920786431394
26.181961455683897,0.12693943904954177,306.28582481330875,2.6406772926808477,39.338629468288445,9.075349744802164,90.37343690571369
26.726139460336675,0.10177615805296089,386.99704300492374,3.003238318856249,44.141570963681126,7.736319922285088,85.97985483661753
27.532554869176362,0.1513767456865086,326.06496497536426,3.0214285006898254,50.31867564440504,9.200527635745553,90.7186404822522
20.580794772602488,0.1745952870015488,284.3151948366831,3.0837573379949617,40.609049330088354,7.756463973590687,90.63926694057201
30.17296988337945,0.14098451824572353,398.27586350731997,2.0887101445813547,36.07703785702533,8.829991873623431,87.38336732129427
23.48959578143483,0.13687466920213703,414.56773612438315,2.791030819391255,49.92332038177881,9.063788922714831,87.3646194977329
23.63872093624135,0.10244326806042917,352.6658049757085,2.6882965217589665,44.33033251677238,8.46158911000633,83.05039106141814
28.359314940008293,0.10107594221534748,368.1665247025335,2.4642206091342564,50.7025070086326,8.245695333377085,95.31675436194739
24.695458294519682,0.11749527923456117,353.5261480267713,3.283135922763655,40.96662690059259,8.31654594634231,91.17051507135305
24.51361024499029,0.08512648488530876,426.4540299929579,3.165004792981582,43.418912398630894,7.995317484655876,83.60983049888438
27.64209656970264,0.09512079497790082,421.99002873885684,2.9684820623251116,43.912613636112546,8.154949016834573,87.95802073016304
29.5175423400448,0.1285958986868022,371.30326879203994,3.1737629910865155,44.85258094209686,8.114700348447972,88.63805980538689
25.786111582170513,0.08338671474542945,229.94134458792513,2.4063642598631927,41.6816940666925,8.531705370900847,86.14201132656746
27.346946989061202,0.10484158020855261,379.1454492281023,2.480892418314053,45.75380794250706,7.60936858473457,93.64567147749668
25.734812019373503,0.13580091920400858,288.00452460292144,3.158378533630187,49.27358869949881,8.486094285902862,88.85804106042626
23.323710047994254,0.1507271095201693,286.22120615680814,2.772772046280776,36.343083716449186,7.765278167429452,91.364455575122
25.927484489410638,0.14261476945907903,370.1330249647378,3.152571306237058,43.56097865625039,7.332434125311404,89.36531581659494
26.904610745303675,0.1268215534317219,364.12195595894985,2.8441419497833667,45.685189959789206,8.687524643903629,89.46610799792585
23.84854483181841,0.10850282252325452,315.45135207133535,2.682094697790376,49.793119121629196,9.264666192116039,87.20554736315556
28.36774088844655,0.13308372937049842,297.09121667993907,2.628882260629017,52.113464190325814,8.309004339863254,87.27770218222666
26.304502594855883,0.10146977950865516,298.9289239092685,3.019131623551903,41.255811815005714,8.680297947024107,89.16424757405873
23.621834803708268,0.10601595760386655,324.63822110800277,2.5844167880886264,44.25454588865023,8.45843507306826,91.31232653956144
26.51716031596957,0.14206751252856203,423.13984040583006,3.0036488642593038,50.99715496333892,7.239145158919771,90.32034883370447
23.241171515453352,0.09793864157521055,305.7509925910067,2.7382688256752887,43.60019004401719,8.554379600931163,93.51215982180682
26.944669741821595,0.13023872477713447,335.9122291843598,2.7171421492929517,40.85948605296832,8.021088950937552,91.07024128121925
22.695285415783776,0.14645958128098693,391.3487518113632,3.1230371883001915,43.994584640179866,8.290112378146633,87.1367129835408
23.168006641732692,0.10960250108887587,368.28334006494475,2.4962757018976167,44.14079208728142,8.129223429273091,85.73579259256478
25.400499775984404,0.10165122867184025,358.8866710787315,2.7083625154162965,45.93300409678465,8.665901147574454,88.70024951119723
27.94685156659082,0.12735263337615504,280.09916585811527,2.6335393021968616,40.76351029140442,8.294204728846438,87.40033569290568
21.165085252988508,0.11867536541471597,350.03140389710575,2.9184213210094687,43.01967919181264,7.93360607045741,83.86757564579777
28.64793675076877,0.11952734968063135,416.68166210718744,2.6705390619807403,42.56535806635814,7.7841572621566195,86.33055201166896
24.137922540892085,0.0924915716270025,384.19164277732625,3.129524962587598,51.634490198490525,8.486812023597057,89.73381995653614
32.150851362394675,0.09259615846709265,383.64540904216796,2.5916778683456254,44.756575033003905,7.5992588993044725,83.90005496305461
25.708078518990572,0.14417625541159107,385.4485346101026,3.243094524849668,48.070531481450814,7.927225165112412,85.84052449882948
26.47928767402359,0.1309649000857642,400.4256808028701,3.0547857492437753,38.0025789101968,7.93391380396103,85.34506893969142
26.99769210467649,0.07743721552051605,385.58829695431655,3.23353772549203,42.2671466976096,7.51117800122088,89.46364221430902
25.648933713840346,0.1200372621403453,293.0555391359159,3.0212539448729996,33.23022325764205,8.597980214436578,87.41385842211801
25.482228453327874,0.09208395039969398,305.11932967887293,2.904279088397744,42.77232721591735,9.188516809826991,89.7393246882
25.777258724727677,0.14657238435741732,378.92951875818426,2.934451587985587,44.36693488749698,8.269546843649412,89.26890030545917
20.56022438050561,0.12142685090278453,376.63424406535387,2.955390359142702,41.45254849007252,8.542906836334023,82.98414742359229
31.78420666773919,0.12121186327699106,385.61318359763845,2.2597099261135845,47.844230339956,8.251398652191197,88.2018050299009
18.207400693652957,0.13431406621482694,321.90701581385565,2.246904073798205,43.3174120781945,8.382344892586435,86.61335780530533
28.021025302558648,0.09521646754316589,332.1902464043389,2.572838234911109,46.755122036819664,7.890585810603592,91.2655387948512
30.263619146436014,0.13760911016615807,395.0733309222807,2.645588297050793,45.39944335256386,8.525475683376277,88.34937717632471
26.58932685270042,0.07249264986584653,313.95344196473076,2.9358528632248544,44.29407788752168,8.791190882279341,86.72434091684121
25.717058447791405,0.13102599469647316,279.49890614182436,2.4277657415997043,37.559803353092974,7.691329907280906,87.67733928228422
19.194139785961035,0.09873050909329883,319.7776189291209,2.8275475556472407,44.50706948649196,7.4710626744678486,84.9452068526413
21.67291645356424,0.1470656367924156,424.4857746198396,2.431011170272586,41.82391465979683,8.682650628484014,81.95745886213719
31.932149329272654,0.10202119297000672,362.6621163762628,2.9777492144699105,56.70417936229532,8.206042472102597,84.3432834504069
24.160543025909217,0.11437146376725721,422.3710580803931,2.189031569657061,40.281101300120355,7.807042464230254,88.60949538971703
26.848119978440643,0.11483669550411578,372.0648219085778,2.824364556318496,47.01981363837935,7.692407515192483,85.67883733192996
29.136809853591103,0.09757618233185009,367.01844245084476,3.010675751354712,41.916166059610575,8.948378286552195,84.73478249461877
21.684393005520285,0.09259200186606896,365.038726099858,3.0822752198429004,49.58691915729365,8.549832296511541,89.90943013390107
27.79489087655157,0.07535598854743802,440.3773401509481,2.880744981670963,43.89611776371645,7.537352164393939,89.72505082875207
27.629303272641284,0.1300856101113052,376.75002506292543,2.7599314648087963,51.84178937972266,8.424202025213082,89.87351430819375
27.244595814147633,0.11927637823691027,413.3511331831236,2.960549206214841,42.286483504067405,7.407965859515166,88.81766673147081
26.356047891031267,0.12777274679373962,369.67815411711894,3.3344982734623314,41.18997744424837,8.589441250766589,87.55393098523751
25.361688398939016,0.12899821995634994,299.0955855539044,2.7251972343111013,40.75999013048373,7.916433845514362,88.98155556674232
24.652248535475128,0.1370862130851257,324.99272177703733,2.0987125626650296,40.795564767572756,7.984930943159833,91.31299302237626
23.709735722951326,0.09231788284850702,401.1797301123934,2.8624307648790994,45.640626447053954,8.404745892565149,88.26444058695176
24.694006428795724,0.11241526943579623,379.1714237402829,3.110279218503512,48.08949370010258,7.991218819199695,88.07412045248438
24.35202272928779,0.131035001052091,305.1755321279573,2.8135281171046134,47.962566828613426,8.186602397987919,90.31279578020819
25.665046303564633,0.12098417159278554,327.43459094715405,2.5947074070473217,40.788151388273334,8.172145166019861,89.83036376817739
23.583015058195993,0.1095271925886274,423.63770082413237,2.6217393040796217,47.518199668294635,8.49010657052198,88.27301252033926
26.892390429937144,0.1263162992324376,397.1636086945686,2.309534753420934,52.54919467814438,8.150561913717759,89.09082143369716
21.550156917660303,0.13318712105228223,267.4035830987789,2.6578648134811345,39.47976225042921,7.895403514794559,86.49372656612665
21.941323725748923,0.13157724851669983,288.1032425492807,2.5557979794747085,46.93878533140408,8.35646588291015,87.67890579066486
26.085733922416402,0.13717030098379013,394.27656409095005,2.615137750276536,53.05450139866931,7.812538496242239,83.24181522075686
25.382623717106874,0.12662117363733616,335.2954126422402,2.987728406345491,45.381045664340505,8.660938612777395,88.77777135838521
27.575078527401093,0.13696155163243964,442.24164337849567,2.994077643053737,48.49103270618223,7.90760063256619,90.23086799189556
25.437334895093567,0.12819107390133982,351.8482289687492,2.891318005121394,34.8621585380272,8.387457673779878,89.11597029623019
26.666253441462935,0.14895166709160662,349.47880562336877,2.726631375112998,45.48104509223575,8.281187452711785,93.88142466526159
24.317895476103914,0.14338941281658824,309.85550610414856,3.2426702185867353,44.361584228302064,8.11493366724223,93.6351406755674
25.11023873669372,0.10543242270742442,317.94371362803514,2.8974782092317666,54.93424319412527,8.894518492293315,90.05896811782073
24.10311156475522,0.13416825752475847,337.035315743694,3.1423812317660063,46.65814875394943,7.717475480719631,84.60879810909279
19.303725745747112,0.14125958690179286,370.8429483862905,2.026540243381122,45.484151961394,8.142228587032992,88.77594882064912
27.56434379458695,0.11243377927431059,251.1633884298326,2.4508356501605353,47.81269232071635,7.810382514978834,82.85293142041424
22.64611329306264,0.14722303390291042,341.2467119286595,2.9923317049911393,39.96448499908935,7.4414129502208395,85.9870184128541
24.643609317461507,0.16032435299176656,304.6801143902447,2.6300735321494666,46.984291651144936,8.633682139087608,85.2161205115714
25.625851609519707,0.1199857092195034,342.2731556197949,2.952556760586035,47.232280632706036,7.629620127890754,91.1721245350876
24.53244752327485,0.1325621123970095,381.08287211826797,2.8996604345613837,44.576737792000365,8.693236863672825,83.73961085319424
24.61846927261837,0.1076715307551194,342.6634393435335,3.2873714982966393,39.983883162864984,8.096990953378553,88.87316594649423
29.76568068246152,0.11534863695752842,351.72401158684454,2.7506693153830466,44.64025336001354,8.552541152698875,90.57344087537862
29.455078532308054,0.13364243041505522,291.73157271117833,2.890573740771996,38.29733938563502,8.261679155221954,89.07384353783124
25.84834848326575,0.120130895331985,295.00805583494775,3.1991935104161286,40.452118124276176,7.674142436781401,90.88022478129353
27.679201155989727,0.12363099755279534,410.93053161868295,2.4899977189834672,48.05680045625964,8.59729746436484,88.37422529422695
20.434089077385824,0.1245719280552905,336.949628520032,3.254844556504763,43.71250972366029,8.68178631071223,89.66247967378516
26.730966543872132,0.15215233330537725,394.0131459494464,3.1480682936396507,40.844269008680136,8.334516291442077,89.38528183820831
23.41128533950201,0.14179543102204117,405.8401257139003,3.286149935657408,50.99195817129935,8.20145135753567,88.40956261864712
27.72593622233278,0.12159140348071053,413.7001633352911,2.308950334331662,50.37661973872074,8.63776089466305,83.88975031597018
30.219670049327604,0.10291550221149807,329.7156439697392,2.482385753929408,52.21378383134891,7.260117119095715,89.37081933821779
25.100165469110575,0.11441565763511494,390.96622270401826,2.892382444631465,44.56483289306513,8.39005445464178,86.85742115247834
26.427956298631276,0.12799106528431922,347.6161017386254,2.159485524445927,43.94816291673338,8.558648261716655,88.27831211452866
24.60987943264699,0.1177659175187876,239.58523785068542,2.568590400995873,41.9336241983723,7.8570495407057654,84.70209636297099
21.853887283512616,0.120887289923891,314.09813139978525,3.082664751626011,39.5233373625874,8.459723754957817,87.1495139539656
25.26479382447783,0.098338371658515,326.72753588222355,2.489241840530879,49.06267253667029,7.47873380594837,88.39358635530252
23.45213795756918,0.12857848427518898,293.525337966159,2.3891589693809565,45.644479347937946,7.289778610398629,91.08131431347296
20.669115260193358,0.11670961270119416,354.1264627592288,3.3025773665003513,51.57060615719668,8.113173204056011,90.67745205286181
23.663975032548937,0.15360017070819998,345.5386681593787,2.767369196776461,50.50986675013471,7.785986083790793,89.11443285501991
24.155306720843964,0.09073867707610317,332.7883912853697,2.183268164132967,43.849088027326495,7.35793783148908,86.35321703992432
24.994126412890754,0.13940768810237092,327.24114044131295,2.788558932425111,51.3981799621113,8.075575126989278,87.45659377719876
28.098429610011905,0.11996459092636763,342.1260962915103,2.499924855286324,40.928141332200795,8.349101771907822,89.95530206577125
23.985826211061365,0.1362307366120567,393.2116835118708,2.6121400336774836,43.499967240201975,8.04643771854386,86.83443010210989
24.376099683062684,0.15008654150439404,274.7629707846209,2.4713506567865373,39.23632094411579,7.986996545870228,86.69276026650975
26.63716977310453,0.1102332051092716,261.6200126626904,2.574293729520595,47.60192602892231,8.085348987203718,90.19626879373303
20.562293349520253,0.1365679980434369,353.4314232971701,2.719130365670295,44.23754076885832,8.594990858823735,86.15174094889089
22.02220100324842,0.11669167565664106,404.9257214461161,2.599450543622317,45.03743041786743,7.923695303018654,91.38635453086914
26.03421089950493,0.12403567382794506,287.89501173320036,2.970701971227861,39.24292155438888,8.557121525217116,90.28569397570271
27.609485636586577,0.13291661682537137,390.52272429887444,2.6979346220480123,32.87814091527529,8.977565747387793,87.93958824993831
25.200018643629438,0.11281976133903283,303.4576351749446,2.92754989153684,38.11405642781448,7.253180474113866,86.355340414338
30.47121001451297,0.10263726524915757,420.4888462874636,3.109813466217426,49.65623490030593,8.231858389883687,85.06494438593538
27.234382054780276,0.13260967300154503,373.33807141416247,2.707864110262506,48.11047042451587,8.01275562256907,82.25633245286313
20.56110180067793,0.1191192165490532,298.072149604728,2.8705400781566652,46.31914507701493,8.629333354760591,87.1634151504476
23.030125010986826,0.12221648974532989,411.6557651195044,2.5471323806550528,45.88480839392972,7.788493676464022,90.73920796957975
22.37985259941144,0.10932801822923241,328.3662810037731,2.383255800571835,43.56310226446592,7.46249025315606,84.96796420961319
27.73432007879251,0.13182418786799513,381.6882052512613,3.5312473894084526,45.16328561342858,8.07645684012991,84.96221249154583
23.672017069571442,0.1408990358168419,308.8704820688991,2.4820708395775077,45.08367132976004,8.355212012354345,84.15717950437835
21.048979109914224,0.12231671061445522,441.72666291192445,2.7498373166949097,41.97185768270708,8.062039332498935,87.98636094046289
25.218191893661945,0.09617542587892089,367.10723490726207,2.507040791011604,42.801245875422175,7.987893736192233,88.59556211025568
23.571302887233212,0.1150065365061424,340.48223577475636,2.983945847605347,47.57813970704722,8.617053459401163,87.53091639394697
27.937573432754398,0.12152607185855557,356.6612353670355,2.348114822204425,41.52080296164847,8.479862305366021,86.8721049061578
19.829811972170496,0.08414556687771574,501.19686152903864,3.3515777960066693,42.28226780917191,8.905650845100272,86.60618307763666
24.464088412964948,0.12245192440155392,354.5634246459566,2.7385864861046354,39.61175520907008,8.315807507010698,89.23366633880805
24.542506197098035,0.16049178600683367,365.02246859431693,2.8575673672050503,42.60756564085486,8.369876201907287,86.05310213532476
26.469882101968143,0.10946954598886047,353.9921990934621,2.425311696718186,38.965175470153596,8.392171832791279,88.38855892231018
25.335796595023236,0.10797374829358698,279.5410238618148,2.4599263314780986,45.802950797139715,8.444015452756673,83.78067504471532
26.715423850060677,0.11127568661355974,340.4478172942815,2.9217253052210155,45.522830868868894,9.138960648078497,88.7183341081464
27.78367234878275,0.15651983285946924,421.0600052173155,2.510487657124004,42.836471772026805,8.18698496162028,86.42152427951152
28.175735715413364,0.1121363513499614,359.37611588736905,3.0503793012616245,48.39085668906071,8.151913065142327,83.8024309340841
30.27757253083425,0.0914207529764165,311.4385916641543,2.7451828651109067,44.654929789076654,7.87708135494819,89.62294023735778
28.47095833392533,0.09690371674993668,350.22131170571214,2.398563857276743,34.16542901073605,8.924602759287605,89.14904086746512
23.701926842949582,0.12962697809795845,302.44822935975407,2.8756929532986697,45.443023617249615,8.497106042688376,89.59216656832514
30.34065849399068,0.10528933289511834,286.2217889319219,2.6689385695101526,47.72603473223363,8.89110212574633,84.3587305775021
22.50125110752892,0.11092403066954963,256.35995980809224,2.4076705621588657,49.25889086823512,8.753028506981673,90.49770521399316
31.69155628781369,0.12543192082068885,370.4590325522551,2.8307953351862896,47.07667089064111,8.630140375024363,87.2559521515821
29.250429278247953,0.10980184621897936,381.78298404458724,3.171720885625668,43.892338142976975,8.273218593500847,94.59460830541366
24.439151550084567,0.0988202711314648,290.78552308224334,3.360820398891977,51.172338763422715,7.8778152763133855,89.35978017146844
23.990474017825523,0.11598676185413877,390.6724752806467,2.5604230946789075,40.83004307746655,8.029065065759536,88.21828826104583
25.379934565914194,0.08035468058732936,200.42126139779478,2.4772227326293175,46.49939155044361,8.637694464850773,85.26502469114156
24.452080536665225,0.10334039870171982,255.42543230677617,3.042831289389045,40.91388477362248,8.369115238619704,87.16728599974877
23.72313814399689,0.11139776679294676,366.49060024182376,2.6253538760347985,51.08227986996785,8.014478920566187,84.4844392513024
25.717306855162963,0.11098564276487811,332.95339155642694,2.812174871087173,49.97644455045989,8.336173199571146,91.1185800611959
23.728215547897918,0.11102274346779473,370.9559103466777,2.9847384851244123,40.1041642104949,8.398309954816302,90.30517299115837
22.717455417744567,0.1335685326943749,349.7596896302834,2.649786833620193,47.442291851557364,7.663443369575781,87.32358740192824
25.37606678135541,0.14406589157805652,335.7105202527957,2.9460828804248775,48.2569669869385,7.15927143219233,88.39847519137798
27.18962964823124,0.11146513456475514,324.41274230481423,2.9816893776778395,38.84195386827093,7.58124652568486,88.88248298326603
27.490769519438423,0.09317802519312182,403.5383539739796,2.6396963536543834,36.45551856984288,7.757497284177798,92.34258857924183
21.655790216198852,0.09631135784125652,367.46379444084135,2.4752619009845254,37.14745273528258,7.805865696687086,86.3786905964396
18.844356200801258,0.11281357309586135,300.4410777460396,2.5844610332215328,51.727142278518045,7.632883113501034,91.04856813067647
25.909238244892855,0.11248600979521561,387.37136923047143,2.850370982543087,47.00808155376237,8.474626910385274,88.13990054919906
21.326552410898596,0.11367673229459761,436.64939854262354,2.5297803323156822,46.55575230625072,8.002983425432197,88.38204327371434
26.574931428334835,0.14102789333330848,410.0714158228469,2.6084973169071244,50.33786578932626,8.817901907551493,87.3561475099069
24.768374685925718,0.10374429284607888,295.5948921754711,2.9622679090430704,48.01108090946238,8.231002867997772,89.51864992219826
23.34421618470483,0.0992961481504074,326.53237255178357,2.706150311100937,46.018624025681596,7.7484564324049385,88.27785113554425
22.644196457275452,0.10997678627253166,343.5023341175128,2.3865459694555677,48.967333481992675,7.450131752497974,88.93063644292509
23.246941724716123,0.09361311357582733,414.8862078753794,2.8852777986759413,43.03591745651372,8.639540968264852,87.18557913810864
21.73892338670654,0.11508483203958599,274.71735809528025,2.610816307592289,38.120007465674576,8.015790004765519,85.1769784980976
25.255417643508626,0.1106081702121896,297.22291713067926,3.3603807128601364,51.45050812783371,7.946627068290031,86.9198416514437
23.85021439451293,0.16791967811327518,376.982321173278,2.654790097402811,42.53792005023158,7.162340141456196,87.32376321515319
27.986099751705535,0.14307732233095913,395.1900055335447,2.4803403525037564,43.350205212717036,8.663991234408288,87.43994511478924
22.780839576928983,0.11070598334731377,307.8277246710262,2.491745527764283,51.20834010322858,8.823904176166275,80.75608209272241
28.358220219794582,0.10560232885815099,342.9089898641917,3.211571784243009,41.867685521655616,9.058458112056579,90.72080720727476
31.977290410576064,0.08657678773919997,354.1737663319911,2.786216690028422,47.43977135131938,7.929399283415861,89.63222490007385
23.25925972720549,0.13610578845352297,344.9390890339089,2.744786939723364,55.066768050295536,8.436217463804578,85.94423876628551
24.0206493811628,0.1044909250678448,414.69613373548844,3.0301572726015418,46.020910077043105,9.203928324619477,90.83471501203904
22.196307559189744,0.1469955082118581,334.3038430265003,2.7239889968269573,39.087175934839316,7.739301605670751,91.58797689286826
20.83641656894608,0.1184287669817292,376.7377486899613,2.957622329536182,46.68201489355385,7.465676763941695,86.8503409368419
21.51816774692431,0.11057639433625366,381.37897316719335,2.5450720395923123,50.78766699588832,9.333885971148861,88.30256256716484
26.631800362505196,0.14515247797729772,303.10357055029306,2.68037270766145,42.34826520461663,7.0804827135812705,86.69901860638461
25.280312804090247,0.15023594506299187,353.98656789489826,2.823693261978086,46.68640526357017,8.72702534987691,85.50519864849129
22.830219252522873,0.11461145086772258,354.5366008650404,2.9179395107725155,41.573055811825604,8.776145790340312,84.94453433744104
24.21199220995549,0.14830815417484933,270.6426332002586,3.349534241303906,41.15119671150981,7.084066613480889,89.00533481714795
19.0870586134375,0.12066865004398515,361.1094037877276,2.5678194333479385,46.40306152707222,7.756191945343493,87.60213022784379
26.427231884745225,0.1447654620658689,291.15342703083974,2.4873792033458084,44.68423902695005,7.933500502770867,80.12981235909625
27.10730699551835,0.1316469553272289,435.8647495595205,3.116362244314623,47.90086962985824,7.971479423612897,88.78620735641071
25.47641774866148,0.14652735567439598,396.51164876091394,2.6419171289246672,45.77202742713121,7.971665816675428,87.31811517386082
24.94630397600829,0.10751618480052007,307.89327273504256,2.60659623666631,44.78564350845075,7.252136095098756,79.36973021158778
19.8565657170577,0.11729672764835919,426.81569967624006,2.7794399204146467,48.04578771397647,9.110562981086565,90.37278292624697
23.495169345150178,0.10074614682449261,390.8530097808351,2.796635354546114,43.80737573534507,7.897934295826484,86.93954610034127
29.04661515653112,0.12005251135104084,277.87458533244194,2.316052892309304,49.5191251036454,9.125590227591553,87.42732848176433
24.8733538507456,0.11233926946324388,338.5622732992591,3.2777822104050194,46.56303618272485,8.194050656088827,86.04113042000475
25.68432410385132,0.12808064989630633,314.76128466165846,3.4611324156068437,51.684929910130045,7.817740185267401,89.99581093335195
19.466968276063596,0.11331499504601912,340.4215085868049,2.3644697032150686,47.11071404253887,8.537970182560773,84.98438034389643
24.31463328267502,0.13850388016598975,307.81539217776395,2.89680422578577,45.22683960422867,8.534745936652289,87.79174120484602
26.822812143771657,0.11815480015966269,292.2582084481774,2.707620849658104,41.6811042683464,7.555856612241973,90.02865333399103
27.593052247752205,0.1440336903112866,361.2208098140412,2.705673445397693,51.96357788002867,7.907019786708505,86.46341286384482
25.727750280514524,0.13438652545418697,324.31663618402285,3.0536454896925123,46.13079995215261,8.429371456345246,84.73552524964153
27.18180084359907,0.13998992584868603,388.9679464946782,2.6007185031763167,43.93703865440689,9.126755767277785,88.90913778279486
26.40017077590412,0.12651462547021392,307.02603549058045,3.288529610289416,35.88170573868914,8.854811334068552,87.03570054719933
29.036850352717877,0.14069780168610516,379.07593336831184,3.4429223947568888,44.95680982641176,7.734461091068906,90.27037360386709
30.700236062936924,0.1422739050360017,345.61761281165036,3.035101083464381,46.50019743056791,8.260971283141455,86.51880230566383
26.90593880243966,0.1333760482912319,292.66384615241685,2.5103918238250165,48.153410566090734,8.098864397111303,86.41095957993892
26.94309601335793,0.1342952089863596,399.23045778499227,3.0936977732005353,38.940426363823654,8.680024707302401,88.83322614766614
17.06879840460972,0.13548826371305506,368.3436049079987,2.8909339330060995,49.54928138665486,8.246141655659326,89.94339304321161
21.943121037647366,0.13651970167998645,480.1450985129787,2.666324364607694,45.566431968488686,8.214956584963122,92.18423627038777
30.931339424831048,0.15530329753524413,368.4445546230118,2.9037272399434984,44.10151001355144,7.849334175027963,87.72150638328927
22.862827424994098,0.11849610332645065,386.19435159785843,2.6154548636707813,44.25799373794529,8.603717530030366,92.74757688043313
25.097466243782417,0.12608812252618173,281.4177466733986,2.884944614679167,43.42541225784458,7.688037239191152,86.64358511422732
28.01766457417856,0.10957945360470119,283.3344645683583,2.61023337133228,45.380055630369654,8.127074719198873,90.59939166197317
26.755697523435153,0.1015095131492551,297.43012623152384,2.6476560103128848,45.05045557942596,8.997082029785808,86.74968220898903
29.293266715923558,0.12039952858709202,464.6025028312059,2.5802311500019504,42.36094886357287,8.597375283899149,90.28771616314872
28.789932967488298,0.12611881766694918,417.8223291581424,3.311220417238501,39.606640616817856,7.660337234891472,89.56674829046878
22.547412496170406,0.1148311648466671,288.81056939154513,3.2491037512069667,43.76053071097133,7.323663176181409,83.64048041289189
22.291147582000256,0.11196220493953726,408.77005426989876,2.6899641804952683,59.62154348778755,8.694608101418487,85.04207687860115
25.510130030047712,0.10169990556537431,331.7214934394765,2.714128102784038,49.54160916291177,8.466122412657075,87.14368923727505
23.615405567965766,0.10650424478605286,368.9902877275348,2.624416840207356,47.268353354954314,7.688404193379904,81.31040942514689
27.38362444640228,0.09537430857173514,361.2992929174681,3.3574208147966473,46.930347851898,8.666741859353149,85.88361656955685
28.80829873320561,0.1231353150016507,373.44425841371515,3.216517548418446,55.250135140456834,7.989578800594788,85.1800281612456
27.360255435675978,0.10685873340340946,431.1913365890834,2.6114115699993707,44.57707088760359,8.906714918804754,86.75485948915903
24.090643671633842,0.11402780007140399,326.44134504822426,2.453567389061657,41.108699830314784,8.191568370279269,83.73249036708738
28.31565067037372,0.13453866869372286,325.48922969589955,3.0383813273818556,44.89246312845973,8.747054208471077,85.1939461145996
20.700934971869266,0.12627561409954063,356.643349205392,2.72875137374659,54.08296328748368,8.34280841206477,80.5432511957558
27.86288465019334,0.1217479720369456,374.95987171456824,3.433453169050761,37.92295537354007,8.296814457966278,87.44366980324997
27.971468907845633,0.09355604450549929,325.24335789730065,2.695242789715851,48.04624341638299,8.372791474744298,88.32386652628158
25.21736229734553,0.12258274298800456,331.6682414256625,3.0929790401582915,46.080417183820146,7.583868471943174,93.35917985774948
26.539680513081723,0.09696289137793665,363.66305922472134,2.5261322849819847,50.113992392993175,8.394852508954813,87.62913919885622
25.511808607459116,0.10381078963674353,444.1180204962643,2.534765987710321,45.06324071640155,8.301413278076858,90.11012244818569
25.783535334337916,0.12585791184175688,291.9314336150075,2.655010683056905,42.4783333154968,8.501395953143025,84.57889590733345
24.59276600929329,0.15797088894704264,242.05960380616915,2.793905815579899,38.57307656650185,8.886342030454825,87.90771398764214
23.77729527071798,0.12089394863671502,372.71747512953067,2.662910775964009,51.679610883304946,7.724905040641613,87.73281518839696
28.752784190720664,0.1205832608466398,363.7759425323086,3.103256326715109,43.06106947914068,8.678151291101162,90.82732039701031
27.44694830896236,0.09578711864741062,350.32906624787825,2.532849843091387,42.14179754179187,7.35278729744672,85.75869560181988
21.749297746373983,0.11903044040556598,337.78488381438905,3.172081169063196,50.06786764779039,7.956016973784541,79.44179503274641
24.053740047213175,0.12320295145952122,373.930872407488,2.947346485666521,40.765886059024254,8.43142015430394,91.25572422252625
23.25107977711901,0.12024594076494888,332.8345667952833,2.8550681104910445,43.33634283852265,8.47229999692998,84.67137150562819
21.9138025238847,0.11426561331074728,320.1058950281151,3.0596922392984864,44.0907643877946,8.281174993752694,84.06834213945156
22.687071727048647,0.13302220887237998,362.0610341494446,2.3565157674468833,43.72190090683585,7.336338071265218,86.92207468217516
27.182879823982073,0.16074853343983805,361.3615254754648,2.417497334782503,40.281939866498305,8.017397778075193,89.75152769257431
25.470049652640004,0.11083287602407577,313.21534448747775,3.1010551081701823,47.12205680992188,8.49341369167303,88.35808229113593
23.896497611967845,0.12104620593288952,321.092134927646,2.6305588539103106,41.008605967363565,7.241164251395869,82.9902823251388
28.321678287818084,0.07325639137445134,305.38389997968505,3.003345446657467,46.3281359940124,8.15170348395534,87.3138191372839
26.82709816120107,0.163452808827348,356.94025438012625,3.2164124177014113,51.77312183375844,8.732412557035936,89.16899949477516
26.406861426265337,0.0871173039811795,323.4254302204442,3.2910854363931366,53.75182335775749,7.475214099891033,88.47242941423684
25.909026683596746,0.09765626525301177,395.32317278013795,2.7443529127020914,47.897205914106976,8.292755323151132,88.79197401468699
22.604948053279905,0.1168799543251199,379.3593250158703,2.185308787969938,46.75956876627367,8.877009235928048,88.53303583432736
19.21906517343337,0.10234817731046433,354.40869367159183,2.659610063751468,44.70482540085742,8.553240553241816,91.97205673297215
25.365968395330675,0.124003371207669,372.7246147889632,2.840750998073353,44.50989319352377,7.507054203769083,83.99449114226451
25.867211552600335,0.1455030338643619,392.92107016132934,3.4330272702980764,46.070414573444985,8.875369267269612,84.61021623951254
24.689097177239052,0.11821767641717605,323.8761089966164,2.8977598060992946,47.609367842686524,8.660667030005529,83.87917280992274
24.850887209068052,0.11601863594672016,456.44563114939257,3.5315675290570225,46.66035949442884,8.518039033193366,87.39177566609064
22.392971246147145,0.13117531505999389,475.68359943798697,2.8862493488911847,41.28517665525497,8.835579364434382,87.58328244101897
23.026116779517622,0.08353917791092481,296.80084194127284,2.571888764805479,43.748624847030676,8.12013717106442,89.90444776501174
30.1637570072595,0.13773537419647788,308.10842607527763,2.2640248368645706,42.570326025878366,8.84645468245598,85.44805253235543
21.866944542206767,0.12681954296834294,423.811843773759,2.5562271134596197,48.8001117432217,8.297520988687138,86.47540848850052
26.144489952073958,0.13165388696936167,350.42141426744985,2.6610851729100933,52.32900274294547,8.62440059271766,88.99610499846912
25.349198169970578,0.11599803461598106,267.5943053107894,2.5176553091078415,58.92582139846276,7.697743115368908,90.13675733344087
29.93759725393724,0.12852848522583868,281.8479617981341,3.2128538311120582,43.06080993850733,8.049891159691184,88.1419578113745
24.726540830256766,0.08962358809554775,336.6804872625488,2.8640042734843374,45.24445469159883,8.359932316103134,86.6925794109503
22.878266567980702,0.11624582107249967,305.4458904060066,2.7562393294721073,49.31008269860923,8.618020728695527,87.61155607519093
25.821016652860855,0.13188700046214405,344.7582670565444,2.7116526976604036,43.98443268018717,8.528720753993827,92.10783517951775
30.917213207356557,0.13595737758201504,377.7062755033119,2.540756800616008,43.95996508257963,7.127341951862524,89.49034477200821
18.963890054010832,0.13737134043068053,391.47860218304385,2.568888126217872,38.81964759882662,8.359453908256551,88.68059492588075
22.267859459043358,0.11281599145456883,241.52751563526198,2.296284921593803,46.55733293021765,7.963211162318377,87.52610039069961
23.94368911548386,0.14850314117995678,472.3236525333412,2.6649998832395068,50.03855231905743,8.721177472792906,90.81197283839498
23.680965481582056,0.09107730159495382,386.05938679456,2.6665277458793963,32.157472824144314,7.722514484677343,89.59669953231015
21.904562150820638,0.1208914881601755,345.64382834783066,3.276870486111541,46.32376423802613,7.798860142677783,84.11285092727744
20.99210239846482,0.12470917349338957,406.05003502897847,3.092143743572262,53.002485280432765,8.292968355221925,89.37871041825748
30.310701073233353,0.13264652343985975,296.5994891715502,3.3338611214662897,45.61249330077126,8.640183080140927,89.8217991734679
22.557590706477278,0.12515060806848421,271.986280483535,3.15390118144119,38.726547320405665,7.822905852523324,86.079166415856
19.77379901189843,0.09647094372011762,413.900292379178,2.129055388045135,51.080804628250235,7.8073014467269335,88.65938979790828
24.17297687943771,0.11201852762631653,369.8821101213455,3.0511026045644303,37.33912938346622,8.42575382303267,84.37634855480802
23.665958337301692,0.09716543671952566,322.7952468722478,2.852710360960038,48.04590069633269,7.975177630103444,89.5769751901838
23.078028295344183,0.12326788585543555,322.31116628506123,3.30152095231551,43.874839856008286,7.591569141338743,91.46695582066141
26.74202710933452,0.15476935431639643,390.07038731756694,2.8560062989331874,46.180511267259874,7.582370334177736,88.54288785864294
27.225737883150728,0.10323430460629934,416.4224146365036,2.7752861305286403,39.81445087002454,8.148224681634709,81.91844669136908
21.284898203602644,0.1338070188385194,282.92959382302786,2.9979112727569874,41.378454836001396,7.946809218336336,85.39460539492721
25.148389218128003,0.0881004779610686,349.9561033849075,3.1847814706315107,54.16107861591266,7.67105415013622,90.1101205095986
21.50827404764699,0.11011095963226197,278.43033001791014,2.6638521019722123,46.897025872435854,8.383277517919314,87.05612705056156
21.986211617335776,0.10242121652588493,297.30153878633865,2.802542228559179,43.99985733636869,8.368643176753547,91.27285256383533
28.175783049158774,0.14361196601930937,402.2009323343555,2.877697418475171,38.76401015879134,8.72646577524541,85.79367431595522
23.89489665900414,0.07587103870107438,378.25654849895943,3.2913866233052214,51.78875701837676,7.002068234721248,89.24200217363223
26.479569660755235,0.12341459487024169,371.5763807105382,3.197011686620205,41.090870686787504,8.125607646510582,85.84345727506866
26.507330645941135,0.1343266184310579,324.60306734327395,2.1852137922613126,46.37501263578595,8.454670274172424,86.45270251304389
27.044909175963912,0.1713668603811315,364.2757393943965,3.079940646568612,39.234026111432094,8.057879548148863,90.35432697033795
22.484828250496818,0.10659061998367797,383.1824422897504,2.7140119552474697,48.176928587433245,7.8012918163117195,90.09037180368385
27.76644393364303,0.14264899591412242,350.78718979687267,2.5109270345037986,43.96768686226857,7.792850467845288,92.28172129306296
25.44699971472524,0.09827665056682545,255.49873261205107,2.664883688767837,44.25686411355192,7.581149076108216,88.09700366616248
23.30837386755655,0.11403683627909951,365.467095351333,2.503831909328987,38.7872474193123,9.11287191585137,88.04032228579051
24.54505144496668,0.11951524241353201,341.55541848444466,2.87226710818177,48.194633836234736,8.497054063649603,87.06789400597364
25.582838173000837,0.10221715616130019,401.6852209550733,3.064920150041127,43.19784853000635,8.79525012619059,85.9454487309432
20.366927903024035,0.12198476835394688,286.34242879991956,2.6652267825754525,41.62611657665153,8.889856955743099,91.41510738029531
27.233537067311733,0.12015893869778642,348.53002536138956,3.2577473957049348,48.39867320770279,7.842152468617363,89.86506830007033
26.78192091878281,0.11123765607671518,364.4963119278065,3.0346609862107585,36.752177131443354,8.244695476671852,88.45925806188977
23.5975207851143,0.10148460802596007,356.2743607795627,2.6980532019896217,38.44838156166167,8.745127958753045,90.59145252342455
20.425136047431742,0.12889868321385656,386.1739846196873,3.1318121550973848,49.994782057164514,7.771167131107532,88.49760790883826
23.143057018589182,0.14012655465532972,271.5189138255457,2.7610529274706845,55.91984201639325,8.076976695762594,92.41574386619679
25.012943858865388,0.12312441125620642,350.3698691338101,2.6345891415855816,39.05381125671377,8.458402529017405,95.95776812015824
30.07363349390424,0.15221761030472836,298.32882748333276,3.061828906072249,47.2204832833715,8.38005987403471,93.83522074091321
27.05148455653375,0.13058158337576012,366.53854825763875,3.107991607146708,40.65099149621135,8.044514404108602,86.01396793709438
29.849248699959077,0.12257324779583938,330.20418715984033,2.5127691524813054,58.82270213789022,8.67501426336821,91.04688050630786
33.02323394219596,0.11995827791069344,372.88125538774335,3.049486443383141,40.29466045576388,8.816246466253457,93.45369031761103
25.985431021641375,0.14092747806604125,320.7390495915606,2.7028590106649952,47.62069359735391,8.191720438130531,90.23229863797849
28.128164563399295,0.1383765946695277,376.59642205137885,3.130932145389101,40.40404933574669,8.340102644531882,87.19752774507752
29.605461895947766,0.12383040373038998,374.91489326220466,2.172216529371065,47.29186241119007,8.877911921785216,88.59308062993978
33.38682926643587,0.14891807264116275,295.9459332691738,2.2902070299525925,47.042564230702055,8.651420791059774,85.69529860928479
21.844812404684074,0.10635615696926969,373.4074600526811,2.7370302361984575,45.80266651861922,9.115468647258588,86.65105455961285
25.044144721281782,0.11750604851365704,246.56977479131447,2.8321737731097034,44.827422354533184,8.862790387149035,90.07246310487042
27.495479889943866,0.12079326977246331,397.1259259691559,2.2530721135395035,47.20081385913548,7.91146028561494,93.56539199670895
25.929097662225463,0.11977009270281254,334.22821452617603,2.994502167507113,46.44430998960244,8.065580438048448,89.94773284471376
25.84206379806671,0.13180183204739251,387.2673867800054,2.0958267615423987,43.59566495895514,9.072225059208893,86.74013597114136
26.36596365321847,0.09598123068585361,281.63849646572635,2.408719617419107,46.55765124001011,8.454507344728613,89.26620480315857
24.387727065239847,0.14178561876553292,309.9787972206121,2.773361381755823,42.434199709417925,8.77155960368328,86.0032636205818
27.14800028268139,0.12941802942199457,349.8116345226026,3.2207328253606913,43.56809846529373,7.935937920190801,88.36082322882046
24.726244794735546,0.15264507829918808,385.06793599127053,3.217516001284575,54.654211222275954,8.466833032045152,88.91667626228629
30.48653534870758,0.09166972108206985,414.2425846298339,3.0746560059959833,44.89932648395225,8.619808066399273,87.17813259877961
25.634000002245926,0.11887220904819804,450.82849595866065,2.931587045641693,44.306407524939154,8.494634123795953,92.31221535339364
20.41428206221913,0.11559956375787274,388.08702157905407,3.1416550123431017,44.29993555294807,6.939056963568824,88.5777104774063
24.95163344476592,0.13696132455238635,326.3824659775485,2.4613481868857,50.56736731721621,9.027305567072021,87.57883849424098
23.49474445868762,0.11988850153326708,428.82728011247843,2.8381451772388675,45.30438990762244,7.578304801740602,88.24058427497525
20.106264488526058,0.13978830079480142,440.8035151375901,2.800730591769122,43.56540884878906,8.449042117700584,89.56669590471876
26.436283447235265,0.13684360715711025,367.61263142972183,2.6368375149334162,29.644342811470022,8.04184967856537,93.6126254725372
25.637248637048643,0.09560725323140941,363.68264991193814,3.059543539532924,42.680015025083165,7.839253651000444,91.39939036117711
26.459137814922755,0.10979887435426094,360.95171212437725,2.8827512445320314,44.79949531562737,7.587601217973253,90.5175988403404
27.199333898113835,0.1376308094061211,363.35477975560684,2.7368631680837874,48.30796126408971,8.592622206669178,87.2139259414553
22.153935087690698,0.10205687247411234,333.4302247807802,2.6605253929317487,40.210246094296856,8.345937067876665,89.07648286201122
27.792719822447673,0.11067244451845842,270.23291552067406,3.093105037732914,42.58841538334782,8.506903708495242,89.22331276876177
19.210940142802908,0.11323265577849645,416.5507991683924,2.19250323054135,47.6051663650338,8.482236696025913,83.8767629121296
21.75383034707785,0.12632429194672845,332.74849839253454,2.953473976571698,45.41497839086045,7.8844609599289335,92.96450221860171
26.83761710414437,0.13731747781813494,425.21935005058725,2.4028771774323574,45.028592754170134,7.743035716151452,91.01864315648615
29.98667896647506,0.11162626775032145,360.5962216403238,3.2072724705651567,44.289898284478205,7.836418157411764,90.48144523173036
25.379531688472778,0.11380748822333683,403.62410141909237,2.5891266507135753,44.534252088464314,7.635293501493299,85.88822199905297
26.769897176277226,0.13559402684329996,332.9034984367673,2.797936432186344,46.87604071839098,7.7822739877272875,93.2062437013128
23.383816549994997,0.138528088399867,380.0595916965517,2.9219582118224987,43.52619610349612,8.037579518840825,91.11688946502585
25.920606804644823,0.1289873299433826,430.7921704630741,2.801328092515916,41.7906362322979,8.135656347042653,84.40267073599807
19.766158863135487,0.11240041490672517,318.10428104904827,2.9180039169948007,49.07524314781574,7.903635375143356,82.17451428465056
27.08687766801467,0.14693120626128958,311.7629827878045,2.743402227666516,46.542966237464675,7.043661148765134,82.42542339506367
26.970363645233377,0.12820022676401582,232.04109726375776,2.2757860604715257,50.91169344520024,9.235132457436261,91.1071491951858
26.78846139948083,0.1445020922903002,358.7767881864513,2.6425957042978903,39.07224115769005,9.05620733038501,88.31249889575564
26.201185231553694,0.08479872447615064,298.1536659871277,3.270716844129641,51.65345608501658,8.4588372747541,94.00771140437011
26.721280229878,0.1307008987602465,428.0883692366262,2.887659074217026,40.21179979827407,8.5368948503447,84.6552113858431
21.641453495521123,0.10802791558160882,354.7247400460174,3.04297031526051,47.45832637341436,9.179539750684345,86.6115465801856
25.36635704095318,0.13516885944456392,273.7393879871492,2.684431901639936,44.897454616597486,8.332691536076178,89.34673030803098
22.64168351541575,0.14246397679746103,321.5428975275345,3.004522141809712,43.35799765861883,7.85300162386539,90.25027248525033
17.843703677774876,0.1115909732207128,295.88712338951143,2.4655010601421257,49.9457293815191,7.752445574878826,84.34927707604783
22.847244224199024,0.12525471696761695,262.72751377222517,2.567872323211647,43.19313296255711,8.847540262715661,87.83514041720986
28.791599493069654,0.09577741575863463,299.5849597591258,2.608528438215679,45.88101513000865,8.47674266041797,89.45996695073599
21.752130467195602,0.11515885116001634,441.5733363410539,2.4289379876833195,42.72181095774845,7.404116559907095,87.88942840727506
27.167299806614597,0.16746508698120308,270.8428506667893,3.267157100183547,45.87515688753342,8.588505436649738,87.16931331672448
27.082880242379154,0.10771079033698226,465.8963400545956,3.207662315084814,50.7017972795163,8.552309485231206,86.23057923431497
21.756848113151438,0.09072344472294516,296.93172426431255,2.7560842053250045,37.58120363259539,8.169709482841306,85.95880872776175
21.14687783827726,0.13481009307314812,330.0201574890263,3.062756486099369,37.7276444598766,8.496572525025593,85.12176949107841
26.441935450007005,0.12390151372109057,322.11394171066456,3.177594901786228,45.69928555116752,7.744296547041829,87.80801820168392
24.030523514155735,0.11671049382133301,328.64993076110994,3.1696119786055466,48.606327511502116,8.506972022709473,86.71356604000096
28.656101110613523,0.10240134024236587,383.01534764280956,2.3925154048676727,39.21154890798829,8.367215368715344,81.97630188506906
28.611171107653373,0.09558945673267652,303.89596929471406,3.2424508417939766,52.81487050393137,7.377912252515327,88.31622069337227
23.689903888837264,0.1484589492445678,414.82629930472285,2.7747697041892465,37.984266326061416,8.331715519357582,87.2831228447631
23.463676662881582,0.09923782766138246,320.42259916769154,2.8038766329822677,43.13998038538831,8.298142153204262,94.19686736554863
23.21010847739281,0.15884449955873928,410.1735934770646,2.5223328641264193,45.23780614218571,7.762964080657445,87.0078165311307
26.954558914503462,0.13466436331152784,435.3658815869313,2.7526061705133498,49.88449849695438,7.990143918765035,93.04680093438863
24.03361901616227,0.1276525885635211,410.63983092048204,2.9775438593164436,47.26061334047002,8.199592206150099,88.66755689495041
25.249365326940055,0.10721306742203335,360.6398487757692,2.89611102820538,38.83299821960949,8.453222547265515,83.51482529779926
23.533284691470534,0.11860081454780574,250.41372777765952,2.2115513619907685,52.0922220931142,5.971659443108592,84.466778256662
24.76651185377722,0.11430945525899179,343.72447325100774,2.2864262060190503,47.20165037640485,8.468570466113665,89.143212070319
28.422209439686707,0.1080547006607132,406.57286753968964,3.034811131273762,44.404892707854074,8.165298623974875,84.10110593428911
25.51071675161763,0.11149999305994694,374.8319226970608,2.9255440786627727,36.66314680891876,8.181434995186445,87.55659334773377
27.07685640795672,0.12620944499956135,327.6321769811638,3.0737910210388923,51.44240659945371,8.412827882064267,89.30885664967533
24.52602777485251,0.09617553162335486,436.2027031520148,2.6723976422255147,42.05115972608082,7.924454805613962,88.4839677084492
24.269988839568224,0.11115855481050241,359.0897697645357,2.275149099910034,58.49865163489612,7.562026170904735,91.19350118240303
26.38335440677177,0.127781707150848,379.2707481621745,2.5772689004722276,49.73205384465854,8.433704115050144,87.31420568170213
22.947431470323835,0.08846249855818003,339.8971475954238,2.838500699675469,38.083391206926436,7.604326906777983,88.15031190569984
23.022491069046048,0.10647111898898022,274.1820924897739,3.319273883946102,38.201692825106164,8.40463845157109,85.89779447345772
27.30429042889824,0.1401692322570108,329.71902154291706,3.0840911932611967,42.62707722914521,8.750275041712934,88.51287917524812
26.796150877042702,0.08553503848581737,296.76255911108586,2.368175092645613,53.97461348354527,8.533615577034386,87.71989319866942
27.288407055779082,0.1387724621763064,409.3466589552853,3.0491687174863693,41.218972518044446,7.9035790879805505,85.86800051332648
24.612089276857706,0.12292034652344418,332.4462544663627,3.1788665494550834,47.59217001799971,7.096907794686341,87.24512980504437
26.870038521173655,0.0990509995375164,324.821889058426,2.627830957919374,41.30445868650175,8.676013144587092,83.95746394827965
25.828361774267083,0.11366963067752736,267.47408852366704,2.926736507760908,47.11381330963011,7.268472140498004,88.2923146122544
29.13705120097352,0.07579718606486313,346.9658057182873,2.2429341683068245,43.78773397053719,7.64122774560038,86.5577857589422
24.90790555033755,0.12741670214890172,413.1432341960834,2.6590352173547043,47.997742789140126,7.758282716704089,89.67078085063055
26.20245413516054,0.09247692523904333,344.2512838044456,2.5845767973921925,44.05389879656233,8.41749821717684,86.67382728488913
23.77241861799043,0.15086263475265171,373.75867926791943,2.2764585492086824,50.40777154686305,8.181439088511533,85.88378946063658
24.78824495423917,0.11136794893903185,449.86029273152155,3.0426692247231144,51.64037674010959,8.769845600192781,88.15418888801712
23.48763289184631,0.10920374505976277,388.92291525961116,2.3979943673246193,44.02048235479891,8.293130076470336,86.14230136748317
20.232162030472548,0.07474910671972146,330.10444091306385,2.7918088107983405,49.31895080551016,7.690782377468708,88.27962170917662
25.01904266648136,0.11153708427844933,309.8235107786338,2.328485157188224,37.41715337430967,7.787218441570834,93.4736855038822
22.13160999725309,0.1022405258841531,346.5124520889749,2.96525006679938,42.293900200898285,8.022103827629108,82.11530628351268
30.11723947861323,0.14817499932289202,396.8577708550478,2.3342801033297844,44.49675846033573,9.03602187635264,85.07106199535818
26.32537410681983,0.1088453629455127,384.3259915364951,2.842783944265873,41.46847178540099,8.687686945084769,84.93159805857117
25.311991230770225,0.12683658398561284,434.7103816279801,3.4304615408625763,47.81612977189528,8.099716421361776,88.61035270365286
22.75004575402458,0.16731863916444034,364.3016132638313,2.7694196600335044,41.733285419480154,8.321201443599692,88.18673719822496
19.85877306816994,0.1437243107158323,434.1699953402817,2.5210401503280755,35.40451685332852,8.396419208846268,88.26473671270878
22.35542447359287,0.10852843814754097,378.2492192906196,3.00991516835075,42.1060998030732,8.206417194492877,85.02088523596008
23.137125988002296,0.07962571251506861,361.7779312275539,2.8632144060493916,49.54377410310607,8.295925838745966,87.76079821111716
26.361746498180405,0.14688744212247684,362.05132742497847,2.9975573309141903,43.9077375699486,8.698009798684453,88.3250946677259
20.741760278470977,0.13492930953557145,344.3924482422492,2.3589341303681572,44.38859852616986,7.884379582809535,90.58144371123726
28.69767201402555,0.12322156756888202,404.18053701092856,2.7927431945947117,46.687041936824045,8.22769775808886,87.37089371239597
30.809857743318645,0.13850089817908895,382.38002722988705,2.7956511738812533,47.42070554700399,8.035524156209304,87.62005194267734
32.44625252336611,0.13291313992201728,302.2045247598001,2.3167522596377617,48.44489528340554,7.73397816071644,85.04713422308959
23.309332690590992,0.13663142328224448,265.37228003555134,3.2132305173842144,45.51830470494995,8.11563900071476,92.70163905002565
25.795072756979543,0.15130629103502874,262.0228850468069,3.443787648814215,49.70591969727483,7.688817586156022,87.10394075624498
30.267620503625253,0.06168171916352744,396.534145141619,2.6710378453190367,53.728969372623745,8.111234492408665,83.58645322122649
22.365651896105508,0.09514800901937853,294.0829958242684,2.735557708417437,47.72682300732794,8.635336071524074,89.84819547481273
29.044335415346772,0.1198235057607442,314.28242676561814,2.9254543807513826,42.97146466067774,8.143372731474699,83.97455556007647
23.643327965424252,0.1056345778211963,439.35921090638544,2.5876510367045444,48.12578195633225,8.324605251659941,88.51675261339852
20.46490120131476,0.11907215717235435,382.01556524534084,2.8985942931557833,42.30859218879359,7.244603558363095,93.63769792198723
19.80116953794991,0.10303620061913372,332.52640911483985,2.9391205390791426,48.275849408515214,8.218644485139032,85.69731031615957
24.280533054857013,0.08637454167671724,325.8206634287628,2.9476801753929367,48.50143003168378,9.144078322462656,88.21238500769131
24.7631902274278,0.1376975258962206,339.83483651134844,2.884729145634797,48.62223286789427,8.563906165334366,88.90279177980241
24.531505324792402,0.11267276403367035,306.8565928028455,3.0529928965402355,40.92060734313455,8.314636840223185,85.96695873681251
27.744611101574066,0.10138184122842257,278.6000004417622,2.6266534144086413,42.418930362200676,7.286470687732303,89.27703247538716
31.745067063358523,0.12306049240285852,349.1251037202711,2.2155639510473346,47.87043156841805,8.4379024891812,90.27958042650216
23.072758863242512,0.13673474487042883,375.2281776850094,2.765202195990159,53.58048584402117,8.556584820923856,89.55797698792311
26.16843492230442,0.0902500676511807,251.05880874554123,2.6020896309601667,40.52634787917846,7.430409513746314,88.99907206552807
30.625577147733306,0.14425116725998757,270.29403400522443,2.9237595481883547,48.275785102376666,9.115846752457614,87.3895674348859
21.78995529590548,0.13719526573953927,411.7959419730514,2.997128716258244,42.047289429445925,7.817845046769056,82.98701950971211
22.34610934620185,0.10090495592403981,414.18344957111407,2.7958745722530285,41.85069456039087,7.894736504315791,84.89328407839503
27.275828917469873,0.13944220733534937,338.62295777182663,3.1456246046787646,37.605039577995846,7.8618407433425705,88.4605572201737
21.002264286486856,0.08789528301458704,306.22339658330674,2.3430518120428863,49.03816501843505,7.983976895303579,85.36297379019781
22.41325073240707,0.11223852117724577,373.5330825042123,2.835256256500258,47.511667153679845,8.696561916559423,84.9200693722003
30.49609919128125,0.14935930740096706,341.64810474915146,2.267078241637452,44.13642822518515,8.162354260511908,93.56230284250029
26.989318261842666,0.08347302903023396,415.605235296622,2.69006112216228,36.286705606918474,8.177105218811256,82.6582265295314
19.71966865581951,0.1359558440612191,406.8709724796987,2.9084146593277693,48.5141733312324,7.630951321775552,83.59167787291679
30.373321020863067,0.12828158858160693,379.2701395581542,2.23301222843758,36.79071065157474,8.108046177412184,86.98793681474697
19.361045406853794,0.14021499931789097,282.6425470195976,2.626447212089399,37.359676784224874,7.744989650762578,89.19150385178592
27.234152935774055,0.08446563247130287,313.9614400558546,2.9762443538684367,39.69218718618097,8.01009612966405,84.78623228037291
23.30437984759744,0.12890128080701557,374.64636211531985,3.2729203507280475,51.40819761031514,6.762132916083653,90.44745770563507
26.149240510910637,0.1317964555664778,272.3354640499395,2.950799100702884,50.223024043892124,7.542336807231378,86.4152363702117
22.965779240017234,0.10534979242620605,332.4174592058288,2.712291031243612,46.13985118108192,8.834176332806116,88.05264487014409
25.560224292874373,0.10279502213003053,301.932998562023,2.9824334793481992,43.85626399836983,8.470770515370855,87.99536315728514
23.014067363638002,0.13588463400569428,402.0180119571123,2.6949609191846693,53.57293430565895,7.887839521966496,91.56148653533093
27.055720904099758,0.11961754222904772,348.80821348009954,2.4606507651449743,47.862890720952095,8.578807528707665,86.73750546979615
26.490606930150065,0.0995365151414212,354.34019631861986,3.0636922953209518,42.08493226532418,7.426948818676478,88.1890517405305
22.46115081630017,0.11236373956505008,385.2447812379298,2.48925939274198,46.825665668048664,7.03319811097643,84.33479023147986
23.11946526536367,0.10926139550423775,406.4711623725395,2.882594961038835,51.83460773307869,7.965890255945942,92.71006426998726
25.446529480436695,0.14768100891297434,388.97106798416297,2.814885923052325,43.48007734661124,8.194378260285287,85.8378422812689
21.879937145495578,0.11279758117233951,312.2414001057817,2.8599736313603596,49.29270615263566,8.156825940278479,87.13337178861373
25.701686300951895,0.10165255140324185,309.63632754436793,2.113018604375043,44.85194154053336,8.762429415355538,87.83519227389505
27.958728891556273,0.11742392375019817,313.5297797548443,3.1010124071408542,46.325369484109835,8.240569764813962,86.45506378331582
24.230035218295964,0.11174237767419275,340.6522219859585,3.343833588086305,42.513071798832726,8.758677150154766,88.32712669469612
19.453908692755817,0.08572100941162253,349.9435810377442,3.073385547385091,51.3791366987015,7.995128884084131,86.03458417010671
26.068616122240908,0.11971365174989,403.31249821346796,2.7068141870501656,40.56255100951617,7.583337441633566,89.7254014163194
29.175462922442446,0.12957296212525876,432.3571736340727,3.2687002790626667,54.38547591803504,8.483753818233097,91.64137119644494
25.30032306503366,0.13794205225009554,392.29857671618515,2.9509480825518186,39.21570931453906,8.159805460466412,81.76908205917528
25.7628606851569,0.09526557721703635,420.06052096789375,2.6624423187273702,50.9034997180649,8.840108663166019,84.62056097342875
30.495620535918643,0.10749366742990962,333.19242666223147,3.004816009612182,46.68991205838362,7.778972909542813,85.52603364082584
27.361564322748546,0.14533158527391163,350.9985479548989,2.729757832303673,42.57496428718561,7.496739200453612,90.87735544147382
25.063127438209442,0.09287105925492029,329.30623237855775,2.8330979083670194,40.95962188699005,8.712608321534777,84.87157246064375
27.800739538093318,0.13520425901365896,294.5111618121887,3.0485427310044644,45.11598288007834,8.299950605786014,89.88230545599458
22.72178002818502,0.08394259352398153,340.54692996182615,2.695075256243819,54.31254239791686,8.451852784461138,88.21256272014395
24.473561953379498,0.1495059522921646,322.95962145082586,3.0023007752649553,48.36364927456057,8.284586797978593,80.05146708320075
21.878856694233868,0.13250147512174948,343.3040240345448,2.8979257688682973,46.76716943689057,8.089284512489606,88.92718073719554
22.996430160678294,0.0925330721078039,356.97475995783293,2.519010545917522,55.191376234225174,7.890738788466579,86.27469122217643
24.441986887450323,0.14174542479821428,266.5601434184366,2.656263566479349,47.05907808004029,8.105374835061674,87.61352151252815
20.90115643096401,0.12108394127286591,414.24616448479435,2.3142029907177224,36.3024322175837,8.371697721295291,85.82455314249198
29.621709545137815,0.11354330531767608,305.0886643414885,2.401050576464875,42.71897433088631,7.757280433192629,87.52557057515666
22.915340944526093,0.10754249829487225,428.06514338089323,2.58937223622471,41.81673747221811,8.439349313971247,92.95035576173709
26.395326557774673,0.11366060790577354,429.8346112886144,2.136185645936616,46.36939659149434,8.890331809622001,87.50120036321843
26.8945758317323,0.1492699518465247,408.3301360751617,2.7936803137001474,42.62859374541266,8.320505392791008,91.35454505735028
25.90856588518147,0.09146827620646192,368.0290418065599,2.9355246938416726,49.503861974507544,8.381547889102245,91.11741156479857
22.800646472418723,0.11701501910488173,292.35286426470947,2.9383988270283035,44.23727590433853,7.689813857448016,82.16894840603425
28.147371057810957,0.11136290168158869,288.32418144682754,2.4748036328833107,50.676649830245736,8.479027333452546,89.73917698674053
21.554953222734586,0.13401609943183013,347.8466311617221,3.0673900652097017,59.08899188543475,8.823661636320338,90.69019475492522
26.238920321250685,0.14263057869289583,303.4511333126587,3.112974100363386,46.21732729933612,9.333010709696575,79.72932668196424
27.997537723483543,0.14006133839432078,404.87691913893934,3.314375211656466,41.31118507567977,7.488455198619525,89.11859933298855
27.177633553077214,0.13651956022264253,317.74427238876916,3.1370476638569773,44.0927941236727,8.231010659151998,82.95574157484364
32.63808301921328,0.11298266502057433,416.6732072727748,2.469661930615426,50.15073403889821,9.07358698469767,81.3112425316753
23.513646045700668,0.14866000083008846,289.3487865083537,2.777335148719092,40.40322061923064,7.927991234667481,90.88214967383387
25.02684631171805,0.09292130516586715,336.351168554751,2.483632028138288,44.73129231486528,8.095411970211435,86.76207190000099
30.566681689458864,0.13461731559422604,399.4733235145503,2.959151799263916,43.898043765650385,8.368368988116138,87.9404659198379
27.04078173922142,0.15558221256759788,409.9096925423704,2.4412663458851336,44.24688777690792,7.933415164651008,83.91889808422368
29.637444977888187,0.10510099370659216,311.1311704309561,2.868834228277246,39.42152174234785,8.12396373246024,97.6943486637741
21.17403551471068,0.16331155755424598,335.4825372775565,2.6373189464476816,41.811892886583976,8.10724834011316,87.44222510374476
23.20772069235964,0.15922974409368784,306.1134425651705,2.9250218748311787,39.608341096795606,8.459391248824227,90.88374141252834
26.406409094403976,0.11936664150932964,399.74250815486477,3.100694668198239,48.54391092571828,7.9553925482734575,86.50596172539281
30.617016061405398,0.09887482889566424,360.0331979580919,2.6979135741530653,43.16314550508843,7.623199058966977,83.2958888653209
25.467131789681048,0.11505818067620616,361.5429061473258,2.3651140452217927,33.03230247980932,7.946991976657122,94.99665046505676
25.908421607015985,0.13679399746906643,352.2818038601667,2.328552383360206,46.98662433243781,7.781433451525768,84.9788054942609
29.404167631498467,0.15352908789421335,346.30987434370377,2.9166618580419357,43.64250217763944,7.4354457674348815,85.92551686627347
28.591612548911105,0.08245346499960107,375.90987466104554,2.551109181547945,47.96452718272652,7.771249158050461,87.25278780392162
23.723331696984733,0.1367658874825013,365.68665220515277,2.858894518109187,40.45993353677035,8.234154416215102,88.44327746647876
25.269167966880072,0.12579645422354782,318.66209398989815,2.7411377665823085,48.82799872460846,8.804507762131854,86.96541821441488
28.732713144890397,0.0890545289343655,381.5597276223151,2.5576350123106617,45.635729234417525,8.068097264942724,84.66448408876545
23.04305461599361,0.06136393712436738,412.2511826059695,2.4231662568989423,42.936793546626205,8.511799407992253,87.49478203575804
25.527573001893835,0.11400207555977304,334.39290118793116,2.3924945035393845,46.079321328362006,8.328233136183053,88.91181907373122
22.234838640737216,0.14237095371858788,329.3755536918782,2.895783216019862,43.14798513771842,8.64513974068648,89.0552995540731
31.062504501831064,0.13503607203148804,361.1277256596439,2.879827001414648,45.77158616508923,8.04194132917099,89.87199481950954
27.38225724333913,0.12541742822700078,348.060155150078,2.915043200474518,36.29150053742896,7.938100913463737,86.68460973253791
28.336649324594298,0.10840773209835067,305.97040576536045,3.0252560040568106,45.89993783345138,8.044021744067377,92.07749389247888
28.87332971380092,0.11696139209574652,275.90487012415286,2.8389148868538174,45.93839010470776,8.729271436700241,82.99940248331589
25.519468015837116,0.11604744013015605,380.12554027964444,2.475982677313726,43.762896653269124,8.875767857241811,91.76561639172343
31.45779196147777,0.13903758064112037,269.1781870580461,2.9633786557860846,47.90140229259857,8.039815872248916,88.78043457280066
27.266743697166085,0.10943110644905138,280.71861645029236,2.292413329916693,43.38149764599897,8.704815681770166,84.85256700098687
26.71683794702786,0.14731772036612428,400.0698938976327,3.2752421362880675,38.68652945752803,7.807026456714429,87.44682195703594
21.129234596713413,0.13726164155941753,314.8234479194564,2.238413053741753,42.01594658619409,9.099295265026054,95.69592437226237
30.834315250426272,0.11212749245091781,372.63100148737766,2.660138543590109,48.63350167048957,8.357319990165418,85.80313133182838
20.796790314997473,0.13423422376366084,295.79620456723734,3.3123575179534823,33.74281879481512,8.04700790507068,86.32517864236544
27.096044332498572,0.1298984968220297,376.6160048040579,3.0846798705501395,45.1982085292598,8.252525022840375,93.51298968985968
19.509816937627832,0.1035204424627083,348.0767740792786,2.8316965170648434,47.225894423511676,8.588563821796251,86.54118586117332
23.23704982698869,0.1251194322484382,358.1631100136502,2.8881353486693486,49.29554234369533,7.678640038496895,89.75399322249885
24.792029834812876,0.12599696374818814,322.3531309106304,3.0987576459457284,42.764951534699655,8.19847751602818,83.5116850103784
24.103752370547575,0.13667740888920554,347.4947274651831,3.088604226355919,35.113085503894354,8.695278191919614,91.694067321206
28.791780280171846,0.11753225139808779,351.4187148748983,2.350244322831195,47.594461924928474,8.391653864427795,86.03000989164417
26.54070731516106,0.12205824307322673,421.7867150833372,2.909034765813643,38.05392287541699,8.065268531202008,85.58476578220092
24.088234145558157,0.1391179279816909,403.95202246458064,3.1617834404062735,41.13171265030539,7.63309825008195,89.69123317724986
26.560098068918762,0.14046671293068635,365.8895236408386,2.5785539499215937,44.455054202651766,8.161350410837807,89.82346768131023
26.17393020867802,0.11762090598947109,215.50663630834558,2.895099622941239,42.536940721983704,8.834557955718598,87.45987871954942
26.17486160684601,0.11166624931920976,258.91818554889255,2.914159243483142,42.01816300513756,8.105560226897905,92.59723359373938
26.159493493427192,0.12852559289794352,256.23701615990126,2.2288609897588185,42.06563751176935,8.121470035163162,90.72711861600477
22.36835874752058,0.13173597131965298,316.13770437746086,3.2836067957697126,36.7351065923836,7.921486862707659,86.91816149874289
21.252188869832025,0.11944094534948456,397.84349918151725,2.8134385984762273,32.95565014304772,7.950837746712132,88.41501471870264
23.324994410668477,0.13559195060722803,332.6352559773162,3.069474866779486,48.035845480347625,7.884537956920132,86.3383950339777
30.156051168972898,0.08320963964976327,387.5214024918012,2.607680575208686,55.688885924632956,7.491121947075974,86.00754399187655
20.72506886302554,0.10239928162273668,394.45737139279015,2.5639424762237053,44.424181372140644,9.513593607961065,82.63516876585153
26.14340499935509,0.100004414381889,335.2905370496004,2.622608933542672,47.04582176935602,8.37025528204341,90.24669988474544
23.43432155119418,0.10062185968331237,358.49307224912343,2.8794998851677884,52.284016400217084,8.028734519813314,91.24479030996014
27.970615666435094,0.10878185332852014,367.2484951702022,2.8557525349670008,43.10355698700084,8.431588982257143,90.68366139112484
30.807183310177926,0.09159939030725733,309.6289420781353,3.0612449977039864,44.70314150542318,7.915618027069276,87.53421259656405
24.453575548979693,0.14980957215120194,341.11245890633563,2.955280107783349,44.04275442340877,8.558295469020381,85.91154652902178
24.35562620737389,0.14095633557949028,331.191609495757,3.362676936231458,54.42078804457121,8.220537301098306,86.0276826152444
27.438488638249098,0.08820009167919982,361.90445296873264,2.2949437019094643,51.264781560502875,7.566486814780747,90.57298625142211
22.55558985211468,0.1395854108179283,323.7467252693003,2.8228739304040067,37.78979953917678,7.353637404848462,87.97563800548964
29.790651022970273,0.11304609601865534,338.2150613231365,3.2619029853517474,43.02721367222607,8.58745292751996,87.85147722109707
23.99555821777403,0.14520689202903,387.0541915138138,2.9032642049288184,50.737557129944314,8.461704094433266,85.93042565344395
23.589457789127195,0.1354533379422513,320.028969413951,2.5989762327517956,41.11726713355007,9.051131240033396,88.51683597956361
22.17692847225672,0.1142649610780498,350.6675950934894,2.454138103342896,34.94969883098793,8.247636720936406,88.11670978790808
17.175425207475406,0.07956982156456745,401.7984569909213,2.863346052429826,47.7740814499621,8.558820413123518,90.18346817106936
24.01951943376163,0.11094064102666189,341.097975664813,3.347289881416228,54.242454236038384,8.21747423334619,85.53914721646491
23.261854798259932,0.0984539637469992,299.46765024038,3.5395358029617996,50.51788297094648,8.202267806685741,86.77522616531735
30.31697395026478,0.13004235881723233,312.89970140127406,3.1352364717817878,38.42203858624006,8.666603577416659,87.64086084232879
22.041555296777737,0.08768531173199509,395.4045138925351,2.9304046897803286,42.08323937403754,7.581227940313509,85.57684991489921
26.028788936283057,0.14941345071588022,415.2214004496841,2.5102974979984034,44.14323630697952,8.72913356036884,83.6730757005713
25.443080587823168,0.1347503275843721,307.8734064176528,2.523796769801584,40.33053674458506,8.325904711860117,93.540108167977
26.85988559768007,0.12930251721965988,342.5131285585725,2.45370124706309,47.09482145298075,8.00145633250692,92.58159969303807
23.98469928430095,0.13225267628459197,364.596618208285,3.046267568343091,52.43411269776537,8.327617690300023,88.7733263506241
19.756815423585024,0.09950287053994357,437.309278258649,3.2151188204250762,48.567701532662866,7.66271260980408,90.21624955320483
27.31479421686477,0.1304185057413296,390.60004808330507,2.5378496239131483,44.96742007313554,8.576891903520782,84.58361040921655
27.48456585691021,0.14334785336359598,352.104663763158,2.4319188328684103,48.71487594067096,7.806826021885795,87.98024719878474
16.248084058411273,0.12006126871743088,332.01252771504136,2.9347258924621533,45.08599167437904,7.505002864829758,90.39294077231284
27.448676744344343,0.11353268034174817,444.0001651527098,3.3267962489803904,45.651965812030156,7.83389431371981,90.06816731956843
29.03093525428762,0.14354810312241062,349.98189298778925,3.221967593445464,43.30712769114938,9.15540144490004,83.5666252154499
23.59391625535019,0.07666695314544,379.75209927457496,2.027484499504995,46.61329647229255,8.465008543601757,86.24135765810907
26.196769293867376,0.10082312102514454,421.78187518007564,2.5136692865229686,48.19913911302213,8.340589024895294,82.04330102965596
23.85013235552881,0.14201940538847502,320.7368706442162,2.703649968883936,48.426913613574364,6.876785780208092,83.40291035067696
22.422709776165423,0.09232497081160981,290.56885507663793,2.7353534510111372,45.35814017927048,8.5806458626948,88.68519887669355
28.424548545675762,0.1245296438973688,298.8057053103894,3.2212984273495486,48.56244677744481,8.184630431336016,91.19915341522481
24.87003369640874,0.1277856581955079,415.170598724564,2.7307639415447387,52.916062891584104,8.065464369506987,82.18614172186527
27.199094517899812,0.10696971649541102,393.18847664712035,3.0038725663881602,42.31816097601319,8.197927375742339,87.26530964438278
19.388171077309643,0.13796657983762148,338.55116601312153,2.3657170899563806,51.34223169823877,8.886358002944595,88.46931154296558
22.30645018155324,0.10742726292989505,450.51820929070703,3.618625012900941,44.035589819988054,8.630783885337243,87.14671435229374
26.081217518460996,0.13385320495390285,301.6490576659029,3.2046544740337173,43.265128068167336,8.931615220059017,83.71238140280005
28.485997378346443,0.1380552394230561,367.4228485376876,2.64646302543061,37.91414554580501,7.853614660906051,86.8633962590889
25.15409121823135,0.11595769706681064,387.6027604621186,2.498382858906324,39.47451201513036,8.09458553814378,94.5129287375515
18.56362434652354,0.08398541934377085,340.8198480355468,2.947679850744231,49.533035988733744,8.707822344573867,91.4708775159432
20.655279777715542,0.1228757923194269,373.86787569326594,2.7812889975985597,54.41947444671497,9.125591473127805,90.61266545091615
26.13989536581699,0.12304976899358723,440.60960792589856,2.4547528762597266,40.61038273293633,8.395467076899752,90.16724039941178
22.419891594137038,0.0699725428805778,372.4686402859432,2.459293721387199,44.36072979182301,8.92618858644872,92.59723085468096
23.567832993574168,0.1035920789756741,325.87477911806906,2.719220501459272,46.25198795771492,8.324891720697924,87.66570132476548
19.79960394082783,0.11373755182169852,338.582138436754,3.015155517201417,41.58482577437647,8.484232472743667,88.87190487318486
23.41068912025463,0.15131516894189043,276.76486467830904,2.9502003810986928,49.99789191100889,7.898396680749287,87.32929622513602
30.568204534634788,0.1388845714882509,347.033234315655,2.781849536882221,43.94421862167765,8.350362223003428,89.97803569200099
26.409411970002136,0.14400432818376774,389.88361706955385,2.840885179990444,43.04502277103492,8.483744853513445,87.4517324442333
27.131781504055954,0.0595482908926609,306.1287137452657,2.7043702798456346,49.74041917997092,9.004563147973514,89.27070487448047
26.982173029075867,0.14199482537387573,398.3090822288581,3.1859237913673883,38.747224631341595,8.114571824648895,88.02359338883257
30.064056510053693,0.12153365732584948,329.94261525524837,3.037181779646359,47.021002066937946,8.76376807212942,81.55616505555446
30.026782858942823,0.11143767039181042,348.66326875433936,2.5327494350099773,44.6446499659987,7.905431951655042,89.0659538955017
19.822075362723485,0.15269754698728066,370.2682261544818,2.9363221576096783,48.90511301405486,8.159111021827805,89.38720692181495
20.195238854790322,0.11092954140731484,332.86848756209776,2.421741175665401,42.63260282849268,7.492752993688029,91.40781519988704
25.604223565801274,0.14894891666831897,323.24772908887263,2.7954378270252844,41.48047561033666,8.31699190176607,85.94779128370796
26.799478840063585,0.08638993120246413,394.0443243789,2.343958398382956,37.812445805665185,7.387521715949782,89.04667165495925
20.538096387969166,0.1330612195303878,316.76583029389377,3.0552202044640926,40.447669011683175,8.336220861912542,86.08180821178216
20.665903634655223,0.12518650731630582,302.4081777787332,2.895059496545773,47.4942826510475,6.947836435586147,88.71506811262529
25.04300566263925,0.0804023804386374,397.5971478156476,2.184495925862443,42.856591688527985,8.50366617806964,89.25164281414824
24.801326365379474,0.13229356008936957,330.36397937911966,2.3878541445415897,43.63596663784946,7.136531735967267,92.08372868748086
26.420507520702238,0.1201098919538108,368.1670640319261,2.3695795209309423,37.904607526084476,8.421429207012904,88.45601255785014
30.232084304936762,0.12997480871347883,255.05288619680687,2.924976370998633,54.10704876658771,8.36232220703093,89.02963485613378
28.486985751975652,0.1270920928502373,277.4607975655533,2.9371008628650466,56.62837235214629,7.659034827516325,84.11888100675763
23.58769174029228,0.1300939845457252,420.6946883701799,2.2202527129675644,44.81952451183139,7.332898184905282,90.42015144400622
27.79399021167528,0.1077965534140418,371.4866767839803,2.895020380615534,49.336781987405466,8.039151566020484,85.89758561654814
25.18797439044091,0.13049199841687195,425.2106496651349,2.369310842070439,47.4267997008665,8.569730439339743,90.71555181608615
24.044317083524316,0.0719711073311034,393.1498606749504,2.1791940114970734,46.80454559765973,7.314600512767826,87.54949211573333
27.097377572244728,0.08432788376957753,355.57750301842674,2.1463403566499935,47.65179341349764,7.743395309196584,88.94469591265562
27.003582914552968,0.14153093810331713,362.2008241846907,2.5426988663394496,50.448805496232566,9.280149592427685,84.47681741080935
26.52291898476161,0.11471604164471842,381.14999495133964,2.6692532022360465,38.15144330995057,8.15393630877052,90.2330122629781
29.34525467995395,0.09797147993879224,356.426612265609,2.6608857909533743,50.896793148311346,8.758184104738351,80.41851385763367
21.227387802224925,0.13420799968968444,343.50980142568574,2.931428103981716,43.42604707437854,8.216801275916351,87.48541143403403
22.49749679750798,0.13135141046409216,322.5866667037551,2.261229501569057,39.33146724459482,8.305264975621867,94.06425411573728
33.63141873952285,0.11858096347373898,416.71700405930153,2.509845936600235,35.546360835686755,9.06819283355536,83.62066964622345
25.913078858990175,0.08550548959483273,363.05242868940945,2.6609328800975924,44.52903176828623,7.53243615685718,90.09880810120146
22.043299204030696,0.1287301989267997,304.4384475075672,2.5114786042296156,49.857853775781244,8.204620581917455,87.19372187808844
25.538963725544786,0.1327208290972237,367.97180460709006,2.438136445319681,43.06068860709176,8.816153520839064,92.45416366629082
27.8524742655371,0.1538988837557587,345.83687083232513,2.872479810747238,39.33340953209664,7.5678876682008145,91.11163474550636
24.682391146915123,0.13792663769808813,286.5570032886702,2.7813606736925403,43.5481070205558,7.350893182170062,84.73054383289545
27.250017139858027,0.08804606422592196,275.9798672771476,3.477358808474092,44.04580859718488,9.330619042148253,89.23009062295799
29.219623849563014,0.1352774118951777,373.88674052250036,2.2037197318961974,49.284809295053314,8.389110976175528,88.31136937538109
23.55898502949669,0.10091481080014983,402.24458439832404,2.821882200765834,44.838612744003925,8.57836431976121,87.35738252284418
27.21654191932999,0.1223748704945121,316.4010542387441,2.602973868378979,46.37006023659396,8.74439375678308,83.63374069458116
26.393048913001483,0.10883588639355751,364.69410312722863,3.135918786535989,46.789605830322465,7.179750758189629,91.42765426835814
27.724298602813043,0.1283372459289103,398.3524778703138,2.9641305992953013,45.811058997758316,8.651149541025456,91.57805922629511
20.93870480818139,0.1351464775079675,319.3118164933314,2.735895164589433,44.96501155126034,8.48481479135541,89.17588968111563
24.491224195216926,0.12153467091506383,401.5249894230326,2.8386984072545096,52.617558521518546,8.425812364270138,86.34855443668265
25.4261568508583,0.15128977365441715,449.37446884201904,2.9409698374960476,48.84585700747148,8.31247555368573,86.90273366887703
26.66100330190267,0.11903352613854658,311.72805836714986,2.6347738972505024,41.22789021189372,7.722705900590305,85.72721018311937
27.76854296365941,0.11442883792631417,336.9150286589012,2.4171487918874264,38.13231121076632,8.080079876749155,84.03977554974414
22.58326781602156,0.15477155285938687,379.79698220727045,2.6005959331577087,42.426307915790275,8.559535535292648,88.26492069965133
27.741917943376617,0.11473860307248702,454.19606679925965,2.9937009306841693,49.71563020224331,8.682293268131799,83.5753990207326
19.2447078955257,0.09734737039547905,336.2210265147573,2.0553449546197173,50.00768205375158,8.35562132721548,86.80732196028806
19.179158583303384,0.1517892180110652,329.417883958435,2.5916515664457385,44.37193274795524,8.577158096335594,87.70544312581632
28.141920738754493,0.13716344950621512,334.2463119185404,2.4611671194016154,57.0321252887376,8.395436453898629,82.2184386799804
29.135007521221063,0.1269451103026683,326.9459220591561,2.4312019850552584,45.506772141923335,9.205150851660408,87.57664524729
28.23940796208196,0.10427537251030897,245.43657193473837,2.8022520680776632,49.14312025069716,8.908410793129907,96.42543880243527
23.90332154559592,0.14969589537632816,347.9731958084147,3.325513017033498,43.78309941594627,8.421295474781411,92.76958836974045
25.157365474863383,0.12077070338336034,258.73681171676117,2.7179374537578584,39.4193454285871,7.7186389209293775,85.6879471480935
22.218053684749584,0.13891262700402393,264.21615212441606,2.5633095161325627,42.07998142752324,7.957100603409281,82.8357671835855
22.715545951484568,0.1400829455720147,382.0772789858978,3.234338563495279,45.64120644336943,7.946346074679545,86.29843302192704
26.38523410466882,0.07118446014850625,330.1258381980864,2.807191454166519,45.80228086322652,9.392282747720635,89.16370339050333
29.676085224077074,0.14660035949353398,306.6038536481618,2.631290857163942,52.052699701068086,7.819896483476721,84.75836639527465
26.98650923420521,0.10171811806200015,383.3271609724308,2.829939136116327,47.024591220050986,7.699273674005643,88.48804672423844
23.745421292927624,0.10158018457537257,302.95504359797263,2.633970691630058,49.17150390168755,7.651791379937318,93.82054267288753
23.550059999188594,0.10649026058254175,365.6503382025257,3.0605229161633285,43.82397814840992,8.289646680462074,85.17493368235066
23.87989170480144,0.12465112382511832,357.4956053467471,3.1635937800873966,49.59002623101644,7.787959501123962,86.65393290080729
23.455748073821013,0.12079544561641593,308.0612374830517,2.756937924963456,40.25025069652616,8.794267543217204,88.08425626657349
29.193472685358998,0.1182811648431564,433.9881597545642,2.943606978724337,43.31855805240932,8.755549469560844,86.81695409308941
26.821199335981312,0.13073973348995196,391.55050899826483,2.856565794733598,39.63772795229376,7.8760519671394205,86.06009766905885
25.784713860434252,0.1444905413009843,356.60561653142645,2.8141876118132134,40.504531409352296,9.253143368438558,85.59415781357593
24.161652032906566,0.10627421594804898,292.1078190520597,2.9383051590971747,59.212444448549,7.600503590256488,83.98204190906247
28.624615812896266,0.11629120820425407,305.38999843265117,2.7863073154757307,55.679777588731525,8.369100698484775,83.00584262813648
24.523942105497408,0.1167022454228613,310.4444983066907,2.703300232213408,37.24404780467464,8.310013803203127,89.28821604579579
30.330595570668876,0.11185183581775897,359.5733292628163,2.4604161468077628,45.627139346108535,7.855829637897382,92.09213720942665
25.06034398942799,0.11430258034689383,361.68758743751505,2.413776501844038,46.132675309389185,8.46304234351116,86.29933154515652
21.56144403181754,0.11698213972863253,226.0054251680608,3.0335204628869676,52.87807995067434,8.245610150182545,87.01413905861759
26.38083485497545,0.12385470074042294,341.0274792600097,2.768502176874643,55.51165451431235,8.771963303330539,91.83942446826858
28.037130915229703,0.12466190346516622,380.9894516903773,2.7386604975068076,46.524558621561866,8.366607463806016,91.22908589814546
20.615461452279447,0.13495283779092065,308.19176938121507,2.8880469206636668,48.20640030148965,8.277525028602374,86.75770937380314
25.93085980977024,0.11114274786095976,402.7427617508125,3.329984448854786,42.31296533083701,9.032877650929247,84.64210850877927
21.47725705890783,0.12094724488477428,337.45340781832255,2.266211386267372,40.2121728240451,8.483788335332909,86.86539156127226
26.759292831517815,0.11062418234901868,291.3139125468137,3.019530813294413,53.14352873261922,7.854449483331527,91.19383267860029
26.650697823992815,0.1317968933285666,380.0796085580871,2.8637046305674367,45.383897783218,8.438883912969974,89.14353051937965
28.600971228216217,0.10293188743152706,384.64360534051093,3.0603277486254243,44.85044911727964,7.893742951878642,90.20268139594343
25.158255017051516,0.14659738276111456,287.4280532190435,2.6508257444173378,43.669764044331174,8.477083025022747,88.79832419745506
22.430678846694338,0.15255931083943025,463.15889047847827,2.7045150316744064,43.96678679558475,7.626644259174972,87.62140807903225
21.483061038809936,0.12293403006761272,323.18669823773126,2.417158369105084,38.88868884229502,8.635669110715238,83.61610872960252
27.280121104511213,0.11852610617662501,392.3108817381842,2.8676002241413423,44.387729721782996,8.535492661551112,90.86330888209505
25.12966777106916,0.10023023825436467,385.5455238741377,2.306724584131877,47.18099599508368,7.948805658169103,92.72544763520797
27.012760481047074,0.14751579799310538,327.1962626213474,2.529946889143588,50.27460602443122,7.7747380101013235,87.26384294556918
28.89053982562132,0.11226253500744404,400.0185402300998,2.299073675456912,41.78134102653358,8.669275940824695,92.18720434289509
26.225351231146963,0.09606562292310572,347.68269654434897,2.7166438775048682,36.521904217130114,8.620784178996788,88.86193381316798
26.683874954346724,0.09821240683364864,408.88487626977684,2.528683383998627,46.778883444578106,8.266438881537251,85.98963119777672
29.610877875111782,0.10832310764603706,422.4566678760891,3.5085142500897044,36.06648375981048,8.539934026022186,90.68073722900188
25.442033806093374,0.17039777666324143,359.32084248787214,2.643467565836462,47.78851050880314,8.298225470828507,90.0557920892191
26.195719839789625,0.11941709398978984,368.52654993588374,2.948077598980324,50.36177443458095,8.382808883910478,91.10945885985488
23.288935136577187,0.14844373214695739,502.2691706015736,3.4657440435822244,47.36351604114481,8.8553619098202,86.30482612185548
27.384686768556143,0.1222453206558872,350.92423901609953,3.1043710589440394,52.11023580451593,8.503759909703314,87.53653594881027
19.96309630593716,0.11827074988699486,307.17637240716795,2.7188429035486896,54.79727293189166,8.195744071721778,88.60854266248664
23.996221166772962,0.1352786189735937,268.24724285988094,2.5812312892102005,47.800390980317395,7.425275285664292,86.54051599485221
23.916925064457978,0.12102090258592854,351.1481012568908,2.832423867518804,46.52418515339434,9.045672272623973,96.04205296310369
20.20389234195261,0.13203065062682967,387.3202456669376,2.948082470394908,37.08787906554378,8.683916439291007,85.12162026591002
21.79692525903335,0.15025194093309324,368.77980609873146,2.9336636578089914,33.42610560089906,9.006880643357862,92.73017652703646
23.98657203506416,0.08861372331844432,306.99189753751824,2.5391611064535917,46.812015388980754,8.671033960598418,85.50800536098888
23.387693560633487,0.09740118156656796,329.6018095797745,3.1772296643064153,36.16018410997961,8.427081360649604,85.81302579990611
23.229140161274856,0.11749911212418244,296.1919014743927,2.903897176098091,46.613015841422474,8.75815827992629,86.30969007839757
25.23119132474601,0.12668382853083365,311.02310767267835,2.562093468653559,41.704772989995455,7.369824020272936,90.21491448354637
25.271916097612973,0.13685411315809365,410.412126683725,2.7014207669221664,54.68652855853346,7.346440887260336,83.76160931802593
23.585802608984945,0.111216301549511,316.5069277588515,2.7686558012840323,38.34725202999477,7.524464814880405,86.19359838595346
26.5749501018704,0.10428547525460846,357.293335131639,2.9337415210145767,36.14264050852712,8.065552242300837,81.47023711154307
29.74808197447848,0.09627372000833603,380.93438198046005,2.8166669858553637,48.42337366111862,7.927130437801974,89.11455568096878
22.516405842461182,0.1177000184055373,355.3052214288222,2.4580355093902164,47.2424251193159,8.044091115488234,84.71039485432901
23.766020739594637,0.10138135641134616,365.12201597215466,2.695374363054508,43.43908689144726,8.46861545431657,95.51867451316448
25.559063498162136,0.13012007896009942,348.6817837642433,2.6071945979783027,43.69939328200239,7.570468335251192,86.72699702995365
25.893431914518935,0.12357309671605897,340.7826732586261,2.734818932246483,45.703354887200625,8.598464789784035,89.32240284389378
24.66975338292343,0.11619163783523323,372.1374636352852,3.2903150308933418,48.676783921495826,8.539499150825268,93.04164464944486
29.39588286820101,0.1325112479176139,364.0016373836639,2.852056683640773,49.02170966756017,7.709000240183638,92.88238760036086
19.385215855416916,0.1372421315489258,300.5222763256778,2.673480127806324,47.784966075708816,9.162708978092386,91.99548543046888
21.049523034291553,0.11237620377185163,361.8318275946431,2.8339327496501796,51.63489331531748,8.55415226359763,93.38889854088963
28.450859487436173,0.06614643059729122,406.533164629878,3.0218049606590585,47.74173761494287,8.760631315562524,86.33019690616291
25.465738668991897,0.10262368162866271,323.5769386147237,3.0639654042729663,43.36727655911106,7.549631652526587,85.94862690038593
22.94538135376161,0.14783715946705828,437.4946362860058,2.9213572808002763,45.59473806186763,7.676218785594302,91.94933482696565
20.518706072102546,0.1289432738736384,418.04371367844,2.481464170393659,44.1269427371529,8.545582953439402,86.12969660960485
27.75841231047353,0.10532233260933885,357.4824791320555,2.7061908412653777,43.32559261121353,8.228173479512826,91.13196528651318
24.72869044273096,0.1055427965024634,353.86253026029925,2.951240863119921,42.77168904768602,8.030813161280022,86.86719790293047
21.67491833468633,0.09562912155984643,395.6359212798321,2.906877644485167,37.168312724734065,9.056835351347225,93.81837783497069
30.245792077223037,0.12050248085536419,322.09536190012545,3.1297924081636577,37.78714866548624,7.463266978410383,91.58615100781942
17.40024477171422,0.10029369577135157,357.49789228760403,2.830268644683545,44.14409765993922,8.4741520960861,83.08249918977495
28.706773348125772,0.1444782431201187,281.35491695066895,2.762296276794839,42.45426547554901,8.986555362527104,87.12239447807168
25.00367959400625,0.12595197994997534,304.39158138942594,3.419758822387062,41.26089099502925,8.085026269780737,87.62907488702986
27.484685457160268,0.12608858600476386,462.31904258327774,2.613435752672885,44.94645600087312,8.512291602296532,83.62893928735717
23.20228112604591,0.15427255602481685,385.2685572262769,2.7178159299089892,39.02699451308811,7.994838792681907,84.7165954833396
23.51573846528381,0.14154980404529027,367.0244494579412,2.7716147773955937,44.16003833670562,8.32781819665492,88.86493345292772
29.26169030862127,0.1300357603229687,422.15448239931817,3.058284972227711,45.87596822044692,8.971287951309305,88.25945620018531
22.69093762225345,0.11948893898266949,371.42743497952245,2.3198695121907336,44.209813958460224,8.626467224387643,88.36772761557023
20.356212365124186,0.09079610170377596,343.1942556245485,3.2855000628202706,39.66653151692916,8.451215762740961,84.05920060305884
23.84444406647103,0.10033513177480054,308.3564013162494,3.153566800180046,42.27695365699241,7.4781505684125635,87.31046775211443
23.24533017471199,0.12323407625642502,355.12224466166816,3.2357643100225344,49.076509205008044,8.308355623893416,89.08384517035681
24.045273564172092,0.11614787021622694,442.4302297389635,2.7245630227198694,43.30071089439391,8.359198399972007,84.5129362837019
28.758616696985275,0.1391721847040158,363.7434454083185,2.7555952457031414,49.84320527187895,8.222190597500944,85.37148359997454
19.061260594653703,0.1136421330300486,405.21314271968095,2.729694250033794,41.99903295209336,8.29448270140374,84.78597071846458
23.63462810418847,0.10734994977038098,278.97717938014154,3.3500789988720934,43.8889191381729,7.845062201770028,87.05703331992353
29.9094907944046,0.1302334073764556,460.20779756789426,3.313321681245085,50.24366077980423,8.17954190080389,88.60258942547229
26.639015107868605,0.13573872184228708,370.35260781787025,3.1899951111347407,49.365982857401974,8.580739889010573,92.19089119360927
25.39736683308194,0.11185801858054056,346.7020464059236,2.362940179749917,52.06563294511735,7.904005096097869,88.8223005686646
26.40070359124475,0.11920870627075275,351.08527269114603,2.7202286314488586,50.3846943718506,8.004947197693099,87.95571154967112
24.814306470494977,0.10775768317505743,366.4466937623745,2.6592909687390933,49.717569841057845,8.886167181927282,86.67114497248593
22.345325881713197,0.14184882477648425,411.1797458543721,2.7387513070910083,41.986866823582425,7.863687377635311,85.6753848902007
23.414124233831696,0.11727967343303368,359.04346395105847,2.579280907830114,53.598425236400814,8.124280510388433,86.63151192938935
24.174433251029157,0.1106918005465382,382.7746228614608,2.824609510768974,46.21831436028764,8.867937932971081,89.00293141101669
23.53783738020148,0.1342427741490662,375.4708145775069,2.6013438773176634,42.73962688533158,8.041028839825753,90.07273643136703
28.549471581449126,0.1179392747933676,350.3380080425188,2.8665537018618164,49.16096509897534,8.37225897028493,90.09695749823992
26.95021732217856,0.1293483903100977,420.52243940948114,2.3745576195477693,48.51615921054851,8.776765862709414,90.23939738026482
22.522855805471472,0.14245645969815818,437.16561628994657,2.745339258609454,42.69725127044234,7.632699770993442,92.1797098347466
27.51676790962517,0.12830649581485915,352.21302190716705,3.000788617476618,44.50548268849023,8.003974957852652,90.89870441752446
24.07353618178663,0.10672404174143092,389.555897522471,2.5001944259582842,48.83109409527882,8.067072697104226,88.06038287329004
22.444520315119195,0.14132029879594668,271.80814223726816,2.7588247208103804,50.95950099168176,8.383281234216444,89.2894985869877
21.204042060218963,0.1542524225794456,340.651428911336,2.9647785844028403,42.22647746144291,8.077151475415453,87.57946111953842
30.490173962285365,0.11128237355538108,355.86236806099384,2.3782904555917552,45.55255998535062,8.165183364233078,86.39800026253008
23.254060246639618,0.09667871534181546,270.17563382086877,2.3761279152536843,46.87897138174956,7.735880320207176,88.88404615332888
25.839433720142726,0.1372686515899887,321.0869281714424,2.7302456309764653,41.43715508240964,8.324162830848943,88.24641824172821
25.42280610880903,0.1479881173402221,392.18262620258594,2.809585396555125,51.682805395653524,8.622620419075359,87.00495687123333
23.857080332718652,0.10927140171127422,301.1485568527943,2.392160937905687,49.35961157141814,7.689903130688004,87.75910148459238
27.234039792385158,0.1151501891390345,400.4947047171748,2.831456298751052,51.71527209906262,8.203874212026728,91.05006105365536
24.540940182917524,0.12409478718065456,332.8179687606606,3.466697794319594,42.17446295437676,7.952819066014731,86.14442299760464
25.263113080908873,0.10940012562093426,351.73872346573745,2.671038821103566,46.683296100803766,7.91389411199983,90.59761451320516
22.227085273815696,0.1260252618077086,412.6262106691605,2.8444096308468754,58.47647949736566,7.19031176834841,87.08009398626312
26.611883325900273,0.09450846945198806,323.12021856602126,2.5352330050905247,48.74438262552831,7.729528671679546,92.60093555245317
27.528824986405702,0.12414683166266692,443.46811115454193,3.142616770742891,51.34559776683177,8.812588707675355,90.51646465125911
30.149824756504056,0.1260781655498031,428.23255223934063,2.610770579057199,31.49293487424028,8.013977844312071,86.13735623555323
26.11996828534602,0.09432811180380385,346.930688184287,3.1544450778559656,41.7753831416211,7.786820095401273,90.52324892826118
26.288654835744367,0.13067414976233754,361.8803363510704,2.6890952681972164,42.69153262796557,8.033321641192535,91.06231568993954
20.74089903731815,0.11022298517009783,284.47868385368446,2.5958362834762174,42.68315574813139,7.759124238437144,88.63966628883334
22.214742889093262,0.10928871620035707,268.8422859774981,2.8189954540143773,45.102135663353984,8.743853532471329,87.16002696207087
23.23140443296366,0.14194141610649635,407.15095465789284,2.6078629438403382,43.0194791653762,7.907746634589252,86.90160340586995
20.188264755322095,0.10007738011495383,385.2125052985923,2.8998630486314,44.59100573755692,8.700879662246965,80.97703338353142
24.81320253588447,0.11694643252412591,282.20827335346206,3.0042152866963296,52.00587700176997,7.967374362747241,88.13279612909
21.97506050062489,0.12590026884295097,320.15365046776174,3.493424852115593,43.07089844226231,7.7668582990951105,92.08305776140524
23.694996689844267,0.14148592209997657,368.55028903497356,2.556645553216943,50.12810783876848,8.725453285559428,89.23675145399827
24.58049541892394,0.09416788514661449,375.45851088440037,3.0626830987705502,43.468938601473795,8.516940997060148,90.58251289165891
23.57884274904615,0.12206834317346416,328.3229005240081,2.8640543067760067,46.75910046217579,8.619219921246469,86.92900592112134
27.90053757979223,0.10641249927809841,288.34432793902727,2.5936671995808753,49.51399151918573,8.399702965122465,90.54945827803789
23.30833062469115,0.0916225299083275,408.6825403318445,3.288221825578843,42.89360463837902,8.32895233249192,88.32348784319242
21.714042271227296,0.10312944081482735,358.9989924574231,3.446674560064472,48.214175417542066,7.493139513220823,94.4390260570019
23.555417098479364,0.10031656418137366,352.5973851170526,2.698862660117823,42.85118134565673,7.892635851841693,86.45599673168151
24.58096255953327,0.10399088886519234,308.0567873032037,3.052699211153211,52.487449505268266,8.01457511057665,90.3376103786493
25.770633449456213,0.14771819158117433,310.2981857319138,3.2413941969232622,42.31377217936196,7.841981250805151,88.86248847932013
25.952757056500808,0.09733094101884396,354.23949151435284,3.0016014821561026,36.01376313149852,8.53397108368276,92.06572061254872
20.51532850068764,0.11044135316957399,407.44138344673604,2.6823038631414917,52.57488645522286,8.117762686842148,92.33517357009771
22.627835806078192,0.15182567695598354,411.98072847519734,3.0659294906473518,47.160918572554614,8.421045124634647,85.9958506199352
21.88667109102545,0.13609043664836998,250.98935120079472,3.442045667320481,37.70621442380311,7.943579291714265,87.25037530788994
23.08150379082369,0.10945482322515869,327.95945297374476,2.8607305351823684,44.438158396087665,8.565597851938152,87.65246757994774
18.910691321166436,0.09888943178259627,336.0464789126286,2.238373465090285,52.08372903680009,7.551387171934481,91.53300001978998
29.021238414199928,0.0998125338535801,372.12324337122385,2.8775465696980893,39.706275243519705,8.494634683660964,87.58111675474919
27.873410947587235,0.17416656076354503,354.60793458966674,2.9959533377395653,41.73764746090853,8.33527046249357,89.69166143160608
25.90895749365084,0.11392798767251307,334.10825878631044,2.7492087559151237,45.15831142995035,8.068665633398727,87.11645499966897
30.515898986668226,0.11891513990519864,422.575829568806,2.926882014592547,49.079917833863064,8.60227710163253,84.05995939235592
24.530263547421768,0.10022413369592706,376.67904241443154,2.6656389658857416,31.29230195795577,7.6219756141062085,87.65868119458116
26.488740151918154,0.10078139478261947,373.558264715615,2.417374979734955,40.01250333005903,8.492608487958517,87.10361769536962
28.84001815242363,0.17515998383738063,456.3479206834338,2.5501828019982926,52.14264763674027,8.573199610035056,87.26607023861521
22.861123392219127,0.08673617951771387,351.29885939732964,3.0565836049473054,48.967382437161014,8.853770292871761,94.23155939002886
23.233663212693905,0.1066087751707884,365.312416239202,2.995054567996932,49.75126257218459,7.803886932321855,88.45311870667602
19.90659940220567,0.09986005082713785,300.1060005414363,2.9879658853371436,46.79709879553839,8.938212323757512,90.24418173765987
31.504953943536364,0.1308140351105472,321.93155948144295,3.363169684290585,50.47070864713479,6.767249682412176,86.221015399987
26.691466622659384,0.08776922352047725,394.68346511404934,2.6591631618162803,41.6561817657871,8.312073259363943,83.76941477111407
27.531989538343595,0.09049222341026239,428.9029124300802,2.4459185628592204,44.31307848740102,8.96767990479199,93.13976550709421
23.509980879682615,0.1418652443219453,303.26086777249276,2.2867559329353466,45.982917837530465,8.390368946126625,87.5531163697497
23.1000278876661,0.09830196254771228,331.7921443881768,2.667246379987534,41.0318918633287,8.16920114891284,87.74345804718222
28.19628203352612,0.13074559484935086,335.655310757542,2.5182238732648385,40.58527150035623,8.309664889161935,85.47093579122821
24.340251828646245,0.10835259195918308,375.62276535102484,2.4006120231508032,42.40996886485986,7.270701157941508,89.85411961334117
26.459075353022264,0.11081211114892597,426.6248346689169,2.567520435188903,42.4905117395693,8.753556441614858,85.26120536778414
24.34257841891164,0.11787142053514302,423.0032465967839,2.6686862452539843,51.790432339297325,8.008451423280707,95.15250772731022
19.654452124738103,0.1502272584615212,357.52417827251907,2.5074583188653072,45.78836713661882,8.125249423638053,84.75431803253409
20.597009169458943,0.1196763075309621,336.4214881780885,2.212122191889227,45.207624598938914,7.889584804680184,88.12679365383778
27.64051182796186,0.11227413753406881,328.03772753428274,2.8412767661430394,42.220119200057496,7.126515775296335,85.82800016024534
22.025507239280888,0.12509666784654608,317.43288206787895,2.8630210177399196,43.56200223712364,7.137141808536728,89.92930169195101
22.575195358546587,0.12114553416710937,345.0400885464853,3.296641131770625,43.720836912709004,8.54135552976826,88.43683165094637
28.11801957668427,0.12912003334988412,377.8848397635916,2.5810431681378305,36.64940230624147,9.004689368118038,88.50436373651158
22.308640210249127,0.13558765752891958,370.1428696481322,2.2262975801481844,43.98040150969674,7.991014515260081,88.7612243950901
23.251310833140753,0.14453168654381301,320.54747810314035,2.5296138428871737,43.367758273488526,7.943730652033496,88.8018937311098
25.23264591239452,0.10924222118690238,369.38591484260525,2.380507741345214,49.79511187117477,9.082978531015637,91.64751178371209
30.442561932782127,0.12876323202844286,458.3063652070731,3.1747796884639805,40.824259792996195,8.025414121053657,82.24826566045404
28.376836333833197,0.13706889016039886,410.0609296650622,2.6212593767791628,46.933784675561306,8.023803204231234,91.49404945081378
21.291838085331367,0.10092334582443334,280.86361209180166,2.809329250884407,56.545284585254834,8.519737450934155,94.58240578245024
26.723376885655135,0.14332707149963553,422.4524132827581,3.1204965207293043,43.50179047736861,7.870013670543071,83.6368996105892
23.605872786148428,0.11233269461139715,301.71826496572993,3.209188029324561,48.149567897171515,7.7992557827766,90.85915118523218
20.768269710881622,0.11906562418684503,362.29776733928844,2.3937127138770835,41.43303361369035,7.662664106640198,85.31195075332373
26.83647732439054,0.1058735191746083,350.59212845606964,2.716636450093296,40.213892360209094,8.550648588337792,86.65947998292563
28.828361337410534,0.10260440218484242,321.4023859559065,2.6353698645394332,38.53848993896633,8.141769386326024,83.7651740605879
26.22322967549455,0.0925637544582667,393.03049353783894,3.350882059799122,43.394985654248984,8.506640117402151,83.71510019628819
24.783872501158772,0.1240225811958417,382.4054853211009,2.887590726563035,45.87657298298898,8.0713537427636,85.17890857411632
25.233219802046825,0.15011040229564887,423.38003239615813,3.214791262680064,46.9118161534952,8.78448803600783,87.58621275588108
23.86628255794853,0.1440446549561229,397.2330761642608,3.0965925846074605,44.84694062476809,7.8353383453755425,90.05845817661877
23.331285523833426,0.13756360308068627,376.62153191665016,2.976320840267784,42.17082623103671,8.520145343055214,90.43341813331946
29.27651933583333,0.14674547147484446,394.23509978315246,2.774623716691489,51.15880673345364,8.219680365605667,92.19221422475171
21.61214346668534,0.11756068761468738,459.22801721808605,2.7998260654676734,39.78912535702972,7.963661470835323,86.39204215707461
24.164649676624094,0.09799092961817861,394.9259658670541,2.611647499574869,47.84502363942551,8.397646133569063,88.54911098416859
26.63794859640348,0.16156365101724188,220.61256011805338,3.1279435431409284,40.402321152453325,7.680557474907306,89.25390275135182
27.166350319819294,0.11777619284459648,403.49993076112963,2.8096701960148516,51.95890293825148,8.350815879231844,89.10464171374261
26.364352164105515,0.11495411802380637,360.2754613113598,2.907502029249793,50.26442533689995,7.892072990730153,88.52378632015383
27.047091935451533,0.13868755530240803,300.94440277622647,3.0435306677913485,49.44656963737068,8.318309667638617,87.39988039711892
22.190020620311746,0.10253013619833173,363.87478590754125,3.150835262928833,49.6899376253095,8.576322771988089,86.7572855342847
25.351261069766352,0.1189254334816013,377.3826171564874,2.930352720164468,47.2074698790701,8.403919890072565,86.874878731626
25.805006412727575,0.13781216876513697,326.9833995339179,2.909344161904157,43.03262594215822,8.926841970036246,88.63602838097027
25.8707499352259,0.08087898833498344,390.4823874860081,2.8700585921738737,45.78324930186449,8.706407995051201,89.5929961443783
23.30003100416207,0.0828904303406444,344.7861852071551,3.0690230072648825,47.65377594242699,7.984745098705501,90.36854324405293
24.41215281837034,0.10380392306491992,348.9894576965715,2.7914140339250526,49.73572238929112,8.338790597176102,87.18260642176661
26.5716630134557,0.07612304871545258,325.9857345918407,2.7745387071926957,37.9123902083509,8.502171412102914,90.75541499756213
22.255048168296376,0.12896664250879136,347.06376808891156,2.712812726079437,41.4374726677744,8.461538886743451,89.34692132167704
24.62135092413276,0.12475899507272804,423.4797400390652,3.2139512930741128,50.7311103099646,8.400139451709407,87.91686150257061
31.62750664017478,0.10368436204931339,351.62668131629056,2.7606479748127626,48.983880118587464,8.461904536435615,84.0601682493485
29.888142183869874,0.1398741557164644,370.92748820529806,2.901125377886973,44.3936861414125,8.635088625334813,90.65918598364854
27.183418487587076,0.10311154953509431,379.7980912311774,3.359994858609028,42.265399372275944,8.595475782155066,83.72913853886145
20.678501863462184,0.12864593301788516,319.3940940224753,3.359295605918226,50.54290992367317,8.704930427804092,87.10906138421106
29.11989941637533,0.0917056773996829,324.3937780494085,3.0385298560185205,41.198175080219144,8.157750265005648,93.82804428379065
23.11103778922016,0.16318944065269567,388.7852653311164,2.565409593522452,52.10610051617501,7.878893978537161,82.741599773729
25.313911580897084,0.09515717130595408,410.03867536263374,2.769903178424381,42.42487301138864,7.743223888207192,88.82274790016722
26.504445054599852,0.09773279095965938,225.21074118210376,2.7397473374542107,40.61446347473783,7.811082672556469,92.53310649669717
21.769696129405805,0.12871765786621842,271.95428642912924,2.838081937297277,51.90906706598291,8.637612732800891,85.65027538386767
27.885486729289276,0.1343811261935701,288.5387275047109,2.3372017870993216,47.369700178103436,8.064591190295276,91.76549030759114
28.139604146931674,0.13049074956947826,348.9832679221003,2.930283026152017,40.66560247924718,8.977304381755394,93.46156748342668
22.68447320555951,0.10403450856654332,278.9809515931004,2.5839211314754307,53.13975714652764,7.616257869461069,86.51399971933249
19.12452769053904,0.09219080039459734,336.9410783281317,2.773186744431834,50.70668169515923,8.916140334303659,84.78497428886457
26.186376947702097,0.08605040738130562,366.94755799492395,2.5600083099379924,41.1844784767279,8.569816761265454,89.43217539642755
17.352840945880743,0.14358722623127473,317.1281408970944,3.101889681476739,38.25280554949836,7.858453804957681,88.975519465491
23.197427522750935,0.13767936980365622,335.9433434339201,2.744244085896175,47.17949568080284,7.589378621710267,87.85965490545335
24.22856867857962,0.11594213501922424,239.18380807037582,2.4794379735427867,50.756779937201905,8.32826144675131,83.61367866257267
21.427458527025397,0.11644821848113059,291.0534818915128,2.975161395699738,44.78868692634871,7.490172769899093,85.05435212770834
26.558614675250425,0.12611230708880747,304.3515439904165,2.9208826002269452,45.44174220393277,7.711414278695349,89.26457995301818
20.433000197466445,0.13745621134638517,434.0880136726834,2.952729211465833,36.40364245897439,8.24425892797638,89.44386776739005
28.489717895767626,0.13197273949916816,371.0284768096368,3.2325611908747147,46.205455359526255,7.763880089946942,85.92239692957749
22.083355123713485,0.11768938026379636,369.0359099679947,2.3773233044690323,42.39053453177862,8.25490025073592,86.118082673179
21.470698726306594,0.12294555510334025,262.13071283288116,2.985865467577147,47.735152412640474,7.584832603885671,87.14172701796664
27.899017539501315,0.09296808264236887,337.91907700606157,1.9194280712824847,42.220169997733805,7.881137742635056,87.25133838708668
27.548333164230225,0.12681734805623374,381.86552125618,3.0259373910526755,45.961660401587636,8.00149647464391,90.3837064587055
26.363584412562492,0.09433032793868412,359.08698926610936,3.1256708553353856,42.87925899121397,8.278460178523185,88.91361352982341
23.982297245066437,0.06721250656634178,239.63808390618104,2.4120303353980104,50.570254819229135,7.524022159482937,87.71949262334554
24.825085444410725,0.1000305819809214,425.0125164884806,2.611924258264417,52.06579459688594,8.79662286020098,86.28759395837378
24.207467906485785,0.11277206946589004,351.89932498536905,3.488602775427801,33.22729794580458,8.395204837335156,85.39946182741303
22.467176252655168,0.15129713772028708,372.17546066725987,3.1407214887559074,40.510479722812605,7.6419058187311055,91.49208783757938
19.967545392840293,0.13346245143035834,416.26219021523383,3.005054692346558,44.95601545941805,8.58042511862454,91.95717414247385
23.074080334588416,0.13244732478967275,315.61851478331755,2.9079916350682464,49.2299109648193,8.195933675960566,88.2338493663509
25.272428869624573,0.12656882676638725,369.81548125118223,3.227758450044888,45.18928672872706,8.701642925724338,91.02303831503261
23.297553347715148,0.1121640981281641,376.2843848195875,2.380202099818548,45.88783162641595,8.271893887625149,84.54532111177916
24.126234398067243,0.07892583054009265,364.4682549875334,2.6623164193148146,46.64292352927629,8.770847731570553,87.48499450004395
25.275780327568427,0.11869200506437906,321.1829569899185,2.79961481426166,47.05419217195815,8.667451733166986,87.75553045578822
22.12259440915104,0.1327830496892959,302.2010912019937,2.4323668121885365,46.87119879451929,8.529305561051727,87.72372047317629
25.717864321841418,0.12104861519455959,328.06806810309973,3.1170071014431087,44.73391109395017,8.230851076327003,86.10074005306798
24.622554051959536,0.10613984702188445,297.7790171757055,2.446549653045396,45.61727243795577,8.295812556320287,87.85883694993677
25.912548513696755,0.10935170579527649,313.2431670297178,3.1731223923883647,48.85307847684949,6.918319555628765,91.28827641493716
24.23787896559304,0.12312738299587038,393.6430890869803,3.2516634592460316,45.07913255778057,7.831560734752791,90.12382150000437
25.439988401244708,0.10505680597384341,284.6847966419918,2.88183386107364,47.50279088211892,8.668952523254973,87.23869784949504
30.46059433584994,0.08712833099222331,344.45153822597507,3.072618005806246,41.82058189110473,7.8589240283731305,89.87741113055147
28.477805325241178,0.17357198613471886,284.356076689557,3.220754906898647,44.19320908947164,8.00239915063777,88.81021881137002
28.270584918045234,0.1241615729978055,293.0174055955507,2.7007843427570024,46.394581885982966,7.888041512716235,82.65329182999696
26.29857158387969,0.08232685766776611,340.7788401191466,2.5924208798568995,47.631784910310074,8.76097220035637,90.23686984615863
22.64450031115417,0.15223030975849255,316.5460585086851,2.99882323858424,50.280776182367816,8.324135347266344,86.90416098671085
30.589371758218427,0.12261889150686629,221.14373422788992,2.9702733620434096,28.690930569009144,8.515138996154656,87.04234610571648
27.785555391804767,0.09299315553489165,291.8459628978089,2.988979708236457,43.42278676043651,8.040824539033453,88.09530965012391
28.950901370288022,0.1566880418623252,348.2350387000268,2.4814327152000932,48.46434577161631,8.408372039674612,85.73964474044156
34.16302507867855,0.12481385696690334,321.71310653394204,2.9722337170879953,41.12124576920835,7.687673392036542,93.49194219126743
25.17673367973042,0.11478124169532551,243.45670291773826,2.738125637130297,54.663599811028014,7.744604962784852,90.81406697603825
25.059633188969695,0.09473599724324347,397.1632768197004,2.5661794344007864,42.79155658378285,7.295282810215185,90.2738716357159
22.388632699579052,0.1296762762446544,327.20253734907527,2.7678517948818824,48.49162580390509,8.34070722560751,90.08442713841094
24.930155629036648,0.12358853814240361,322.7780930293979,2.67405186402342,47.08086207534222,7.774787179717649,92.30008212571073
24.087223033196047,0.12561526035047074,369.35526900788875,2.819847979302321,49.46471428683512,7.9710442118236395,87.32479293303967
22.406835339559848,0.12862813777257892,287.60219463439756,2.98206519847746,38.08819661364487,7.913511418027763,94.83613255296831
21.747306432404116,0.10540501587178255,436.7829105964707,2.638531796727337,47.31486135977641,8.216167798524163,87.82039269296983
21.363471010648,0.12225361785525503,247.75029902696895,2.788054545007776,47.94930924157982,7.680925237157033,86.14033757116583
26.8105732968706,0.09747861712292395,315.74348530142504,3.003186840722482,40.62957186144938,8.388505077572294,87.57932203212648
33.42131186239163,0.09656721347425817,332.21021838865704,2.7348031213740787,50.206228819584055,8.17511608648086,86.1617115265965
24.275078525011143,0.13471482219263964,347.58915064616644,3.2792916800585576,48.52223981746519,8.262427193218569,83.50262819541936
27.943518174499427,0.10446942705065443,370.17920608177775,3.4295154936347383,43.21538446453551,8.311183581885107,89.25342938602739
19.855397291610647,0.10051049540043062,321.46311074624873,2.5588542156786036,32.546270392150184,9.517168283263324,85.87501230715472
25.52390344638596,0.12015382876924749,415.6900154915049,3.3445436851799837,33.75524439764567,8.543397776445618,91.37162540466167
19.68593228053711,0.11710852820469393,352.70537999078323,2.3295657260773805,45.97465379343319,8.593651313772247,91.22247379382387
23.840062680923896,0.11460789347368741,377.448323411892,2.8103275481227463,50.08852346750442,8.081425155045878,89.89085687333821
26.0849898576,0.13912321117067508,352.9584265472148,2.908267339745268,45.48401638615034,8.190639591814005,85.70081983028867
22.095871426532977,0.1286182679876164,352.68878077182603,3.062176912523263,39.415426021271486,9.66678511597996,88.74467914825527
22.000758564909827,0.11652127697462093,422.1218460137499,2.5909197347934176,45.482145929611185,9.05168595388489,86.55753887002875
21.755257601101196,0.11188515684226256,342.05589718731477,3.0766747110906874,43.66756303017431,8.685690978639807,93.09105859222237
24.8337837997006,0.09527763315356916,302.34769880485925,2.6010251597051615,57.684450129053474,8.263755475932864,88.25686798957749
20.969925571728375,0.13815546918241514,322.15596250361335,3.1716784950341825,33.69895644808408,8.498835268901852,88.07394933405918
28.881813082846268,0.1847398302217223,409.2031751299108,2.9790634266099003,44.579220777092004,8.464647039012402,82.76006979124146
24.485206913258338,0.08788530025634017,393.38870824404614,3.1903724500826938,43.32287557977571,8.154053388057084,89.45721933324342
28.958058530760198,0.10884165568215734,322.7166131182024,2.3773992864087363,43.411802361794734,7.704726814625639,84.93200403688014
21.711489249985224,0.10988473451667125,317.186735192388,2.3968453602542374,46.4133918108265,7.690186667936124,89.98145119322473
21.061576743481695,0.12790342907902136,403.8040715269585,3.2326575732224216,49.210942506960244,8.254562879999659,90.64416208502446
29.281651869247327,0.10973169395124895,258.1944037701461,3.179605009650126,46.95023030267974,8.081131897543061,89.85291742033503
24.659649400490718,0.1599587320046977,361.6600551052317,2.716717492851506,50.7256930817983,8.303272957812132,86.00353405935417
26.794975283498093,0.1343675888189425,288.6137242024718,2.6138768047969525,41.31538398604087,8.14966572832929,85.08134012181694
25.697039158325744,0.09869949865176175,298.16039532822197,2.667887169216768,47.339722726301495,6.77814295659868,94.21162003166094
27.86874921834247,0.10794929386123094,358.9585965525012,2.686937285276826,42.08621002587128,8.615013169149702,82.7098755659169
18.90547017470859,0.11740189367808102,365.2997772394458,2.5632987096861157,33.38627097433179,8.896970233757374,86.11279197037082
25.495166180124997,0.11046078996903333,266.2329110929724,2.5062063156410823,41.20927444439494,8.54647685920439,93.56331685062793
29.52354052548379,0.10109586530790435,214.22588553146988,2.701392905340394,40.041958778234964,7.766858291274165,82.39531235885879
23.370432086649984,0.09164643746416307,315.19614992338245,2.936027360277977,40.87115975902988,8.885375780489861,87.64322441127456
22.802232195137325,0.11114895152962749,318.6164044703095,3.4205525601023643,50.66918466586387,7.031611498981711,88.6283882406994
30.058672320084106,0.09898169690686992,292.36204613204836,2.4131165210311165,39.03353385649906,7.5883505278085375,88.61606409927472
22.151212279500065,0.09008302211052086,342.97402346814454,2.8035792439031453,58.61078751588499,8.732650068635694,92.58999381759972
28.411738304732378,0.12789087831119236,366.0874951992591,2.718061683464494,44.197435628635496,7.957635231729258,86.71058237676182
24.163081195139018,0.11311728394991695,427.48970787680076,2.849266888594341,40.60326716538241,8.143616688428423,87.89049621235826
25.30466771496173,0.0939359315160562,335.38959307345215,2.957000162014681,41.98008667559499,7.8859561763493735,86.8152649884805
22.69176310454675,0.11416877639343186,352.17573157975835,3.0082574545059644,52.710583855933265,7.8743191152634004,87.19470229010287
24.15486481811643,0.13135796798590071,356.1204781081416,2.498639843751655,39.77324166480879,8.515060036047547,90.52282829912075
25.10539868805309,0.13168850209266808,343.6937293531328,2.4078310631818276,41.51852954321583,8.334786635053236,88.49319825215514
22.45138210973214,0.12578667597197238,356.63913381194374,2.628993621509573,44.875534796359894,8.904681040435213,85.62506839565752
27.822022670493414,0.1176070320258377,408.7841884959095,3.0966741892786205,46.268720419377466,7.958442101348509,83.82353047263132
25.215663807595458,0.10489929507067608,322.5824944630972,2.8245472445774364,48.65313722303612,8.9691747539986,85.86657666820935
25.482455315655436,0.10680136893103351,372.9636914319648,2.740174573976026,44.066631551497544,8.364795396815383,89.07892537956435
24.966482739679787,0.09203792194166725,361.08029292291894,2.8924064224147132,48.13344144030403,8.59015340649471,87.68972599560686
24.198660497181347,0.12238257076928911,303.63855832975287,2.890785024691449,52.725315013740115,7.410134367232549,90.60939737483443
24.755550084370828,0.13698834238439112,340.3695887084195,3.0775340584141686,47.646538720907394,8.487618418498885,88.24906631977845
20.549449853243768,0.09284839688145521,364.4661108246322,2.5375398816314267,47.59004870576293,8.897709310957119,82.92261984581074
25.88771062596711,0.13818295148178886,332.55088467088103,2.399012284642182,43.12996978594351,7.809353531909791,86.41082067364312
27.216848391787842,0.10875741377174497,280.88168083573777,2.951244443341052,49.530699712293796,8.575565181967768,91.49146082782873
21.36642467395788,0.10167122212161127,365.29089221455695,2.6853483273415026,36.3714137601406,8.598393094653654,87.92582841464228
20.622429335843663,0.12100054167252468,328.8764627621162,2.8161239566064813,38.45385481869573,7.895129140158405,85.8650444869449
22.423485702983236,0.10866702702852744,362.04622116604367,2.9364752679744615,48.728885270376246,8.751349655961068,90.59909669632962
25.02981501896342,0.1366220339528179,436.5723205208062,2.858106740409858,37.73414803192354,7.9489512394792365,91.82734143249742
12.936309308848447,0.1300811103425376,308.9938902110255,3.1344108574981324,40.75374486092671,9.168233272225073,86.10731223492766
30.887245632533677,0.12286252299399635,388.54465198090315,3.083140817688501,49.00056226697916,8.72717368466381,82.91853737576807
24.429371815980566,0.10118009769295283,378.4261970411402,2.727326899769543,49.27124239462944,7.189593395140666,85.70806450669376
22.74529465831683,0.11217189687277028,348.0334297167544,2.841196548133248,46.33593809387538,9.13051452363958,88.22941644916123
22.344752694623967,0.1172468892920516,365.1913095463096,2.589546961618907,46.17496587826135,7.7275776861413545,89.24571005913121
28.493327151349106,0.12688103611950308,427.77270249702656,2.874790168956322,44.01409659356612,7.774844816554674,84.55710150188939
23.673987615896632,0.12563939657390819,438.70981854441203,2.8612004661563804,42.89048822288236,7.976885412650139,83.12829958184395
22.306869961099604,0.11549094655135811,340.40510391433054,3.0107839199577646,47.76621369703773,8.204579316741878,90.69682959793094
22.30322244077599,0.13233630314161557,427.14009488087663,2.7977368178676274,40.86524137781323,8.11802741424082,82.933013137113
24.305341399178605,0.13893867269085897,352.516628247082,3.2075230757399957,37.05134394810329,8.159649732418789,86.49945572542482
26.201112470178508,0.11629045031321007,371.15098473222787,2.8288484558658062,47.600007444245485,7.9434580492608715,83.1487683342052
26.193553447582147,0.1258771081331759,351.3443648798236,3.1360067375415017,36.73436904864465,8.196888864790354,86.32661813974619
21.84299560456803,0.0974384586188046,357.07782667346527,2.7268212487786685,40.94273392727492,7.685164090082727,88.15879358019043
26.141326460789063,0.13040700822512727,284.92446059088405,3.0370308795901235,44.13773321029427,8.260099863113751,92.11032333771075
24.008522720379172,0.12366129911930139,403.0389967993624,2.6094200687586433,48.72970920652559,8.353103072801458,80.5924404220332
23.08232019047063,0.09430830855830258,353.4611556100231,2.7213160466244064,41.92769951737449,8.816901760734865,97.27148956088445
26.95090621587894,0.09168273706872486,312.7654914277974,2.6058420046731463,42.005114273901334,8.776851140162256,88.30346219944649
26.27903638865215,0.12131761352916476,378.1110063275973,2.842138349545116,47.987583021945184,7.874105076268965,91.50157509023346
27.945168837063466,0.10131926706623141,334.8674584367457,3.073362406886929,38.11965116142467,8.652004410613038,90.52488157358123
21.972251271380077,0.11876679569770077,321.8983072581956,2.918360035364078,47.97037039906964,8.332388808307057,84.37134937540269
23.317996467792106,0.17207407451722748,362.650915382894,3.0527268527363898,44.60925720462444,8.461573848431968,90.73749169319338
24.50733714613681,0.11613983074998532,396.55815624151614,2.5260962381018595,45.404877294577005,8.034855763777898,87.85254096985904
21.77257434917643,0.11143322202346907,310.41556832059524,2.9742496177800457,38.99660888394688,7.795062101981968,88.20984913353172
25.44158062500818,0.09448725078344777,252.9029952296473,3.2969841951130396,48.73290963919739,7.992714356856127,82.70550685249233
26.335157847923103,0.11326740231156507,385.97011808448894,2.435385304667682,46.907966897990725,8.624334726658354,88.02270616340866
19.9846164906642,0.15558543835610011,320.3510081149909,2.7782164263837674,47.47961161043979,7.69690328361968,89.38978569319845
25.647035422383023,0.10879596251966853,417.32992607540353,2.2192390867122453,38.59555379050065,8.163306360552054,86.12591001710707
23.328504711894805,0.09564448341708569,270.803847900331,2.6345731810340243,37.98115286671921,8.475820486601764,92.83206651710218
26.54297028301463,0.12521701855853135,353.3865941848601,3.3226045623223155,50.317696417403496,8.45214426177934,96.37328537426941
30.194998975315357,0.12338812771641729,214.95688270893197,2.8293457856975435,46.04206184459838,8.597657941829844,84.7413743987222
21.199400331716962,0.1186636924767726,365.63963518564793,2.581871047510122,51.8752395026267,9.158583221086294,87.39175613406765
26.63220614772277,0.131425460768589,389.21224786633354,2.848679114970829,44.04749369496175,8.69082995885911,93.5078362885306
23.430409866278357,0.13850270505103182,336.10816407371703,2.8154482403662606,43.22861387049378,8.035082606454074,88.3621753825569
24.24998292182885,0.13788421414026863,298.0606496140309,2.47848830924783,39.44579524219145,7.884846838233894,87.33467174158454
25.422234032693208,0.1009203948771694,403.04856432266047,2.957044351977722,44.11113913729731,8.013309217831456,86.21517006821509
28.766311832192105,0.10474722425896711,262.42452211367834,2.7410798999665063,50.19599074873003,8.428759676905852,87.613346028876
26.00488788283156,0.12721409933928618,324.5292022873414,2.79236980276639,44.93931906047927,8.047326447464668,87.58031406492458
22.075449490183104,0.09958315483265916,368.68375477388014,2.8844192179801316,45.705058659574966,8.038252322540565,86.20655851046637
26.87870619555917,0.1172036554022594,271.168639764541,2.70108330371169,45.10381855362157,7.953809230259765,84.96032869376911
26.397613084342982,0.11392176333952131,412.5272394368178,2.8566944984328404,45.24313633024713,9.063762188495799,89.11179293411637
28.445509230726437,0.10181339772145806,338.9171817568208,3.000305714001648,40.882904180710256,8.457752956918686,89.45780756824362
23.000520343645977,0.0982059883789414,297.30228318343785,2.419039816382909,49.15323070567817,7.623856401204492,83.7514357524346
27.298329010668166,0.14704057683839208,299.40430940736667,3.118826572888848,44.703404184806615,8.412152952656903,87.71082419700288
24.276108068069988,0.08031046573627437,337.82974871246495,2.605602386079741,48.784365978726754,8.466209239222568,87.66821381066414
25.884016933908814,0.1413425185644286,365.87730083448025,2.7355825034549084,40.436669725759174,9.093731368059537,86.54943506450941
27.23327284129813,0.12675165529099142,352.7321447555549,3.3176877294550065,50.49230740211029,8.128310562555322,91.37657858744487
25.653184805874695,0.0788587744191141,453.4372606857445,2.4395546063371656,42.51388483819937,8.410034892262557,89.19465395108537
22.36966292003814,0.1321197653545587,295.46239862034275,3.086668432227077,46.95153455879877,7.598470689720947,86.4406796949794
25.698649191231546,0.1700530953065929,250.240905886333,3.1521688385434232,51.10038641128029,7.716975685967604,87.85424860540058
27.253793602567164,0.1270573204549455,345.5237928554786,2.4788482314421723,40.06433279769883,8.352347963004608,84.77388133943433
31.053968745728273,0.12731617554318925,346.02238087496005,2.8103380286314907,44.99258546169847,7.759560821064587,85.38937921561838
22.436508024813634,0.1098125556996131,413.13383635756634,2.645067416492925,43.72702719128402,8.473306676057957,91.67058634557864
26.86965453339023,0.13082425793608893,467.84034028017544,2.528554249729761,49.61184189899791,8.954039822161532,87.96827869699077
30.748457980433756,0.1876152995863687,281.5002894584326,2.578095827276291,35.003148879784725,8.165647361784309,86.42581691889418
25.126247846779883,0.0854971641732224,375.5119646855217,2.9182945463676893,43.82421696361141,8.467138565732135,84.64621769802392
33.02935424071227,0.1406754032923405,340.8352875687292,2.747055215434185,44.2543700880467,8.254392062255638,86.03976067067978
21.42944029546783,0.11092166050525891,352.1915939882108,2.43979695815385,43.123972445213795,8.164583771840965,90.4607999515478
24.038530221856448,0.13222142382512436,318.0876651430015,3.1423575098155974,42.44091912722058,8.514605283907928,81.09072186075885
27.6035309356422,0.1343283485018222,305.67409926241595,2.94097423664137,46.772038926164434,7.49363844803669,85.84041432547892
26.99995933969789,0.1337028671810455,368.8764246115535,2.6243186983063684,45.19953331662747,7.603160718698144,86.27198295707014
21.336845012223343,0.15359441099767707,331.56691140345015,2.4650485356988234,39.00068813136094,7.1041784862913655,90.7891237516508
23.84863921025975,0.12248383140224714,412.2962538399424,3.1810803921803137,45.89817361048881,8.00801293494685,84.95729151510461
22.859613759052422,0.11113188794264933,294.9897840955593,3.412040750904168,45.007174738174285,8.686296895700952,86.84023168073068
25.409203815086247,0.1022615108068813,430.3346981736004,2.84209479308023,50.683750094004324,8.578817126579112,87.70999927899388
19.460356662741063,0.1272421803825256,400.6810285525893,2.3960338652711624,47.28536066446538,8.46039043054424,87.01524800938185
23.503204011411636,0.12049826371504654,385.07033214831574,2.311183177404992,42.4971791325207,8.35293897519208,84.06589759296993
20.38776986704751,0.08646224198311106,401.0793752011719,2.8296944279418224,48.936336103216156,7.646179247644878,83.83822625898817
26.922948490150034,0.14839764485152518,380.4370579095066,3.112379978914549,39.45256571364921,7.899682850482119,93.32689545739187
27.580993703253796,0.12970611136721388,346.57469419663903,2.3649947855039573,44.0030478782469,8.129515539870066,90.79682999706915
20.57919793323922,0.11401380771528447,372.41160041997364,2.6594828184543546,46.98355393415077,8.731676730198583,82.31589528742317
18.665663757283685,0.11029942339253941,306.3603169174398,2.965916102719079,44.801394438104694,7.475728348330833,85.94510565898621
20.886086491445678,0.16140123726460215,380.96666050920106,2.8968971108532315,43.23785828530115,7.782300703906403,89.87864023960314
26.459111736720875,0.11914076349552742,281.8890190796509,2.9939525096155384,42.74877276595035,7.771169406234742,90.70936669770676
22.548785576653437,0.12551491587064423,393.5183567421792,2.558229361586111,52.231802482691435,7.886014314101153,90.5313044533839
19.614256394578504,0.09234376473932837,388.9660797034021,2.7475561954215673,39.41474511207387,8.367575470584175,86.92197969031109
22.927547998256557,0.12465842783066663,299.5156220951329,2.9062434775453565,46.001751472173275,8.89563165108651,86.27716507851406
25.140984790749165,0.10328450526720953,262.29696055033435,2.7467719705989024,36.127054517497726,8.382781337672327,87.22041650911943
25.412688756288183,0.12653923259807662,295.3537559421598,2.4735152249552663,52.4705494219176,9.186805076118784,86.03555195130392
25.944331217017496,0.0876541600751823,402.4460011185194,2.4783686875174555,41.51322802803836,8.522843122099516,88.7960271868479
22.634576297208554,0.13104934538137375,401.59953651605133,2.565507935361243,50.28467304583557,8.9965444567021,85.13893277514356
27.573276095331963,0.0908802783371355,301.4650680788865,2.584883710755107,47.48688244436297,7.907308224880376,92.49598076771693
23.43491592910699,0.11711477252721007,360.25661571957625,2.690459147599402,41.719966031306626,8.6107187898898,86.73448875436208
25.083723069886123,0.09888405237917725,270.29398516744095,2.841545172566469,44.82800900722519,7.718835024455587,90.13202383618294
28.025123297878466,0.10488738102142689,386.9506543761355,2.3319883441817613,45.561715528184294,8.329050020129328,90.15082442673135
27.88407458328263,0.11885445635186499,337.78670315529195,2.564033270043239,42.704344223780495,8.281290335388755,92.43567165086425
25.111927965126,0.14067354138067026,229.8456149485832,2.478634569948218,45.453427251876775,8.15685034140161,88.25946539213903
28.531057572021414,0.14728879143292162,338.0130650746492,2.8085329920470055,40.06901956037342,7.410496063166161,90.42428339880625
30.160351975132436,0.14290755103820196,456.6432436096104,2.7351801219994276,47.148818732179855,8.417902694620139,89.60061698408038
22.926732773869695,0.13403599675402797,381.46587973830196,2.664405997294774,48.32715002278689,8.848967193915142,91.04541526006739
26.11981171779581,0.15316675182680642,336.3916971536207,3.4720630184560513,39.8904202503542,7.9409668638179145,83.15814546677693
20.40521169842574,0.12987002897087113,283.65509434699857,3.081097587445681,42.92422796393563,8.028060395793153,94.61701593563235
23.146296712646688,0.13802200379098448,363.2616504254339,2.4301752675659407,47.28788284592751,7.386032151441069,92.14759413416738
22.223760283342717,0.12134569413017732,338.2759810888625,2.9345406506322127,47.45166128549573,7.365282376078594,84.28521272953272
24.673501129163174,0.12255302054458365,456.01996038351734,2.759202504485067,48.21037518920305,7.653792224938459,93.58849005158224
23.831794040824548,0.15884278735753388,278.35602882744035,2.3949633692893477,50.479221568529475,8.550994021160502,82.06400598441674
19.220631944793045,0.10042709631642911,346.9039870304613,2.737653338067651,43.45646314104551,8.310275379678133,90.46670234076382
30.15048633918181,0.14580572086739468,325.18879592608175,3.4787462277947365,35.536909718877155,8.427721980410348,86.07821185234548
30.740227661901137,0.16900157853211034,265.3561091563889,2.8389005083629333,46.59276839412011,7.014512606213874,86.43241061149983
27.403861350946897,0.14072158691556091,363.44294645848197,2.857284476633785,37.40598466743889,7.890403967834716,89.88585399963537
30.232976542088362,0.14440167278690758,244.05506346128158,3.062617274748974,43.20875133974605,7.76578983243745,91.01661988737125
23.69126052395251,0.11662931804702213,391.5669061869943,2.8608961348538657,51.10324745442389,8.275962017596484,88.80673268635447
25.16868501464223,0.14907267081953848,384.0174618828378,3.037489797086552,38.275692069311795,8.767491220513152,97.18668085494642
29.26802073925586,0.1080068915755448,334.05716019423807,2.270316110288758,44.54677554032732,8.86671781925768,84.9516169735187
15.995559175931165,0.13034935429767863,381.82973231901246,2.7544482171612916,49.71556446315799,8.198366376817654,86.75846895051788
22.682763555449103,0.11532232462503396,272.7650226822532,2.999088236938902,45.61535955682296,7.234238914335512,89.20535144431476
24.098730121409933,0.12984941091357302,333.799520648768,3.06643316517793,44.43472137966494,9.247016045800681,87.51892063300083
25.31323157846602,0.13345476128319783,315.9137785591613,2.5421138260861103,38.23783326054776,8.091251568345628,91.608076912351
21.61386514316372,0.1452598797947583,352.43953567063215,3.113223038705952,44.4359579032461,8.357157233375117,90.49471170521919
30.97796636850887,0.09344962975870189,284.4614702248997,3.237995819858883,50.30339677955884,7.984701969997211,82.57886669237608
27.758619335198205,0.11169303442717102,361.50296108194453,2.942161040443137,36.901112462424116,8.330947036111818,88.38890034668349
28.27276626764221,0.10457155614968573,428.9959339889224,2.90495287689368,46.72129071483375,8.560367558694521,94.5586722038896
23.949452505105157,0.1388871788311414,414.57254756365285,2.774101257518717,36.35432319595748,7.3574938641779974,82.99081126551317
21.272548274509823,0.11600875494147875,297.58214835282723,2.8095686468355194,50.45997121426704,8.511804064254935,86.684837818698
22.464185432931508,0.09492448046770223,263.8003329570194,2.9424984293829612,52.51884196946233,7.275797087357737,91.09491053568367
25.34601066487439,0.10418346868122716,394.0879166026299,2.797444779207549,45.558389447699746,8.640690287223608,90.76130342066392
26.885410206145167,0.1068995018078571,346.4730356985155,3.067340548705902,37.254971209327664,8.345692536368919,88.83267965856206
19.96080143894425,0.1509323877000736,275.8110670537028,2.9594178613152695,47.49854110193578,8.805349502943546,92.28589974754287
24.440507232342156,0.12066194806712247,275.61473106928497,2.4032543820300916,40.59782358084421,8.674703208284479,90.53489815396722
25.735052276403735,0.07780171430947844,366.5226471049956,2.9352411981757673,44.57065427211357,8.360819937546564,88.58078447329655
28.507086422126864,0.08987707486624226,421.48636836548496,3.3350796757618064,31.48917323484732,7.827210646064053,92.92233587258964
27.258012532462228,0.14583017689472771,324.25972601518924,2.8875642902042364,47.620057357342944,8.259845179103749,83.57632882460565
26.315178501706534,0.13321361925568795,303.82168717065065,2.222669656598783,51.6334706617686,8.286082949589153,98.1594791522933
22.24310551232846,0.1345480816440309,383.509763637393,2.5036854449710715,50.17567033473465,7.64235553940791,87.16280966387679
25.799224376633486,0.1202510795328384,374.23945429989203,3.0865159571454512,45.744692873848564,8.574381289260943,86.70585868785135
22.970466933649977,0.10013996131813566,341.50559865514975,3.0760568045324876,47.41626309994909,8.169194492496253,89.40130893309993
24.188175510478924,0.13246894069270682,322.6068531199484,2.701995379308227,44.003207529003454,8.17548380903282,88.6845252120449
27.108427610384414,0.14972988153934255,301.7531001346621,3.3213101777145155,43.17183265495045,7.741753981993332,90.75585395977757
25.157205195865295,0.11871886974992082,363.89282269494885,2.49859364928875,46.97382072520884,8.340725648731404,84.48410351539347
21.120723584314355,0.13376817814717648,345.4637246561149,3.487054476224997,46.75222643114844,7.690140719659719,88.31423924210846
30.740776881641423,0.10296957418843969,361.3808656638697,2.904916946306071,42.40676548514087,7.703272442621962,85.60695642136018
23.56094648844009,0.13212807775850371,429.70958039588885,2.675786701834747,44.05478194015343,8.450220301988969,83.1395438852237
22.07156756900548,0.14561809825649108,353.15254110780495,2.330863614922568,46.58600296920274,8.393876975343568,85.27153967877493
20.932305569084576,0.09702934417594208,327.71337029383267,2.197247261320693,41.52192832166616,9.227650231603434,89.80907482894901
21.908626663310613,0.1248735197465782,284.7627471090673,2.9530170111619536,43.59802084171042,8.28039170217536,81.35215437375496
27.743944789207422,0.10173001235999535,329.308668860218,2.648602829973136,47.55499925794302,7.809123166097776,89.49856639113345
26.22619448729557,0.12051333286456985,387.13317000871115,2.933795615305988,43.3637243895861,7.54783800817799,85.30326994922233
24.336733029769082,0.12738359918595624,337.16064408351383,3.0251412740086887,44.92063099663206,8.191785196474838,89.00646412784165
24.940681181116773,0.11970351908269482,365.62241049093694,3.0464726716231274,44.22940750275994,7.938555702857258,87.4289861791352
26.119834612560656,0.11769400391773108,355.45031309451394,2.3834918191436554,37.11782260843972,7.905978418660981,89.69659264825818
28.80825770646504,0.12006920402072853,287.3431256041377,2.62982435131615,46.21023334129774,8.42414153248064,85.62348735490801
27.55126388122317,0.11325633343048773,321.7871862298339,2.9455807593412686,40.22715686784836,7.436604348340669,88.7041059719345
27.857358110229598,0.1616058739928497,297.6705275388898,2.2536300058388017,45.547288949249456,7.865975015963781,88.11523233954138
25.48481326334575,0.10158072320098235,319.7212201345764,3.0125908556554895,46.180519924571676,7.655755649295167,87.01954314887051
25.366386322683635,0.12390646546921158,283.1877243854974,2.6543409582637727,48.7458445354293,6.56178774372551,87.37606660572034
23.12099750784573,0.10764923828797597,358.3390531591854,2.2038831519451803,50.11490655291274,7.857117114226056,88.77654705479495
26.689367120961204,0.10600760192394977,327.967862029647,2.5203721274617514,43.3732192804447,7.853637671669748,86.23563999900497
27.390351268038337,0.1056969790525822,340.70203411831955,3.3262265992581623,38.22979757075928,7.7483437470839895,95.26597840255072
26.536415524464854,0.12131484376778501,368.0942678115595,2.428385697630592,52.51538941141295,9.260716462037145,83.67149277796071
22.197176056477744,0.09646623106934261,288.8478413617455,3.1482398748476377,54.436546670770255,8.479792588338983,84.61953046082176
22.982171229635654,0.13571784660487718,281.17599259915653,3.3910805225183727,48.86464130405497,7.989262626117861,87.85464683285726
24.938188189966155,0.13748632429732155,367.5433985542677,3.0336185657012047,43.0334831572954,8.171962684925408,88.56491595138725
25.788101892569845,0.11126794524093891,354.24354539615643,2.4923418166486697,39.65498282656907,8.233190627548238,90.99180128601905
22.860679018881545,0.10977919747610493,339.49026419353567,2.559169695765126,39.01721038738255,7.9068343478574725,85.22827206253281
27.3514052158933,0.0984257855040485,373.9240106160327,3.1663315939861185,36.52898720204054,8.36875159351581,88.08881712908229
24.96383137405798,0.13678322793680728,339.7686891350376,2.6684759201736856,47.04986638323363,8.175132301822687,90.43657291933583
25.99931128047014,0.11480450173155049,376.58132383434537,3.1222648008832996,45.18506755985841,7.976253708291054,88.05923997832541
20.711859992741772,0.14977186182089886,353.7660422214312,3.115615694126158,47.888312983601836,6.794727371305853,87.99803747208708
25.62687504169497,0.10615518267952948,390.2672148197323,2.3445671805427355,46.45745940439012,8.836601788831178,91.33397649953932
21.974075264146446,0.115986975942106,365.7397362970802,3.03943484765459,43.10885102806424,7.65540235938022,89.70737618978765
24.83409826295906,0.09558516940568014,341.5380426640131,2.7171998178027192,44.65950844492006,7.993618963053023,92.86017775844353
27.97204197396463,0.13657653489525995,311.02216025210214,2.8969657790914574,47.99315683312923,8.437275835229823,88.94306093378802
20.722926119558828,0.09433088142382526,314.3914638564072,2.8329379251394133,48.72733392015209,8.0826755225708,87.66867896865125
19.91642722884099,0.12881886182320593,355.4595775828723,2.658834027784339,56.56068914060047,7.320934810949868,89.698341908565
21.922399066600942,0.13196501736711438,354.3665293701347,2.6412252996810475,41.77263809515767,8.574023147483933,89.71944140715372
23.348740606794713,0.11370666281042323,314.59079624160944,2.8357341237193223,48.13709609841092,8.783108752783274,87.53007916552868
21.67927550095832,0.09990259009728485,252.9002036868253,2.555549281754027,47.23794476451222,8.530521267347693,91.75417984051782
22.893638607394003,0.11194721897337513,327.90991864567474,2.5029636161716113,44.65417042096657,6.798895060980298,90.02617849208495
27.18399457240381,0.10717913165778319,406.4798813358636,2.7833112012722654,43.6591105776554,7.916256797334004,84.40712357671424
23.2516741673589,0.13019112862232657,330.1211546414684,2.746975019636387,42.52310856038393,7.918264508172788,93.98425896571949
24.01178153735759,0.13072047831871647,286.07330652798726,2.5699040489623237,41.719324246952894,8.735704874908322,88.50759284934288
25.14678457259351,0.1303942268628575,363.84378115171353,2.94760122320636,39.07693619011696,7.870295452760502,90.33196873127375
21.90746534220193,0.11808732786870291,314.0198935042646,2.7426589620622,42.01777607998761,8.464802191492495,82.57635851570869
23.262504567530748,0.13000199884325164,314.0211241293619,2.2031717344463955,36.579491810639766,8.30530515610224,84.29492180501512
24.32062901366054,0.13299982604934418,357.12049713587965,2.411229871267843,47.038038848132146,8.079940211459647,87.72276387648273
23.241193250660523,0.13354166291996078,309.7448749781292,2.459537318601493,45.84277686869499,7.705735520956969,85.68971007293294
24.365742477014035,0.10671765454811116,256.6515110380242,3.1563078231474515,42.249552688742135,8.091327962913422,82.02724626404489
24.171365548499026,0.13017148123125086,453.26333585136103,2.531021673355298,49.79388709932664,8.785283561895968,87.44238444404905
24.538946745495828,0.14110759480321844,313.19453365260625,2.7102099707360785,43.864175532004424,8.183229695386643,90.82032966660218
20.492209289783645,0.12639997836173092,290.3288561973932,2.9481933749717504,41.49161100129878,8.398069085798989,86.48231996684461
24.333276966800966,0.06574202278820923,300.0882326016691,2.322404400793362,46.760455254399076,9.053432614504889,86.96359512053515
25.953215743248183,0.14647771734069345,293.6973877590308,2.961394545998306,49.70589003815617,8.108084068577032,90.36948246204945
16.379740871321722,0.12118616072406899,376.38396608044957,3.315385634333086,50.10118275118018,8.006510407791332,84.39550545369686
25.231929864160367,0.1422926059344194,335.063458165493,2.2437894719181384,48.30858598748878,8.759442589719772,88.9579563949987
27.929580095977638,0.11486902244413445,332.49250366215045,2.8366647243757344,53.06438644604825,7.1555522505044955,85.80495808253754
28.095354947388984,0.12259894840932999,370.18021124482067,2.8968125306463097,37.43179643288871,7.7236309563327294,88.39526863019829
26.715508169248032,0.12690135208484693,317.9207674489288,2.9710610828580126,40.47588100120237,8.327181196154404,94.79919023698332
29.07979094761783,0.15325837691420174,305.35438227957286,2.3796172134484115,44.38621488355857,7.913419151157077,86.74029040440843
26.7919754716238,0.09004608131856882,447.46348331671385,2.8255098422112024,44.613173661728645,7.941900855027157,87.6265026848765
21.695787735460666,0.09117310614529878,366.20352179164587,2.700345413492429,42.637406054077495,8.604411254402148,90.1386149218143
26.20337342363422,0.14837631231747847,374.99820394564824,2.669372805084514,36.17617827507943,8.79472245065894,88.56390596795819
25.53743464365053,0.09166503567641403,431.48989856957803,2.97313404337249,47.79519423544115,8.270932067462974,86.55926663176598
21.533779824034536,0.11706169862664681,382.5090216865667,2.273987352119663,52.02635279710221,8.532529618880302,83.83045594035136
22.516755591653848,0.11874074894978418,536.372829357399,2.851044187444068,37.26139664890319,8.17045168767085,90.2315280357537
24.69805430172261,0.1118349475337374,374.39883179489533,2.101964164931648,40.100963166454854,7.79388840671843,86.69837559802718
22.007350125579677,0.10327861910119121,352.3739983347323,3.254023495935453,51.74048915695486,8.465203368722673,88.76697565707705
24.27549133884727,0.10991056997861645,352.30303897341406,2.1270956713838225,56.6173139682323,8.188406108388639,91.49367802801939
20.434285076372646,0.10586639302267847,263.42706795494064,2.7726465650260317,41.89093791835435,9.329553193095617,86.25173603416765
24.378001530401892,0.11527091912960738,331.10084127764685,3.011387823711309,48.865848985163844,7.7588084509221105,85.36023706135974
25.373158686825423,0.11110905167726771,333.46708087991453,2.565484718203965,55.42671188987352,8.377133270934914,93.73602628558942
28.98869484980011,0.1337448926010456,355.44037910575776,2.8844343560123273,44.006608448164855,7.488929577383517,89.25391860257433
24.33219809589783,0.09635965629753308,356.41952329377494,2.394870100287258,49.08554239259276,7.253919413119025,89.19780575091465
26.293678265781573,0.11909143834691448,352.4374325334576,2.5160489789030382,36.86046137112637,8.31799385388981,87.22138162492165
20.312566181703925,0.10574668702222804,367.6066671347423,2.9090562921865177,44.04333719050194,8.495428540220972,86.60476590701643
26.012477534385475,0.13003952768090088,325.4028790680292,2.4776401491737596,44.47858412445497,7.98098859032214,91.89275446451668
23.591472688157303,0.10909516102064248,448.4212436556185,2.442883967533547,43.84333135465759,8.196386845204492,87.35904215294691
28.315312292068533,0.13288871747482725,417.17558720775463,2.959174984254559,35.2804306398515,8.68020830417659,80.16321317533283
23.366639982956208,0.14885315925177006,245.02187934196675,3.0083279184872387,38.73133347173361,7.617388584288226,83.77433472751065
23.199805367054672,0.08799113585396195,348.13896319899686,2.9440787068357883,51.13991597645666,8.491655749216925,87.69973784521704
24.93363537970681,0.17132464359760483,371.6109365181471,2.453333278338521,45.637390370071124,7.934594390057774,89.41840781802989
24.126376116995967,0.15184935176812153,311.8139475670978,2.516623510570983,47.31175709668658,7.875192775040052,89.8122588480621
27.03673449933628,0.11298523631019339,356.3210118687506,2.7176381265389207,34.5706583049126,7.80543527028702,90.86457055861662
25.327245217314562,0.09234058401866482,371.5515008797814,3.210812792916521,47.72727244992819,8.277036292828559,84.00969694023915
21.269436142556827,0.09198686844794277,439.13077649380864,2.6972059978032594,36.016523893078116,7.774419933829238,89.46052463408715
26.66934595903075,0.1535167588370996,439.38543095652125,2.376534989465884,39.04194053028948,8.473498642678512,88.74445874452731
25.490341339073137,0.1333018964592471,355.1034192601964,3.075766210583262,55.57835100816802,8.4198632213403,91.51935242341885
21.423037459956756,0.11396037164647908,439.99756605615016,2.9003353951802615,53.35101243954006,8.914301319863156,94.19934254400022
24.511116713912244,0.11987045739463344,377.197107216507,2.327310385609817,43.41752587716069,8.411120635764567,82.55840100009277
21.90871255910422,0.1414197210639978,367.9741612845365,3.096754331709027,47.94021710674435,8.535384425536247,89.67316922211185
23.736991705662483,0.15023202577298925,409.2859796503796,2.5833043270475695,49.55822486446152,8.102260264416977,88.0156203837003
26.96910952370666,0.09141477488044941,352.58941007988295,3.175371826320405,57.88655722975311,7.747148736731556,85.42819774309946
29.553712958632886,0.0990649636056092,388.32182076349346,2.5822617716980445,42.32607636515731,8.264248320916161,90.16641270019824
25.75059242413429,0.09459477895269419,376.0334347720961,2.624457354156752,49.552923507287986,7.887676494881966,91.21601198275678
25.204277570749255,0.07823007383723701,319.23324839544637,2.141582851389995,51.60920556575192,8.422832789781046,87.97907815108957
25.70088654608314,0.08361781458303177,305.94652845589286,2.775400383722365,46.11491405016334,7.952792173184601,88.00504719257484
28.08614095453458,0.1352035610411615,351.5341266008373,3.318594741471581,38.688249788521134,8.127572399396746,88.80267282399885
22.902018965114515,0.07043947082654173,314.0320351033557,2.8161413947886937,40.31985616711267,7.212570450275762,91.96578766408823
26.335001559539183,0.11271041965714863,363.3133335781111,3.0681339486856807,48.14962293849725,8.16529450628497,87.837248982689
27.07766002653851,0.13558058901486358,406.8578813603068,2.7143926408541477,38.3677519994789,9.014871661101772,91.0876315760663
23.035506167055445,0.14181531610540515,388.3767634525897,2.9747858116364925,41.58306188666284,8.091057861437346,88.02176450765745
24.19166931767178,0.13708759181365468,344.31384687171885,3.0719105969887046,44.989966643631426,7.243586593646468,85.49250489014408
23.363722548886383,0.13071731366034167,390.17011291388087,2.6336089224725616,45.893444165253996,8.864165476080904,91.77972713898525
27.23418255978244,0.11561246154190163,350.92616931149774,3.3631348877345753,50.76005854698682,8.020264381927898,92.72244249314217
30.134189249344338,0.11656356662312195,342.61926203666917,2.845882469260492,38.746130205744095,8.766587545571833,89.88707159626819
26.62997147327707,0.12534125569099722,353.13622422653975,2.8116274957348564,53.585076325960166,8.19527468057933,93.40703191049398
18.117518778438647,0.1347546140622112,299.6184532013237,3.0606725074331713,46.53281480395314,7.272002814756092,87.49684676763293
27.49904099895216,0.11020680156994014,237.61713428215717,2.4717174307217737,51.876481057644675,8.253565736828527,88.40503957878893
22.45261284460886,0.12982334555635727,367.67130789820465,3.172700652385761,37.02481560439865,8.21763985617603,90.88242588155701
20.25988759950184,0.09795357992387158,297.4341244242278,3.176896631495337,41.03660909652193,7.9875965144835686,88.09592168155655
28.349085179741195,0.1428980139678733,408.96840550392477,3.1124630137440836,46.01722268241328,8.620848975350922,86.78504257750589
27.157423613838933,0.12272046886014641,187.92747913361686,3.4692706025348796,43.862813232811064,8.801182627872185,85.37787496189185
24.971418997222212,0.08384669876343756,408.28661127634894,3.157324937712943,42.39274497111763,7.335443309770669,83.02957317891577
21.515701786413437,0.15653606857906788,307.2401617896464,2.9262677664941066,44.29064533290382,8.810907725289631,90.70381842705103
21.569196874417376,0.13774642872275378,339.8902024059722,3.189048045175396,47.84376663650588,8.840951166802702,89.51737466815155
19.031208102822376,0.12749115894311316,345.6791130114709,2.495576448051331,47.38412174665737,8.341965622373085,90.84426949831361
24.269389918994825,0.11192629779564876,331.3737174810315,3.088012115511919,36.90999497207659,8.259821558434666,85.54269954030354
28.44296631930527,0.13689017180317514,325.9054821702547,2.6673032007842283,43.53748267037846,7.945151876052819,86.99375599333462
24.340640972105962,0.15227719193213124,311.4953232766499,3.1181539334165715,49.90372609875121,8.667629131045942,89.6752189438596
26.767442044106325,0.12250248646212208,300.6705376341293,2.6994544035406536,46.43236698025024,8.477796415087392,89.76311710358584
18.105972277311956,0.1309437772484655,399.8906194134565,2.451074328482758,40.85728830747689,9.191021871118844,82.35205031366087
25.09431179768477,0.15101637464039375,392.51138912221734,2.485507874742691,41.80270639193977,7.824968210956675,88.42682737847015
26.023148059216403,0.13082744404453223,422.54659105380125,2.6224161521454654,45.8622102223009,8.15524486100362,85.50983319513311
25.188625082463265,0.12655472879182328,307.8765865728973,2.4227726069023574,46.120981724229765,8.177425010153836,85.24400620006195
26.992880650037524,0.10468385616674643,259.36420360932925,2.6168799927994963,41.3283835471075,8.557255076922196,87.67465269253933
26.498836041267268,0.1399343751061135,299.62978861667204,2.5316082147145043,45.255430395969526,8.380065060581298,88.07873871454927
25.669031424999282,0.1078964537036272,330.4662600506907,2.631838733360781,36.18455196532133,7.984957345680263,87.83356630461643
21.478413981283474,0.138861050195569,357.9133291113375,2.5242387585126034,42.89681981465601,7.9741345878849454,81.9168223255427
21.04080926119851,0.08441490829939619,337.7037690475758,2.299125539064124,41.71527201169646,8.045314374099483,91.0445622983862
21.318246936483643,0.13894360481266674,362.7696905002939,3.2193999784214187,48.17757316067173,8.672175155438993,87.11812857055419
27.504260940570454,0.15307516957812795,539.8909905754871,2.3055779073922404,49.86114679764851,8.620856882155296,86.0705994186927
24.74433156380173,0.11117836116367609,329.03755120409824,1.9672545415425366,46.807484991900424,8.678883335945331,93.34545145837949
27.32287325902069,0.13429736209695106,236.65459272763974,2.727759211847062,53.735571258655874,8.348461351647467,87.3363259270808
27.882193778413008,0.1314600096975042,376.9771298852138,2.3621216948250594,42.623740029402356,6.5909419499821,88.1957652131969
23.97823919332714,0.12562323452580157,440.36703861310696,2.157178777562819,45.96832913080253,7.745858383924297,83.11319628632691
19.978726839131365,0.10466232986728011,357.8153825382358,2.8824578499499522,42.64256032309043,8.899418602054455,89.4259742122861
17.427837491040044,0.10535644401010467,308.1829183451296,2.7538742019200524,42.5841514115418,8.426955426888245,84.15524801242178
27.966081845396634,0.10825322557522706,369.52004711778744,3.51783808505583,41.6053220793991,9.00099070428807,87.4851138127284
31.49313459267644,0.1423523042023878,279.8608586583761,2.641408680363236,41.72439338790293,8.717950986563565,84.74946866571598
24.166327968012492,0.16562601688303497,399.4101396653601,3.0139465620911756,50.59568645270161,8.753014123757975,87.76122302149356
22.261180094147573,0.11651795036300457,311.30299830343984,2.599915347287049,40.51309947281229,9.070301174960619,82.6130531061466
25.97244054669505,0.14474963288518242,364.7431230116713,2.902177552533939,44.00980648497099,7.731712020985193,89.06586759216997
24.23678089286518,0.09192779207492816,356.9982831986562,3.2217099120823827,48.77351525642332,8.649384023897177,89.93264089047099
30.929854265432095,0.12027234321092772,403.50384340323325,3.1587235657227373,46.716681648573335,8.058452537985925,86.39267966437787
27.066443685405414,0.11964326642306662,400.7689833120615,2.715506565487485,48.83764475241199,7.8772695217702084,82.18932391720759
28.55126120703759,0.12965079094640206,252.13039679852477,2.4602903418113384,47.74525242094701,8.358415298104113,86.51857516531442
24.82630771603446,0.12728791598863873,316.85194855092305,2.660268129032177,47.622119078949396,7.996092958118019,88.00122250231222
18.79206818417936,0.12961753604622167,337.4798843335842,3.2808517290169887,41.12895342205956,7.196136623212309,80.69125387799346
24.99982225422682,0.07310170940833624,371.93451309371835,3.224499799779326,46.68822668873391,8.239581009205043,91.45107381010739
28.149014025486462,0.10351954578836156,345.3064138867699,3.127385089325983,45.46312168447626,7.949762078245584,85.15436780026897
25.32986219402386,0.10541798211706245,373.7157814224081,2.494811959045863,43.95178248727621,8.964480362237088,90.74691869938843
27.297967697867186,0.12382402809397669,363.3525596214405,2.794334609567565,55.503466500016316,8.865549390551395,88.99149509959359
26.77913225123617,0.14868445168463704,286.4910757574789,2.682620672598476,41.977049378428745,8.040791205843515,87.12081340533159
22.55279043406859,0.11174908979432423,334.8391421684076,2.8752664539022743,39.27806831923164,8.711159097703199,89.87041713485642
28.392111096597837,0.12285017547951219,346.0277028208086,2.6551932424936915,45.209219792326834,7.698374997419717,89.28058649828253
27.341276366955224,0.1446814745695134,349.6329656579039,2.7495824454969555,51.53836797278775,8.367371530639302,88.46274186826881
28.834642213540455,0.12126098248682746,444.35102493992366,2.4859258770219728,44.32762253023166,8.205282497184573,88.81124222769351
20.628270823155326,0.07490400797683776,343.2139500542237,2.886402533129592,41.9259930497776,7.6768597351451175,89.28226884222546
24.329762171723193,0.13436901451852,377.0821363731895,2.5526927141819815,48.18174194446816,8.542234861762271,85.5663207656654
27.58548319077496,0.09829141957479173,297.5762384366027,3.097941701917505,52.655245993753375,8.757060386985378,88.03262452163347
24.194211343359118,0.11181103708321505,287.3454347363569,3.058099587827334,41.2529271077742,8.686631167542602,89.36688293076492
24.434997902045083,0.09822612282734561,328.4126199005286,3.019760529059145,44.632774262039185,8.864522273746752,89.39995434873681
24.35133754818298,0.1091264417586883,329.6902012416328,2.8095975554538346,49.476402056339836,8.397733599874028,80.68116336995834
25.203692775546095,0.11002689616824833,378.9341082198325,2.6630799351961247,37.73146037357263,7.870686451313223,89.16878742122329
25.609181831055256,0.12257757200647805,286.3850731129139,2.8446118320942153,50.74474984194556,8.474320537567277,84.9305608693989
25.162788369425908,0.11670458321048378,434.47831668487066,2.0895152343339713,47.355259140324726,8.475077355137309,86.22055794411453
23.190024620439637,0.10606240004936128,337.8104646040033,2.9804998891938865,35.3855268594929,8.409959079263764,90.50523219932197
25.100287584685802,0.13446588964888845,308.8111133888904,2.4292037720432704,40.37594500374799,7.817256257597082,88.68002996667553
29.358584848326608,0.12951426051939668,351.3763351950541,2.650262930022648,44.15873267548951,7.59892110443792,84.41634238045752
23.650476789164195,0.13533166894074222,315.5419415329319,2.5675701683334786,42.20473156164639,8.826997236142537,94.22443070205863
22.478498138244284,0.08797701452711346,323.5742962908593,3.1091795840480745,47.53383258372138,8.775900725997055,89.36046446122384
23.71359433204788,0.10254856481595989,286.6011729125738,2.3456196762681305,46.47409380270998,8.311691885418053,90.10466585193433
24.31050858182459,0.08411460888897498,387.38420775140037,2.9351256458057113,48.557387974594434,7.412125129765558,91.16853825116402
27.812124099158773,0.1335419222712089,424.78854989520073,3.1623053829526624,41.02799844162472,7.991941538045757,86.7969691830239
25.592918334876376,0.14419942284547668,308.84721743082787,2.2650755321680407,50.091057322741506,8.083520291179328,86.17181482468655
22.533341399261936,0.13961576464611414,340.10775880192585,3.2102733693166,47.556440022869765,7.292803979977637,85.11387303308847
17.673941378688138,0.1327544764613186,360.10135123839,2.8977006701580703,42.00676556125695,8.196423452615225,87.22027421013179
26.578910564046662,0.1034802778794793,427.1564285980646,3.1064633727574575,53.04926687122491,7.63393001945703,87.29758941772457
24.593317901573617,0.12462694060907736,286.9400795814924,2.945436832548914,42.591466620290625,8.689383870363365,86.09762486257215
28.712065628591713,0.13473917352211726,359.0208422663273,2.5434558422292826,38.444225937920265,8.1640013165782,95.23112922484293
20.6128150816241,0.07886877027159836,393.45252289350293,3.1591764255286234,44.27377250836484,7.686118324009591,87.14430259161435
28.41352033227688,0.13038450379970581,325.0143626586729,2.4144576953871573,43.086206589656065,8.416559921710546,90.16067663200636
27.766743645177538,0.1012621544642878,315.9653999496457,2.630432503533139,43.208583000647884,9.225302547306876,80.6934652272681
25.576016152386348,0.13621845498710114,331.8929444140745,2.5896969177170766,44.361908459544196,7.674382451850184,87.45614558585908
25.431243499621836,0.13902349868239394,449.26739476471516,2.9524856069398666,42.6482728205671,8.047094343239904,93.84700339591892
23.81695827698932,0.1324719077780205,378.1201782347223,2.9537380591793716,47.53066609799482,7.847075592164369,90.73038350159702
22.39793160370889,0.12748766237908687,350.8830113720295,3.1022619371338656,39.93544671302583,8.325265878773362,89.1001276666671
20.081113986904942,0.0825340976115268,464.2160762279044,2.758896008730635,44.91198502863608,8.296637343149596,92.84178181502894
21.36403041935835,0.12276938479568175,346.12341809561974,2.7719213739107498,52.328688473388546,8.405570647585115,87.8970838073401
23.4744886405587,0.129192115738941,376.4740252934747,2.5073565622837752,38.739469586393874,8.406577440952441,81.375706024604
27.749103495209962,0.12140284111528972,356.2068989131119,3.285440891055899,51.39440108478056,6.592794739507689,83.39449824119555
22.826509182394762,0.12674867900318995,383.9249523056733,2.463052285620162,46.02721782882021,7.924134643631151,85.92277884106596
24.646485506360424,0.1407569801494068,369.40116014192427,2.746191906135339,50.272679694449366,8.195381729896752,88.1672619305229
24.514869036800444,0.1506541468889594,356.87460773353513,2.6317103056314304,50.15077566126352,8.050721583900478,84.20810576163436
23.464647022775452,0.12990989381430448,321.99142145081095,2.7473872122796203,40.19548821801904,6.954213848502439,88.98780177909876
26.31902295319111,0.1226370561676088,366.06485324405213,2.811032351086638,39.185030643919646,7.952581882824368,88.5652935602845
23.762537136565072,0.12071365224712756,401.92935735861454,2.7716710904558712,50.23303540363909,8.167875004011204,83.61223465264716
23.141194122874833,0.11199656591349483,256.84132154473775,2.855972076404752,41.37439554072401,8.202783738953013,89.24819792951055
36.44012419500419,0.06607863414426077,307.70204410435576,2.7833340477149506,36.7101996319512,7.792944954190185,86.70944042693085
23.56642048799119,0.12144980727547865,302.2011356553187,2.651427419042447,42.95270073675777,8.085634210034813,84.66129143018804
23.843890931500564,0.10789082257474544,266.54800492344,3.6761578531674832,41.214097227590884,8.316057519471276,90.94697518019483
22.591236118467975,0.10713007207370781,329.5275170025309,2.416124222970693,56.75862942888314,9.522013311731031,89.43205103469263
28.05945218059363,0.10331016157941811,300.3613179162772,2.439453788370497,40.99990947214505,8.143046837151678,88.47626217768891
23.48703160623094,0.12281193341895229,364.0159727202543,2.4505292518180197,36.35139674916946,6.628373519395483,88.02938525879178
23.777212569713026,0.1260743084522647,330.55293819119294,2.8281284147958323,46.1853889231677,8.539267411381637,87.65324049492223
25.697822674911524,0.10708225535316554,365.5886066380372,2.7437970404312333,45.169418486650684,8.299387388798342,85.35479620681306
23.228178856327293,0.13700906066944835,407.1507423708133,2.8097199944459317,45.33999016007483,8.282440265402048,91.0092240380862
23.264317351649563,0.10593444778272153,408.1010425828501,2.6565198361826265,48.75385049601733,8.69207482262989,87.58083209109331
27.017493391230012,0.14023266678584576,355.74727559501423,2.9665030604673874,50.50946097389451,8.12347387477565,89.01278794811466
20.94152425998593,0.11710521708171931,329.4908636485553,3.0360350193933403,40.342654868582414,7.488965431810705,90.08401576540055
23.266839226501336,0.1408502646606729,370.2059238534789,2.6085180010334956,44.02083923212742,8.288903313713712,88.65851886354655
25.639937590430517,0.12565435461358423,395.4988579958186,3.2784727759556778,52.82610846186493,7.701245888059641,85.30014487561587
22.913284469490076,0.13433134888351828,385.14790595901553,2.622178904717637,44.566327255600314,8.961445884943506,88.8196345549338
22.96851702452087,0.15440221650791291,298.5674838393076,2.9594034900680435,32.74186632775175,9.21083077948749,92.28840734316536
25.795811630651958,0.11389102284482791,367.5136919853373,2.4925908360821403,47.11485602614403,7.889915210745261,86.84878518441779
23.142866400875977,0.1000376574333623,364.3583247312159,2.800016300596993,50.604190777338424,8.494343168354355,87.48649776806984
19.780001428348374,0.10058562204804265,260.067711653538,2.304423397266339,50.74749199961226,8.195611201142508,89.98811611231109
22.252507853756033,0.12322789752484711,318.49809815479415,2.7985738388860524,50.02825213228343,8.895616573353701,84.6260726536746
26.79649185751998,0.10155664287778024,348.6009359748158,2.9221705761835386,46.91355230262705,7.67680967541663,87.89758747217881
28.35093700013023,0.10026450309968249,399.43309054947514,2.7905831932004426,47.794233476375865,8.882247448406211,88.1662313412884
22.07376681147351,0.11478773925764459,306.72923391633105,2.800920665690191,42.15300505119661,8.395367977985197,84.89831714452738
27.500463806948346,0.12034893161732513,300.29765557527134,2.8609511335205466,46.84576264071204,8.154025330765347,86.11027378935586
26.41014478269911,0.12045665123596852,356.8427089676349,2.8789406486229994,43.845878993448515,8.335997212279008,85.19141415599553
25.94384858023554,0.10039435796905201,297.6787177924231,2.127749269034923,53.254485699334495,8.294101118538666,90.23428418356502
27.98587961528838,0.10552114952410804,314.7785084492393,3.008668967826004,47.79546376653336,7.498915709007397,87.93869648294063
24.25314366768159,0.10984636056037105,403.68541650603015,2.543785130049989,45.005239081684124,8.998023906768966,88.24825312302129
27.131314680400827,0.1298462164309354,322.1388493649624,3.1003130100442893,39.34843751023886,7.687303410913321,89.34403751472425
