vib_peak_hz,vib_rms_g,vib_centroid,vib_kurtosis,magnetic_rms_uv,current_rms_a,temp_c
53.67937830148952,0.6509385420639091,707.9534359625779,4.991597177137913,70.27751000251365,9.426294355614615,104.3717466685167
39.47398040810662,0.5146698784180896,846.7657187146539,6.501566776344468,74.90846357252144,8.425979405121366,106.33993690412106
44.09233739622568,0.4006067605131836,716.1169056693689,6.2084721906938505,71.93880582044498,8.757094035440952,107.45451794960036
42.98161881576873,0.6328285179037846,761.4801589598072,6.657399135947781,77.61971255193274,9.687595524051476,106.5610236080368
50.694698063070994,0.7850517927362304,788.020007480809,5.954400426826729,91.13593666646743,9.702801095975172,97.3455254167496
39.06154102170601,0.7016872754273036,799.2623229187525,5.439662161463399,71.42653737228578,9.321354201176304,105.02039324449095
51.140503091410295,0.5677283429347979,762.138603706235,5.622061780998418,87.59520549141004,9.593657032330489,113.50165748780485
49.71306675101484,0.8793410043150833,938.0636240248888,6.806271974897904,81.09015632082159,8.010974539555614,96.19372327614998
55.53586199655833,0.6270500417956446,744.7850716263908,5.828259693886725,82.4833919026085,9.32547591730419,104.71143769454211
52.506171126811054,0.6973955221663026,882.7088697964523,5.500121935626836,75.26646457459515,8.593227694311862,105.58648846518298
42.80648033747814,0.6447237873296038,688.7603935123612,4.992489310454543,85.29579678495051,8.914411784594307,103.47802759217512
55.60952868880396,0.7681875041777604,650.6973936132359,5.550261428415717,76.62550714584278,8.664786066009626,97.52945408844529
54.71582922541234,0.5726477369455248,656.4530758463575,5.5838197943195365,85.15752333338644,9.951472507564345,102.40447590178434
44.47261541549307,0.7258125562174177,728.7632458667317,4.46460402267632,91.60354783865337,9.71991950677436,99.67393797266593
36.90337740663068,0.4381720426542821,694.9103628921907,5.6646414981376125,82.86581923183897,8.390342576290651,105.54847656524487
52.652707535387314,0.6121011210130445,789.5534403605742,7.089954550530241,80.25351384436661,9.864204102712801,104.68573171868991
45.68315128407267,0.5558776112904313,796.5187134813724,5.919411762479902,78.14290629955553,8.818451949032694,104.6028655726592
50.9202602829187,0.5502359197251442,882.791837975228,4.917270015317158,78.51644683158138,10.033901639636607,102.37683588865924
47.54831154783636,0.5772924710776776,733.9489991890553,4.149726105023156,78.94484834126843,11.373688901830471,106.03844625592872
46.89666503275173,0.8050838438309649,702.5908776323478,5.183427049300358,96.88840165202721,9.674570997486112,107.09697168819463
49.35886852347847,0.7487077519244372,798.069322390149,5.785054203806258,98.5752123859447,9.257501915287929,103.64725399640366
38.38329822427784,0.7438960148528814,762.8298592456586,4.493768226301796,82.76339351191066,8.410576155659513,106.55769421149209
37.99579302339543,0.6803826644473285,921.0562770044517,5.800468456143676,74.43164834689584,8.981600806877275,105.25876176607876
44.201614342760685,0.9219071648613566,819.2578336509627,6.184580552973718,77.62572859963876,8.87661055173325,94.79601356642226
58.05932518382771,0.7631634392064306,695.5347842971306,5.820256951378996,67.76971948103233,8.601286058356694,103.38347811462559
46.51291777012397,0.6416899560526542,725.9603680281309,6.552807003428864,80.32434800780013,9.119887348788675,101.12787775222887
48.297963262727485,0.7812131592525514,744.5624863301643,6.404920076711942,92.80530251246226,10.794732437078915,109.62914021408312
47.638886137237996,0.4131900158962912,764.8236466801651,5.586187429202784,63.410316586071026,10.097855981574744,101.45627695118766
50.71380495757976,0.6513135086162857,759.2326599524,5.619431529453562,68.09852659857958,9.516801103223033,100.31055800586012
43.44721740762721,0.7012661143217372,819.4754072927506,5.549197195937904,68.80465284220998,8.894170604809313,108.20260255844867
45.693179025220545,0.5505784338039437,681.6953171394347,5.749831419605203,79.75203181689137,9.546678209211095,111.56216642916067
43.937339269449005,0.7398375315494865,817.3487806509079,6.79067713251889,75.18578188683527,10.464553867749608,108.00771950567008
51.69896461303561,0.8110591251917899,769.9026303803628,5.374007578222955,88.43130099258377,9.789932632323154,107.05918203625727
43.50092353237805,0.6460598854182675,861.1446739991956,7.262321233219135,79.72098253084181,8.386001657714495,104.35872516337294
48.62690217450325,0.6780679495882961,678.187204967808,6.046742294482428,61.113552361571855,10.020144770862059,101.33899102262602
43.00162522737701,0.7507844124341816,739.3244189166659,6.520784292499059,73.51755356382344,8.77082713400786,101.37341080744845
51.72557247654584,0.6479864676684158,786.8820107216002,4.772709144379277,87.32327196693046,10.333130560350252,106.59977221768601
40.50193151923947,0.645072957062019,699.0012610363384,5.4675107715341555,77.84390362374882,10.842959059197865,102.50326651068532
42.19805344646541,0.7268795622398595,682.3721808949526,5.036610725445415,58.52124326181445,8.921000226409207,108.94889529259359
48.96827741543107,0.6124963499090709,832.8799867264677,5.734423112737282,88.53746381083155,10.091813411865527,112.65785042035105
45.36351957986807,0.6286145759078887,777.5127331216389,5.235493566160682,68.68907497263982,10.25554035293929,103.62529952993043
54.83153494580577,0.5178969007070154,905.1559112599272,5.43823554692573,79.40907119293063,10.293027781514859,95.43209255748786
44.438456065425505,0.682883104261154,848.3669391337052,4.823107834055921,88.39365988080783,9.224648645371929,102.8274705455434
52.03367490354171,0.6325510077349346,913.5194663219253,6.163830103937858,93.35574615311441,9.424601612674914,100.65437278127554
40.797072351713076,0.6318113417763309,815.0651743742283,5.598323904972463,73.84497968714646,8.790227687418797,103.59409888894594
51.979234294752544,0.6026485105368485,711.4625577983517,5.734326285346371,72.56688191550619,10.778918125961514,117.19604620019996
51.10935058121877,0.5252902480534015,738.5702162795707,5.56553077997672,66.35321143701292,9.671598175202526,106.52321897627617
45.00818952891872,0.7205965789509619,682.5426524514071,5.6218706966320315,85.05805285372129,8.596485058536096,102.0121540831375
50.322130933951556,0.5239890060762519,627.0087409605242,5.189646367962362,70.80345969585869,9.778074852731953,99.88907804134138
46.92552312434469,0.8171639780194533,743.5959353992089,5.371741653738366,80.63036160748116,8.489120499697435,106.66833171731021
52.28828022849117,0.7749197632282777,804.708252349352,4.843350303579562,97.30482208658748,9.182104216184175,100.92176240750477
42.00130333085509,0.5743680095365463,723.3222014360784,5.161019601831976,66.46403791038887,8.809654122690871,110.5548040016976
48.28498336015139,0.5404031837771581,720.7539654364286,6.573010149620018,79.38140054612559,10.478785978099769,104.33836206098742
55.940605532385604,0.7727747585364686,730.554631682808,5.997630991468559,80.68457496342226,9.371053873386563,99.66822946596437
47.90444422891529,0.6606619547793406,881.0567092831473,6.402811716317393,74.91677527366629,9.576690790641937,103.61721392959882
45.66223339091536,0.5748697851217052,765.0823247522575,6.239839595120047,71.41097318842762,9.606174540298571,108.08400164448695
43.584066121491155,0.8480407043137416,533.2806921167272,5.041503249035418,59.47897085740935,8.601814935407074,106.31727461221755
39.77228500707237,0.6816909913196025,725.3820888085202,6.83817797449374,78.27664238827839,9.309986652871052,109.65283829321126
45.94257565987427,0.591054514120704,793.707613560636,6.0029959694193495,80.80962381367836,9.166063674581444,112.39809459688263
43.72697065781033,0.5931830372668162,681.3239598746052,5.442300634542337,81.34830520776362,10.427885768700701,99.97427874776464
49.162549802165245,0.8488600041437454,779.5574008662393,6.354803439362951,80.61384648609742,9.456953601915448,98.09698631210216
38.57366461683736,0.8617716391615603,592.7033584228705,5.16598517694634,86.8534694606877,10.052849605444692,109.10061696114428
45.01025015362355,0.5581980615171572,838.7976210416489,5.840088803084683,75.44853424966365,8.7800203584388,113.79240506384777
47.99845906998525,0.6876038265781664,811.0061577695035,5.750120291322783,79.77258250760534,8.101241644189312,104.02399238745524
55.37268945226943,0.8127615300273825,793.5962785752986,5.70600044955525,77.71490033981351,9.460004601854505,115.22114989113675
54.80696560772502,0.7638444530575018,819.8239694554568,5.820534809760378,54.69020390836897,9.172161200186487,107.63260732604434
46.27520579870866,0.5907290818155065,669.4428818133284,4.3477477397054045,66.88028493513829,9.41060024496495,105.3107280317988
45.342969029782466,0.5958051975895472,630.9881302074168,5.187102649912118,77.41431444346036,10.437157294652788,103.55108289202026
42.09961632609316,0.7571441506605286,782.047341620407,5.188797696233466,69.95447078598866,9.495325209564125,98.21867874233936
42.390825941393324,0.5512229156654389,851.0065959046474,6.649408953151567,72.46319405886166,8.994465490120445,114.2741912188339
51.87222548166818,0.7914441443422742,758.0208150575277,6.8984395336698805,80.48920101252253,9.619388154755173,107.01583990180136
54.271160418245046,0.6693785650100356,830.5396166273549,6.0004862007608395,91.13421279738722,9.658769057753966,108.37192622644578
46.619123160076924,0.5814475143815588,845.9914392314959,5.573076419051713,92.2700968666201,8.529553735799642,105.17177781198198
45.89105624934241,0.7699934011783091,729.2157497155879,5.639942406244816,90.35349102757193,9.284287449054698,106.34964614480094
47.61397007847686,0.5905404026849395,798.1439627901797,5.961804520725905,75.05093124753023,9.521339175904192,112.15140762167992
57.934259540105344,0.686049621277156,837.5880656676868,5.914153084438202,72.90612862325642,10.869334718488401,102.22745309776177
49.93095561181343,0.5590045068296949,843.5758132223086,4.939774195969227,85.27823497514927,9.52746533197647,116.5751452153963
49.96404939582759,0.5399138729362392,773.7892191820434,5.713482893470337,72.8274727871617,8.54286976416469,106.17296997128959
51.83953568302479,0.6601509042224019,854.591655865722,5.372605052256692,70.45135659297283,9.313030032398919,105.6314851280091
45.97581798071883,0.7176807926472979,882.392343664511,5.1528590352486345,85.41195048670073,9.217874359569159,100.15387168507779
45.63935685130939,0.7680927640858823,728.1406931218987,4.929579883971533,63.46031870564344,9.793477732013814,100.80277271794375
45.62237045770128,0.703723969503349,822.0431318120503,5.804796346798466,89.24105519428655,8.988994286263825,99.62344864567196
43.625945007750516,0.8322194985554584,806.4737583130468,6.523265923707863,97.09678254507895,8.666070100597485,103.23847937725007
47.37547863044549,0.7202553950249784,904.262534392831,5.033782811864856,90.74303759423114,8.710823073837773,105.69881289876665
41.19547861241681,0.7582523175981872,778.173546442189,6.799293336768324,69.55748816990886,9.848619989666226,97.83483323435365
39.43248426712218,0.6683881117809234,700.4882317942535,5.753311809536299,85.5080852220786,9.415473581057183,100.50124387794476
44.61590512786321,0.6573049893974016,839.1689775186202,5.712805966307879,85.26794617403712,9.541765563655485,106.81804743452112
53.928029790590124,0.8204907445605867,681.0426082599763,6.047428322023983,88.97973601591264,9.749725197340677,104.65946116083866
52.81510169594801,0.6463124569466172,809.5136406888239,5.389306820206755,61.89714179695112,8.555898735448396,106.6176874662311
56.79429660087217,0.4571249636833382,749.157761435327,5.9721922170396,85.34202226771725,10.205896371930853,106.53733091134951
49.47642791920725,0.5947811600195906,831.6850211396194,5.275131740150131,82.29923868651538,8.39119074938897,106.15460184328461
52.91892030614351,0.6790892375072239,737.3003897765864,5.502165547105476,80.9558776452188,10.068252117662787,100.33697260475341
53.72910583252173,0.3994844015296066,859.0642493353803,7.265000539587936,73.58457336330633,9.670825429893913,102.1929515171738
50.87811509967937,0.5217516165522664,687.3956069023255,5.517480950319034,74.23758690185998,9.335363427361317,99.53769153290527
46.24402791212409,0.6277847544123957,768.5401488914232,4.841242454102109,82.81993086424804,10.4034752928988,109.0123766545474
50.843834573187344,0.7048865430106693,893.6295684131238,8.021544357442483,73.8378023793159,10.224013764516691,107.21592190472944
54.44162300256927,0.7167706413978688,896.0392014719462,4.989587648399788,80.6478195318058,9.410889549969994,106.913091411407
44.960112334344615,0.5361542637429347,739.5942089193212,5.55200212182891,73.88077600225708,9.816948796875005,107.26996247452962
50.789811075890185,0.6681334184181109,697.1712342982737,6.399819710653462,72.4276431743934,8.698623477670091,101.81002386528183
46.985650222493234,0.602630233879434,800.1542722878806,5.48255699701497,66.49904849210556,8.01828941493093,102.32802162904301
49.532595678422,0.770651936027674,807.1619693399571,5.3164849907168525,79.26714532916843,11.547663598022195,107.65171241105264
52.16631029887961,0.5793910640723242,775.3524151915777,5.415324288220329,70.45991130690174,9.551670016343836,93.2013246108705
51.43288816928006,0.8234542883287489,826.3518288456618,5.7017573066613245,89.72708518702422,9.537083798999266,102.92710038968022
48.1542006459942,0.670271687483134,730.8567766916101,5.922803401002849,89.28326248585196,7.731607309268256,105.25675673154014
49.0477323605586,0.6020209011616322,757.3745363144947,6.017275350147916,83.05678446891793,9.296097813825275,104.7983845025781
42.0219386044719,0.7252861022707036,891.8706344435612,6.863255702623278,65.4872238733445,9.50375786564538,106.19223478698527
48.8183253830909,0.6582666304447627,669.5108960457685,6.437569793243559,74.56800657287047,9.59029553787982,103.14789380989357
37.49655633516434,0.6886949935692444,759.0528480601138,5.792397167921926,81.3472255103665,9.066806783043942,98.6467926377924
56.093079524825455,0.7601446902654109,709.8174950917546,5.183172773136963,68.28890530435723,9.635241212953071,103.78252446129851
59.42248005616679,0.651332039259186,843.7560933863706,6.091541273929066,80.88179028828662,9.078795124310943,108.38392789793565
41.70346459387471,0.692347239797702,688.9367971372094,5.6146337162811095,93.17907422706138,8.899003726321702,105.2847304366475
47.75866581165627,0.5208588063545967,843.2740299512953,5.4008083574967385,94.60265608375934,9.645059680607805,114.26966663593029
53.785842869042455,0.5290123725765115,810.4353350387643,6.061118218552451,61.91785620476561,10.331692926874664,99.70766658146586
46.08740198580193,0.718104218825756,795.0095545639439,6.181586649119373,90.32178455634704,10.88175932104185,111.3760890372022
47.677248270061085,0.7531974549729075,760.1945348176175,6.420211651973115,71.89950683439186,8.714790129157027,106.11352808082178
39.347422586815696,0.510122936521415,830.8430075853071,6.059808763497596,76.83291499650488,9.699751455756719,108.93186731227965
49.09038707620464,0.7436450065444132,701.1661579371682,6.5643477896104505,76.71930951470927,8.896091702921726,104.82980902310194
46.808949067502155,0.6595153789400152,856.9154899708129,5.598283974237586,76.30101729940598,10.845150073165971,104.49460157401681
45.826380074002444,0.5575046282849915,595.0772822527398,5.529283184987917,70.73234636010824,7.903017455279137,103.67688046302636
55.54379877101688,0.53367738618126,679.1497999675757,6.086865753958215,75.30010743261259,10.430368107031752,112.53469835019092
49.28144104196616,0.6983128234787476,906.781612381204,5.61304067500172,75.7629077320123,9.70434165780938,107.20953122814777
49.50262422375572,0.5654397260918742,684.4225096087887,5.4760845273680445,73.81636134373144,8.761660202413259,113.27722941036726
45.41091319072752,0.7744251836474271,771.5431379678399,6.7698752476568576,67.86955932108147,8.835950802637566,106.09770753559619
50.3350621200299,0.8601095225861108,852.8777011039499,6.28823568074693,80.56296931319687,10.581598678674318,103.78318914459999
54.19428247996867,0.28734447038391203,677.4309272829302,4.9100542621580185,76.21126449433028,10.26508734944186,118.67167302750741
46.2976986234868,0.6221040216694069,790.3313737904647,5.925471892254177,73.90939936664151,9.214761356266509,101.85210323011879
47.84062770728154,0.533061126158856,715.955087927435,6.226427463392525,71.1992387774482,9.716045736810582,106.11877169781425
49.72011896250939,0.6005899536837603,847.1402020999869,5.064999053923634,81.61146710233537,7.671825239037806,109.280824641164
51.36347211302493,0.5340822852670173,777.914814062895,5.8121226890392155,73.18760076143137,10.924288926194333,102.01482183740715
52.80920217161625,0.7182857297384445,814.4601944497044,6.355548199302995,92.97112420992765,10.673839944217574,104.09737957700918
43.152055483484794,0.5653107556561981,775.5816852331378,6.178530687648976,68.78512306462996,8.12087240911965,107.11816566981399
55.002455713237055,0.8868093616434941,801.7489090998295,5.729081403560734,70.50775828802334,10.302380875087934,110.82427728493117
48.87354415058459,0.6230021342499956,765.4978111616228,7.05406072289699,85.3266883294312,9.6552595226676,101.4572342724117
54.785357274229476,0.72812458393542,692.2102669858086,5.676175818118664,72.60058257547253,9.811832696821183,104.50927832950977
46.97781327612227,0.7455208985877575,735.9413658830366,6.213082976171441,74.60735618968188,9.664799248961982,105.01242181748833
42.756443968263596,0.5921877389901026,667.6599878444504,6.386502937373221,72.81878870006192,9.453427513464591,99.79086118186933
47.382426540376166,0.7136285952365887,868.4355104401559,7.20765211299682,87.57375299866061,9.24111330929326,104.31869054030068
52.24709582489167,0.6569982508425227,861.1469177298247,4.897296387058318,57.48186508937805,10.398181259267272,107.21641122194815
47.2130445813351,0.6314444237291141,689.2448169515656,5.981395833856193,96.77348889286463,9.318763891782146,106.60610514314124
49.312426172125804,0.5797568342366619,731.083844921363,6.915775056166231,76.92419596575158,9.295827854512268,104.3531347839242
44.07709853602674,0.6485886552350738,960.202083583923,5.653936482411467,77.00661542568771,10.046235184844345,103.42835382075857
44.44610980785714,0.5504719455755532,799.3420600105846,5.863499509054645,76.79461493634473,9.138285337905094,105.75555195433358
47.40946528082958,0.6711679506799803,791.2583815702163,5.436319363445545,61.009607586438314,10.030658256296153,113.80585935063017
56.91836428500311,0.5445497247308838,797.6668933593565,5.73906734689754,94.72898567607496,9.090389881318636,110.68877630168458
46.825339039499966,0.5775063884359344,792.977841181204,5.585885238370562,81.6052401499151,9.164954252966899,97.99658543146883
50.51289322379564,0.564091154497216,834.2530256084036,5.0848588798164585,76.08700460031746,9.299483844573864,108.21587627699601
52.17485913933491,0.6302437146839789,626.4090271808171,5.9356097427999455,93.66596108922784,8.876032266730293,106.20420586776501
54.81996762788348,0.4210257807260642,775.7827932315267,5.480795967562472,84.33007861527754,10.04193739126594,114.45755532536404
46.08047308213478,0.5762577997234335,883.7990536388396,5.098909015337832,73.23136043018403,9.293275220247656,104.81499385871494
53.154880707566775,0.8446075877985679,587.3962966537138,5.2928406096353875,70.74066326528519,10.216584742445784,109.65086294356452
45.95623481331359,0.6755266263549746,767.5144653844158,5.811137429707531,78.4707071266379,9.61609255410769,100.08936571693788
50.201829909628266,0.58355700600331,736.3429748491094,5.805837169785565,85.07069936388382,10.689680778595918,107.6470789785698
43.510902633060475,0.6331480068410142,717.20072233707,6.716379324631085,85.34534589839727,9.323553766412468,103.55596684390439
43.148383349523314,0.7899822091743338,830.0837428903815,5.461386644427799,75.28078616652196,9.649072726639195,103.80240865141003
51.69408117415347,0.8803396489036965,714.369884660484,5.844884678401292,88.6298715499048,10.66741852814307,94.84748632422378
48.70145946077855,0.6012186763333973,883.2743069301681,5.800729555056843,78.85361990003835,9.926747415385,104.379366416646
51.56529268547437,0.7531916767833815,722.274918058762,6.438997958506774,82.68368446765307,9.71572750230579,110.22140500473112
42.438086687260586,0.7433687759525294,760.49797085773,5.995814342033898,54.33711032930642,8.893308336264901,113.5646787790714
52.82392042071521,0.491423489746068,815.2456469705717,5.357566040759501,58.559527332912936,10.15962417025583,114.33461566472867
50.78590128482022,0.5390851966321295,743.9436406589745,7.1454809656565645,72.2370716209285,8.96402921534245,97.97909866818759
47.41595214577401,0.6065896745197344,900.6254875448269,5.892314498654389,73.4793905409386,7.792554841078988,106.16333128591836
43.00410913373714,0.7300244773398095,928.9984883012244,5.598711674342824,101.51090832712974,8.545208597615215,104.7785055790908
37.05279716835586,0.5507395786066839,801.6634151398988,5.152303765219429,69.06341694624942,9.584263728014948,105.32260542894056
51.9704549542048,0.6251905225462445,842.3949034246679,5.98149539353341,92.31284290434073,8.885365626548605,103.65584069677627
54.39988903158307,0.7982290424391244,794.1932931354937,6.284701050222876,75.99892472281795,9.698018679543104,110.97518600747415
46.22266987219168,0.5975704602335152,759.994260794584,6.1726863222141715,80.34031529518245,8.953497954401918,107.76007275794912
45.41559478936655,0.5459520978943414,729.4422825897699,6.996649542747826,83.43599574855111,10.295950678654576,108.14949971070753
46.6960377009822,0.5497770569864198,794.5959263175675,6.560392030273934,68.41476075353098,10.81436958858823,106.2536496834372
40.63124550652548,0.6434639454695563,746.7789256003997,6.743120208045854,78.63232211806984,8.501888202574115,109.44006125992928
53.406846623584265,0.7087719403185573,637.9125767709544,5.199311591275461,80.51634091099785,9.46497322529353,107.21785053804388
45.8720974077215,0.7436794114959155,706.8961178789219,5.699981786619518,84.5753427091339,9.652334595966263,100.64958195751845
47.44007634158688,0.5906139948724756,710.6104600667963,5.842957066204018,91.64788517882627,8.798116931810691,96.25871258133043
41.04276797569172,0.6646818199689849,668.7140739850439,5.661035034685858,72.07074254834421,10.117172913835661,104.29001926442015
56.516533634711124,0.7787185562105178,718.6344386353578,6.668898421936911,75.80111977830978,11.03951131631625,106.17267715721152
54.361975731612375,0.5305820632876947,805.9788265223485,6.815078643773479,60.030980431611546,10.191168349133402,110.57648931172548
44.59591197687989,0.4451396680883777,733.1631377205357,5.627488220460151,78.5822264675349,9.243021958526937,109.6003972005131
51.17022638989258,0.4802957795648597,770.8644360761278,5.771876596467207,71.04884742579682,9.700164027444538,107.49584511837475
50.70216588148654,0.6742024096644462,817.7273015359701,6.411603332219821,66.422836155486,8.779810559401684,101.58567625716422
37.5109613868043,0.6387746569753235,746.3335940337057,6.206653327050487,70.31331478922799,8.602089421423614,104.65318302508925
46.38778316204938,0.5938102557727627,505.0374502742296,6.250264521903759,73.0804519690966,8.693279234220109,110.40210144443787
47.28283122747586,0.7439840995182695,769.8637815136516,5.978050629479361,76.78387323182376,10.23657997913313,103.78477417278258
45.360157614110086,0.7538194960650533,864.0812733902769,4.785678246463246,87.24703607246428,10.799675383906065,110.55338271850451
48.33735642658756,0.7279788289042557,684.6594928472673,4.366020427100102,72.89329332319058,10.237356872170537,102.15969123250359
56.549903140552935,0.6928951302606218,844.5792572333116,5.095336231626763,66.74523916722174,10.39915307805678,110.17995522424624
52.35967349702386,0.6976976287160537,770.7647614126556,5.528841550095914,82.78129701329348,9.791881617240932,109.82277167639245
45.62077358127986,0.73494664196872,930.287304497296,6.840808123301517,77.82844554492166,11.01938494208497,110.03362947458984
49.12355444805434,0.647958961944323,639.6571769997296,5.4298645634978895,93.63020910184476,10.236669909273317,103.08561803164677
51.43396424303692,0.6532863828761702,750.6907323025601,4.849492357597143,83.59697196150648,10.387603927946529,115.11323111043087
46.052436097187666,0.5301400416480366,711.2392432077494,5.235414843811716,69.22569009782599,10.328181376403167,107.38290180149666
51.544832598391,0.5205150440734716,746.523865220386,5.0080452091702625,76.34801667648874,9.007770967713189,111.90808875272644
46.7900142352305,0.6320143948468353,741.499834426097,5.1603003557045355,87.36484245014142,8.681843169466148,103.13196831381838
52.02261384764229,0.7005515258038131,782.6130281388695,5.949051125251669,68.68155765107923,10.063148953152146,101.75226684493691
50.026024120383546,0.6036446548152464,894.5209236103632,7.036401950573951,73.19381853777124,9.068018647797532,108.58612434722728
48.586626778928306,0.5788107965307627,817.1520589049292,6.578792844481776,65.48604675469034,10.165100250239657,104.29887469022177
51.880033892931706,0.5493980350306624,755.481291439809,5.324169254002986,79.15564254530797,10.33074134427591,99.80232582026541
35.229547086838224,0.6244119116961724,856.0029777507178,4.733880712480493,72.17634168474423,9.90925464604614,108.22267927237331
50.26908778834629,0.5152843802474975,803.0694496865219,4.773057221778439,75.78672067812376,7.217466943356213,103.6430958458686
47.94974159500704,0.6661133636194387,795.4062073602557,6.565046917217813,72.51879520240144,10.43225374494894,100.93731477490671
40.11444582707985,0.5951435094986707,883.1397009846827,5.331782895639898,76.63749917853647,10.758663798200088,102.26775661784447
43.92105528964575,0.7882525837524096,652.6253342864946,6.3968640988386545,74.08315628326848,8.884214446920492,103.01916145033992
49.552530016518304,0.5737234713657572,696.0428041339516,6.372327109494303,78.86991444170623,9.258236258537472,104.3229762666487
49.69008925342015,0.7038573956529458,787.3713449526098,6.52603679902217,86.35447219927983,9.66453212455111,118.46706751153346
35.61726361555674,0.597992734501493,745.0876303973604,7.186716558309417,84.58364050995799,10.505114095003284,103.99476041958684
54.240109401111106,0.6230502879875327,758.2942435302652,4.946066486045018,85.03054966528782,10.259306848866435,104.00636990690985
43.95622865503487,0.4912278223462718,711.9945121399762,6.455676816931009,72.45071145446153,9.318711423593493,102.34200857641002
47.523874394367716,0.6129728118508357,714.4625893838572,4.502951728391761,83.71050502824292,9.962454063894612,108.05328617541075
45.85116792774357,0.6558107688296269,783.6591806696885,4.454775298187468,56.57514352034741,10.283665598018018,109.53729464245606
52.404991699112216,0.738786204354856,968.8244650556933,6.274621590402933,85.54666502796859,9.404524726150386,106.92172860101597
47.956581631905095,0.7222792586408255,890.9541021405557,6.185499707267571,68.02609236725591,8.874241549035577,96.62109310600819
54.06141044556297,0.7912395663638097,760.5857706706935,6.277055299627866,75.7133034923935,9.348567416636055,104.57467527471019
45.021541326587304,0.6035324587931619,765.4946727071007,6.114094959867618,76.33816510355354,10.413629724813203,106.05364449040871
54.59781629323365,0.6276744154122446,682.1407918072972,5.1046851894898,64.99330918319798,10.11691044082999,107.68520591829775
35.5769474470755,0.6222809075473762,805.6454227747613,6.430498830071798,69.8338587337548,9.972623129568179,106.96300921459449
55.1064802036409,0.7075124794968857,818.2433050476784,5.4062499299584905,85.00330267833799,9.117571801043141,104.69874138264859
55.824334293030795,0.7776676960897,681.2554834435795,5.207355117099594,84.01437081343991,8.709658684262436,109.23391269940812
46.465753942453766,0.5766649564501051,899.479532209583,5.279878134250979,67.99744637774958,10.281685444072668,101.54902222744248
47.53683918430472,0.5938014403042549,735.7096955937438,4.653546805409945,62.95412193655811,8.938689848274615,105.43987564646233
54.76697316157831,0.6926487391140064,767.6417618244931,4.655028650348466,89.62251055904865,9.699077256998471,106.26474480800202
38.30201611712829,0.6193217856444889,883.4827599183023,5.178149289370365,59.71861947931472,9.927735375812448,112.40237891467702
35.87554175398945,0.6360672044536416,781.5329848109636,6.477096538748551,61.16981340728216,8.157483053609461,105.2477020671938
57.07836737825492,0.6565829701335951,841.4635652442875,4.488298937534678,90.3637556223952,9.215187287207534,105.08716010482587
47.821168843329694,0.692209564122627,750.0576505647167,6.852678462933389,83.71925745113757,9.735440166288852,101.59125927824799
42.360790324690136,0.7825647849220648,923.6581341287421,6.015605431230454,87.7802462938346,10.001916306565388,97.53722357844288
52.072285048340774,0.3975918960877944,972.0350877001822,5.850727040715597,92.04591869829311,8.403230108627218,103.1767765380033
53.71643975323393,0.6115736518737067,739.4703947048392,5.848929855074806,87.6349842774156,9.706614106797673,101.95558450266196
53.339504346916016,0.9116654715649024,786.9369596372168,5.515977607959058,67.56716308196056,9.383007384798134,109.02218062396284
46.82241749463348,0.5847095829372777,834.4909926783365,6.239056965267344,78.04696432809543,9.005817003437999,100.45847460987967
50.998450856978046,0.645588943479299,685.7312647582442,5.945919085930627,68.57367279627996,10.510665923198461,106.34253181735322
49.04995895944527,0.7472925298632169,638.1759032072405,5.8635023205392285,76.37355951516113,9.028211804188597,101.51116719379753
54.35498331128341,0.5927529220214554,972.7982785335106,6.795812287234088,91.98153047454895,11.222090961344058,101.90746071096785
48.58014471458894,0.62890318746687,759.2592631149485,7.03722891876507,87.97301628586344,9.35478316787744,106.7715812223447
51.142027871400884,0.6595366685919193,810.4973298602212,6.156075032500247,57.69434685163431,9.774047517935898,93.82839502926942
45.81556375930019,0.6220718121728104,797.3883656430035,6.619755603749478,83.05068574870133,8.819101931298254,106.5553318223213
43.290071249766484,0.645752884189018,724.5400670419751,6.200971631318848,84.65246073414174,10.727779368888982,105.84542241725904
56.76898180527843,0.46716109182964827,889.819675797421,5.906957579269978,71.70443176549614,11.178188973739168,101.57617845170367
41.80663715820708,0.775001437578867,920.5497665643488,6.614491066392154,85.33760788406732,9.358983965801512,111.19560062821468
49.745916973794756,0.6288695216065433,837.7902432873205,4.8655968232019875,72.37425120214954,8.877710374945917,98.52131055193269
54.14156994892457,0.6424324573465138,628.7640481081098,5.7414860582819855,79.70957212237306,10.196635198530398,105.93816757267851
48.61562517309702,0.5657082855712103,761.7278059134385,5.8603820157348485,86.71189314762545,10.776452724384432,112.79377287630778
44.91415055952841,0.7931845597014802,723.8099257510407,5.342291205902558,73.13639866725195,9.102865101073528,102.7573480459204
46.81438073776333,0.660868274599359,768.9658656620453,5.533526276178776,64.87239520507947,10.465611916923544,105.3767157648117
40.79672698465932,0.5751016267740168,771.4090773102126,5.421145513966566,69.12103861809663,10.050291383515715,106.48795600964485
49.84211177739709,0.5795643805917845,845.1375809637684,6.372424431524491,75.07664188223116,11.210652767331368,105.3953323221524
56.23853022878086,0.6593531504044293,804.9558087495194,6.315005854589176,69.27001184493109,9.015186762663273,108.20111701490809
54.00296502259544,0.5028443354362397,839.1932414326216,5.155535727708967,80.50329857941995,8.501770071980287,105.4670367855797
41.15313231560431,0.5627642712773464,826.1657542539866,5.713100244005869,79.74769699630924,9.095624265752825,107.34094126798001
39.93682916787508,0.6518568180330084,703.8423719541445,6.043711936687692,58.39163559936989,8.710587857058174,113.4482625687119
39.77377087777921,0.6899744918228711,820.8357070405567,4.9029814754752445,72.36238682187677,10.539531351393657,103.84005899244525
48.128705130719226,0.5867507967134513,672.5283066668208,6.074322858823078,107.13668950086176,10.181259551852303,98.38642831308874
52.34519994932671,0.8060300531454028,709.5709757422294,4.882517534311748,76.78578490811209,10.648424298581661,109.06626327273165
51.00673519547311,0.647165665748226,869.2292452739426,6.627424132063965,63.68302117296691,8.935761689078852,105.2508657308502
49.51614281176074,0.813237964252311,697.9532638358746,6.034517531381768,65.74754624971268,11.046739403394369,104.74551696975288
44.959809903083205,0.7752403378627397,856.3227164497717,6.510399295321978,83.54037949978593,9.811744665767847,109.57155468782638
46.86036748343977,0.70669267697343,738.5001696450752,6.263834709499791,85.91677154678418,8.865243996748951,113.33878373025195
55.35138639968259,0.7973097405265737,857.4027991364723,4.922688938532884,69.83312415163225,9.947603186949973,99.37361622852617
49.260035505765636,0.7003830090597665,794.4748026354426,5.51868123278818,79.57996209520041,10.328859839525489,104.56364599167945
39.04247949712713,0.7329702094243173,780.0342596560683,5.0837306073153545,65.97812516618677,9.188192864684037,106.89651084029927
60.31486016576924,0.7401713327464283,812.6722867361109,5.121128742086895,74.09966001214266,10.06488521507633,106.53377164766015
57.241024009689,0.6401804345738379,787.661741762472,6.207256508375267,91.09578053843218,9.038664663436041,103.37105290246208
40.49241550264752,0.630289500290686,723.5735685363754,5.52919119790295,76.18260707140999,9.260449706809357,98.62016352511976
43.08263003148879,0.645831029032131,671.0985255401946,5.714509710507209,78.94175227117931,8.828315477309104,103.55298171425733
52.213831548978064,0.7279573787277043,876.1682390944624,5.640322337682139,83.2377234655071,8.880805531651992,103.22749328140536
44.56365563255429,0.5913652650013891,805.8727984873806,5.829296762997287,85.71542262346485,10.655915318373019,103.66785517008597
50.321988291786774,0.5660973520299559,929.7935111389913,5.736198250729837,84.42717420295831,8.904195547496915,105.2186174698669
51.91865332857535,0.634960360847663,874.7756321395702,5.879914146078722,58.919284263917625,9.879990946057383,103.74984221811991
55.931828084706964,0.5878144207343104,662.5841726200379,5.195414378345729,91.19741798438257,8.564336575557785,99.1568933186799
48.49038704891182,0.8268474489263762,818.5410810344267,5.943171187334782,76.553135206536,9.264551559851858,101.94465955460757
50.90627555914852,0.5094181172976279,835.3357087029639,6.223355821631362,79.69849908527968,9.961828204796943,105.9510674008288
43.15331599399008,0.5049533602866888,760.5309996217491,7.141823051359477,90.90987093660583,10.237174046774465,102.86062178178871
58.86929804162173,0.7833032469761714,755.6155182827671,7.053278287611981,61.46613621390172,9.757062526582029,103.22124315623267
43.96967034335053,0.6182149443046902,811.1806832252297,6.4642681520765874,64.61046343344958,7.349575789309709,105.17883222439413
47.14941331204406,0.6618611838040973,819.1744928881975,5.899468653205257,71.0231998373182,9.806974538168303,102.5599872314601
58.679620819365695,0.7997279273462123,755.5783055169877,5.892818246601734,71.67092010053253,10.64463561098401,101.30242610728493
49.930840304466045,0.6701149799675491,801.0745708512759,6.587696847869328,57.50955512924981,8.30968142370858,96.05571880747024
50.687212940539126,0.6684015089158787,718.5854350334872,4.744945430499616,75.45533182804432,8.152382590166656,109.4246641468952
46.18145875921329,0.5467393697614118,706.7471300564646,6.38027419140485,82.69017536132819,9.355436365686986,105.36065785171013
42.98237421609653,0.559742091011333,819.7908084694592,6.478733952402357,78.01881579512023,8.313481172163737,99.23404467304194
52.21746663895084,0.5428873582853406,766.1036461655813,5.610544327440039,72.04204833196178,7.661352391435918,107.92039603208387
46.7823183397561,0.669546805422526,712.535434528173,5.719948338987072,79.8935883468223,9.807719198156335,104.94050727150788
54.766763435925824,0.7192270380488089,826.9139009398119,6.60978909863634,77.23243056793936,7.745787692821195,103.78585955303537
54.624415061985424,0.7613722856567362,911.5697347579047,6.980408286418191,76.54819371800983,9.424229966634014,112.34763089214685
51.70029076098661,0.5043334584197214,634.1464233496049,5.2055325016876814,82.80814378193023,9.267249138120986,109.72765415730488
51.25148742822915,0.5657258769139094,911.4904936220519,6.3223517443638455,83.46555135738399,10.406403487496732,107.44349743316278
46.79881371843338,0.6518128054552328,838.6066847512188,5.933468814793783,85.26226544465491,8.796248432039112,108.54810462267329
49.35084741671286,0.6741812967363375,651.4041647572938,5.815765606515975,82.33522885552938,8.683976944392485,103.21802011394269
48.08427145635658,0.587802009971109,841.2859862669163,4.942635042849506,70.72068110193023,9.022683675360389,99.85749994290784
50.012725649457195,0.7217324033867871,727.2841880908614,4.622232535069761,77.55505455062051,9.864381740336832,105.19869961467906
50.81790199919531,0.5141011067385846,1017.9585314050166,5.182918011478361,67.45319433224873,10.599963532219505,99.99759032566696
53.57293116994526,0.7013552045078866,746.8408701900684,5.208044211931039,68.39868943789668,10.907315332188565,106.85697743812248
43.81620404515739,0.5966026347375817,733.8325080236049,5.686661169218335,79.98403527214292,9.370611171638203,112.68594727550995
50.26442863022836,0.5423860312312032,601.4487269673946,5.80170310832114,76.61281928442853,10.30488436596195,103.86842809574526
53.34924805730233,0.6205910167429867,716.4640325995874,5.762541902773319,88.01098113713506,10.606478347185334,98.31311490493272
49.78924526145316,0.6323204927273289,724.3838314578309,4.6318398994716246,83.79355687554786,9.7863861670471,103.84707284239518
46.349309739038205,0.5060043754833309,692.7082817172662,5.271139782279552,79.56347544850826,10.78848921600576,103.85719631120173
44.6958167384644,0.7163633169265535,928.8834126992376,7.007854107078333,83.38230438687823,8.637660669936725,108.00036099259303
42.79090005198355,0.8353678239339486,888.5837498212798,6.132544297358587,72.53490541028553,11.148255188920556,106.33490401775761
42.341012872251,0.5862723378293652,649.4573159278998,5.3894070840476,69.17404618760493,9.790015064581157,103.07336590925225
54.91372574779392,0.7544056908315415,952.5835335146237,4.372127367794139,83.53697697385677,10.523000627792326,103.1779887214987
57.5937551508095,0.5947625674028533,638.281406729222,6.506648924274626,90.829343484756,9.425309407553552,108.97653475586924
52.23773996239269,0.577546700518618,778.1279224308925,5.853598086759476,75.59179482865044,10.7067917446137,106.96748944478821
47.78108289171403,0.5519452344853555,785.5076851862343,5.465963859738919,80.03643186794632,10.4250880072895,108.57240657667283
45.47054499882857,0.7832168333934599,681.1762419161273,5.605955172047143,92.26185432698858,8.868274631259572,105.97663753082054
36.391672456968685,0.6012351411276988,798.5980585433432,5.149007803699245,102.02867058775064,9.916870399761017,104.02794726370091
49.87703234039599,0.6117576464680763,787.9075348283505,6.136665730553767,92.58101891330199,9.076600642042198,113.64110855218362
39.89497222576031,0.7556859346108363,737.2982869038814,6.784660885078017,81.28478261402861,9.477682561059769,111.45120517656059
43.52047565641258,0.6780763316579158,698.8518502752274,5.276596272588979,78.87002195392571,9.159712124519688,103.31951236941742
48.29434730167552,0.7003838914166906,798.1532120275986,5.20601007921999,64.57853626793722,10.557897332609887,103.18709969677019
48.64591294040099,0.6767006075786446,859.585122818609,6.528932679416983,80.32939741466416,9.860559167220078,107.03554378970185
50.231087803323824,0.5434432363872069,674.4666969871365,6.038262774397611,78.6660491020422,9.84599559200754,103.1235809862196
44.810595587365825,0.5306147048125289,769.0904069946803,7.026812699623351,71.55761516714536,7.840752673351578,103.94197912598901
46.75375082257538,0.6790386942811616,904.9154541124298,4.0966206911547705,72.31383265440644,9.68082717399658,108.7539000270272
57.37492398687989,0.7264887152083137,846.7377036267516,6.101570708518506,78.82455014317236,9.907199886374018,115.7532846759028
46.49813920709996,0.71077870090303,857.9178279424217,6.160553058976221,95.93887028647174,9.433188875959038,104.75027775773842
35.504487540403105,0.6239722779406415,801.4625622883098,6.487837808063638,74.81032305604487,9.819120922923974,109.17466070346826
46.16668971637911,0.6385100772168131,812.9880718449197,5.69199846966267,77.41148466359431,9.67179292955863,109.98898030426182
51.18574926423845,0.6547606707356606,757.5152069108784,6.119460484356238,67.32134905071763,10.898210185429106,109.1835238891058
54.39718723947431,0.6882534099666421,819.9238649586058,5.156837123319371,82.62135314589459,10.207828971620849,101.35578585763065
46.79993799484523,0.6277407929337733,780.4931500092384,6.7385190745587,86.71030631778306,8.71021036608593,96.72809255059634
50.830105009312604,0.7174802112649974,653.3234659275606,5.274217585984395,68.60705446721708,9.71854991709813,109.88994013593715
50.74613717544223,0.5828445178662325,744.7232619701618,5.2895385279822795,78.46139337455502,10.401656543167757,110.4220690889713
50.744923045712376,0.40808334532418844,758.9743484448505,6.923229962821267,64.22112925684023,9.801536336768498,103.44450662540237
43.258669527046955,0.6996704556547461,789.4832053804673,5.746773379328695,83.78686312097828,10.201971827147375,110.18029325384477
44.49900380265985,0.7109691923456094,855.4888313514145,6.960830587777446,65.0621525636152,9.171477059504236,109.9552778678995
53.33925293695412,0.6747670568820924,758.9561442299798,5.7159877366781435,77.14300438112865,8.487663668859618,105.3917244211833
39.5289612708359,0.5919568024483467,840.4381265439663,5.666620628689636,77.38811212501963,9.139037568468941,107.86713011961864
48.89936077604559,0.7596275370978284,800.2910969643202,7.372279054807059,57.9750495934607,9.693602365268408,95.57304817193008
51.245700347264176,0.5593105966997808,581.9816302139488,4.972873275220824,87.29549234194957,8.200112202300339,101.76213691458008
46.231485448315055,0.6581335969637991,802.9051596642571,5.4672960682589204,84.67763149866077,8.268873218279571,111.33829196615679
44.95802549019395,0.4687619631635247,759.534343788979,5.7033928409506816,75.28515187160512,8.281970724636096,109.93559230038429
45.95015538081713,0.7037512316830202,823.2043406633468,5.941195378505293,77.62358477620567,11.427714182285117,102.42071246043756
52.61609144564396,0.46212774112680627,818.1973276182518,5.726934093335359,74.4648100865086,8.773995194460385,108.50264712556549
46.99166966948902,0.6177409559082238,913.1351482277773,5.883796091879707,79.18825046695815,9.694832201649177,106.14458974389643
43.82263377544144,0.6133518199955909,741.8967659799886,4.868102209408659,79.48261331104175,9.148062918985916,113.10368973030154
35.49062455077801,0.7163813848526118,790.1352092043038,6.440073065808195,81.55295830074529,11.20714791260583,92.79094824135424
46.70951491303557,0.7144644705171578,852.0510267152836,6.972264254323747,85.67126643567936,9.676649114352843,115.2662642717254
46.925186617155425,0.7989738151290184,668.1633402912659,5.583671851264218,77.87485642705188,9.01015875948446,100.97718145759276
55.792455916040986,0.7025354530213506,786.5104064371804,5.101690648560403,60.56693343252853,8.191487511259336,116.28891879916846
45.79887148273137,0.7475786254281598,847.8620584250439,5.735592874937321,88.06334203474084,9.00151395656627,101.33074387687367
45.19851943603951,0.7909414524160175,862.2618905938912,6.08479391897819,80.10521597704367,9.84286046749378,99.45932443673247
46.289985168642076,0.7161782918615032,795.4510144504901,5.283392873592522,92.97447255942967,9.256808629602542,107.36866214594608
44.37395783346098,0.6860714601395107,757.7395545805507,6.836413533677869,67.1050723713662,10.597414031205904,105.08117503437866
46.5998035025402,0.6355560161972229,704.2597401983523,6.121948277514158,84.92893392838008,8.21487875126549,113.97246146542358
48.24548372676033,0.756871457632332,737.9321058141904,4.742038209004024,73.58957099113647,10.130869059056886,110.46897180439736
45.93169029182036,0.5445836656294192,670.7125649853467,5.402017347624058,84.47275945709497,9.61267017590846,102.53912555456441
46.611178463204425,0.5751871062123796,625.6798098018626,5.643874507295534,65.08280846400656,11.045538481218419,112.33389014640325
49.364022260177016,0.6746371774882749,875.0529869493705,6.348291249427055,70.12131701076555,10.212284643776059,99.98904326057699
50.36797349732539,0.6580532041486733,858.2679351105629,6.378379277050649,84.00682814211603,7.984669080109899,106.40830757406147
48.46618678153427,0.6100847016516007,638.1558391067776,5.713699041896633,75.37333534207038,9.180476215348628,102.00704755378925
34.656155296223695,0.8391478019956862,811.3207775735345,5.570214255407606,96.31935558799587,9.73791520022045,101.46332799297545
49.72891455916191,0.7688230344165212,775.8169561609968,6.20055893466709,71.5850152521023,10.83325622521387,99.19263019004829
50.00375443686372,0.5343425352072981,697.4590568068994,5.38484903756024,71.07997656040035,10.50010250951862,104.17180030428545
47.56878707741941,0.3620497956085004,808.6022078397301,5.519551397770027,77.91217746901249,9.487795250592333,95.87432714920449
41.52716924680725,0.7259997655704729,638.8548549332049,6.648555474091735,81.64895276218991,8.544530594951715,98.63717085833207
37.41296849324759,0.6696673379007303,668.7379330823869,6.261893388595461,74.49383119237775,9.893743255781791,109.08826095506731
51.96879822473013,0.6794427895631541,799.6696897328218,5.808237709769357,72.85198133762266,9.229042236684514,114.73510731290747
42.16427711914312,0.9193988804949879,829.5496560225304,7.052846345423848,93.60645262792085,9.671638530104701,104.31953481389152
52.47560857697732,0.7864912824974719,721.8456651444009,6.117797518420994,61.98534405363971,8.770876540277914,104.29255286171245
41.9512573965886,0.7190118799347465,829.1248464618842,6.734207255465202,80.02783087293838,9.111156937080526,113.59289875219658
44.422484925835676,0.7608079057041814,745.7824308164523,5.35102717047307,69.7295089930144,8.491308106215639,99.31413813363824
40.77640866824665,0.6791455116086212,776.0012868751506,5.3662088218176365,80.91181375497519,10.457725611775563,103.317660545689
50.857957151101175,0.5458459113520244,686.5678093151395,6.504588595729119,65.68711900023355,8.799323575038104,109.2569122314459
45.678763701445064,0.7466064550804424,693.1872711567684,5.658373095075632,64.45066297550774,10.30163507516253,103.79176211534794
56.626450934106614,0.4690353994933508,839.6145185723816,5.151238850721486,92.03149235624596,9.208694630498263,106.40897346908328
56.74742731970312,0.619662730582691,780.3005408153165,6.117559839689418,93.09384680513341,7.7850150335615504,105.5736237336283
48.307157900535586,0.37352136522868584,700.021420285486,7.067852389698167,62.603694313896895,9.183763159358547,108.56578316055746
51.92348072642242,0.6711080593132062,801.2473785832464,6.648435314395732,68.8477860282363,10.159548685638768,111.6339425219092
55.67308184176083,0.5532155146969606,793.5730128942399,6.030411808362525,84.30506812810532,9.287538630137549,101.20462088258981
46.7864615698984,0.5962631316693794,796.1519766112515,5.299200240754079,91.19081856847396,8.683566546609123,93.6724296261569
44.46098027876096,0.6873859255571064,780.7505906230517,6.632689526917309,87.42214789674404,10.468109763599386,118.24768864683321
50.37302624662518,0.5813768652270531,756.0432319264307,4.915936536111215,84.5786887837106,10.089350158532111,106.95135147403967
48.630939253254,0.6473141069613374,681.7832587569956,5.892371868489998,86.56110451009096,7.618801862516565,105.48735118729218
52.37215978411396,0.5830096391176685,647.1917221406746,5.7213667438044755,77.33808581943603,9.344057293064912,101.45886525676441
50.93996137039566,0.5700099760279801,859.1347597147497,4.39606689461735,80.51980627623557,8.890170222995268,105.11374921754506
52.382512391907454,0.547168502324974,746.0567760517819,5.246317468737575,78.30383374675154,9.094993966614336,106.84835778794148
52.5628423748633,0.6851835103641524,802.0424848280687,6.802773896494634,54.239117271348164,9.064956719074887,104.84947197132429
48.506680491206716,0.7997306235362708,668.6661373562769,5.776048770607117,62.21172048480366,9.718015467839617,110.52720162404118
54.2751849972977,0.6784378004965705,757.9739097247041,5.1759143933203795,82.7610075391108,9.246503858276347,107.28347699638273
44.31454773648721,0.706443320035575,796.6997620937252,6.01476204896991,83.6312993166477,9.059490444971484,103.63388793892604
38.00847685029037,0.6251314403309087,726.4154188519556,6.091295648684046,77.5613680743885,10.923583453236999,114.76642799392255
43.25908223956106,0.518786733400581,913.3518754394024,5.123335451697839,72.387030858441,8.43625473068893,97.25678551474228
51.23286038873774,0.6260212645659317,653.9882740855311,3.9399700038177365,79.45297632268233,8.972014849619594,106.34064051554563
35.84957540500692,0.5683018373605216,765.0366503938259,5.361638581185899,82.63560015877412,12.261007788950312,107.60054134190523
57.80515431486381,0.599922594456982,656.0801326885669,7.046322565236757,76.89738697634614,8.53723232919885,102.39575910730137
42.25047435475799,0.7502035614815029,747.2588034457294,5.808438293993055,79.0980807944184,9.185304332553969,106.93032848080534
47.48611379212576,0.7599954797793946,674.8179702505889,5.777847024191863,94.95838804297898,8.387887724046026,104.26990580918155
45.10218184996906,0.8472039243599122,646.000982055499,3.70754547493405,82.94034756577537,9.702981190511068,100.59603448347804
44.82439262188707,0.812275687509159,737.8525337006059,4.96153637952123,97.14252322740514,9.731085874593548,105.75894800036872
41.109345418062944,0.46831921681727884,716.4470505011753,6.099901062424745,90.4891372282437,8.671321395044101,107.75876233432552
49.86277067021713,0.6152583169966235,782.6800926320267,4.892300596773024,89.57204439328538,9.482036604733992,109.37465992187558
49.37004464129927,0.7033800587486256,625.7397181404249,6.108447478042444,77.0775066722738,9.959524141195509,102.86086747750004
48.349849371247885,0.5633912020320457,820.5128133113911,5.399087343302121,83.89319943503997,10.381324858687217,101.27513761093994
42.0330932560476,0.6154142838902893,759.3703248932798,5.418987220329596,79.63857168018198,8.295741661920877,109.98672778773766
59.43697091802335,0.9051387870202751,828.7680702362777,6.4490097678161336,77.97042027362299,10.348653685845568,101.79211344739569
46.860815061419295,0.6299209684989246,713.5514817889637,5.263152558138096,77.17033517367341,9.76099968573068,104.87263880988931
47.35516463907053,0.591431742592494,744.3149134325164,6.091049015557099,70.93877378406405,9.298183353594808,100.5579538843432
45.05741209848263,0.43485739433757253,885.739594907443,7.773026947470266,101.50392974871879,10.612600126105603,101.31788277853175
50.84080311475834,0.7028171049152334,885.4502257425664,5.407739433654055,75.81111303649332,8.550335911346583,107.37478239507875
48.56676424507766,0.8123180627399034,810.1262275947007,4.8778325010594505,70.5049955030607,10.048252198211594,91.63379366843463
44.455756616763765,0.6444398455152953,842.5050671769569,6.383186531883678,65.25554018775944,11.067521244535907,90.75922070218392
42.13202251265484,0.7587347422231083,886.7152433353829,5.781343385254939,84.65905540087005,9.393360249076666,104.19871631107061
45.66826434971219,0.7336499941054326,754.8554056672015,5.082642776429065,75.7262647708765,9.23465548389242,100.93575869948499
46.14810894850409,0.5195470046857795,655.2125502983645,5.692174452694049,76.67511998260373,8.80892468181123,107.01299688698337
51.454660428018435,0.6866442881542277,758.9045862890727,5.6937827065689826,77.11123130024829,10.21848941347365,98.9172079310748
48.182060800776114,0.8009459855201244,757.1662744893877,6.052853582953375,96.14575074987789,8.412287290946955,105.11241603494736
45.995434002509064,0.7602518469106888,646.0079818839966,6.069428542555533,71.56583717383582,9.826943170536818,97.72523572027086
53.693916623434546,0.6156438894567509,741.2446521563696,6.145971871591071,94.57811870473482,9.589113962822895,105.64690044056093
46.50876864525004,0.5533280137814347,739.9676193920552,4.325004689158145,74.02776455703899,9.836466728377868,113.02288033207105
48.51529784641014,0.7028277284849649,859.7372466958808,5.8203526547684,97.88615583254852,8.471937610328943,98.99307208648924
52.84235386054268,0.6129837682931292,779.2648398122229,6.1813723639756795,71.69841238247132,9.901673891000188,101.40988338736803
51.38267601209214,0.5942367279544293,720.3013976872087,4.6409861199878355,75.77549304755625,7.78925986598775,103.47244002576036
44.33398583648198,0.6194150891129967,626.8463161348518,5.36856757072587,89.60174701889824,9.199799943124152,103.35011463172444
49.37936798791078,0.639323143428676,772.0168622332492,6.620112606441597,73.64477238135332,8.847347478035854,103.15928489537814
42.26223549657955,0.592235944903977,797.5664938671965,6.519685690685531,88.02539841371099,9.663195771511235,99.92547035893368
38.06254130920783,0.7066317596553648,815.5470674998362,5.608110109629763,84.27980766097157,9.13366061906678,107.01174727881414
41.73511229358792,0.7221964332108053,859.4572504956608,4.94983981082068,80.43738976892143,9.574177094030004,110.62083232010606
44.5025558767726,0.6732561152020462,677.6205745005082,5.786602135582937,83.48822537077332,8.337966605782663,110.69986715331449
64.24428255784721,0.7241915673872596,803.2349453062573,5.102151613643197,69.33138981199778,9.679348822469517,107.05349004237925
52.473052370749514,0.5590022801922511,682.6815311269065,5.8878206115420975,69.98459770316173,10.053463881417304,97.91202089792942
47.3142451660171,0.6576733617268409,714.7387731578575,6.2694743855029405,84.70986876532994,9.629439221105544,110.0016515821585
53.68303860787393,0.6460025202542119,831.3920346598196,5.428811058400777,78.95629860249326,8.536279731902326,97.82833551129482
58.73915538155576,0.48346806490097394,1000.9995268974417,6.918623240446648,61.01434355316485,10.004403410674636,104.49977574959796
43.62006813016543,0.7323295202217958,809.2769244700961,4.701985725178298,92.91633023471914,10.45635590678636,109.38169092078522
48.35905956198471,0.7636505747484302,902.3433137005944,5.195769437147537,95.60417410708435,9.767797031561456,102.5086060533716
44.38229099844087,0.4686553598538363,760.343807114592,5.884077703356162,80.6999465641798,9.499204644568426,103.9740361809462
56.28160908656882,0.6741019566011172,791.4024016064251,6.19104316218624,72.96703704381908,10.088934319411312,111.16695104624998
47.67864182755521,0.6726486810754332,736.9809501481236,4.7017630984069925,75.30326582099765,9.061074162673806,104.75363286914184
45.10172482453928,0.8945563872323268,683.3100535207666,5.802839445682329,88.75820207665936,8.84754130379303,103.4872809632971
51.2009494096703,0.6712108451632092,738.0813786647844,5.127100135868748,77.68773962991101,10.478447821396925,97.0952288297659
46.60104713710621,0.572408297595352,807.3747028127975,6.491859149551554,95.03999969970234,8.956836446827925,108.48775524544871
58.7988827536253,0.6363938360349511,888.2590131680486,5.215785992729252,62.74024374003945,10.281005469045246,107.86033578937577
41.877800529502494,0.8418269506499032,808.0901235273196,7.327866343175358,82.73922435686406,9.51817603765042,106.93366572793852
48.51378031676091,0.6458612599024108,834.8649894858366,5.249629720564059,83.44223046615005,8.975806080993463,112.13573255962791
38.53929134168744,0.8478562812795355,809.4282405748763,5.450694029680935,72.73061518054571,9.163846371744297,104.3676755470516
48.933199641380725,0.7060729267762669,783.7670528494956,5.507352563558306,73.74746920051705,9.641535514605973,109.3140100433816
50.77790781061111,0.9844980230583136,829.2561012469665,5.574998994084759,102.81257176868428,9.720862438523715,100.26124788662959
46.673575896466524,0.5847927738757313,684.6753897087491,5.126755201810871,91.8219065966762,9.07657790805705,107.38669733582509
53.273027971161525,0.5853041732399998,907.95883796936,6.058121434788013,65.81353429133333,9.935136415266582,107.14617676229707
50.38834073431673,0.7216066501379907,749.5263287021277,5.561169515793293,70.3121770363356,8.629760169552002,108.93575351300542
49.25518776831199,0.5953071659558175,692.1301589626651,6.453100108953184,68.09844877623877,10.728761695756624,108.84569920821187
44.902762448530716,0.7688242696606907,695.3944117643036,5.293393000016031,84.68685063154722,9.585343802426276,108.23588723929875
49.27178344447788,0.7377797164121128,793.4794394349665,6.093815313379101,80.27614775765758,11.405523771266228,110.61821380481466
44.36166127228986,0.7966686751933827,690.4641030084288,6.185103934321221,75.60536221981886,8.42686012868168,99.41222402264458
50.74026045454079,0.5733354778037124,624.4324958707766,4.964001132860621,81.97500116323383,8.7584176621303,104.96348355519333
46.52415470105691,0.547327135550717,769.3201851436287,7.114542913400173,77.50972813293802,9.666177780390436,109.06205471829135
53.1688190977426,0.5630748891595944,862.1337742984985,6.0929998808572785,88.56865664686288,8.642962141925231,104.21563636970308
41.86415014863899,0.7091173828627655,738.0204992644204,5.800069253814902,50.905516156996725,10.294600023825296,106.47103098301169
43.40844961847989,0.6517392960029578,734.2670648389849,6.041227984912964,71.9375371568217,8.799167246685693,98.82201679523283
44.39650440472838,0.5724576374949506,814.4356233951036,6.177241775050865,76.54577427438815,8.140133125270028,108.06641318968421
46.23091790210964,0.5949897825177031,754.5174074509154,5.399845642072685,76.10247306907836,9.599146333457554,105.24467727841102
51.62131188646513,0.7479636144189794,804.1192410375115,5.822311216817203,78.96367132238328,10.060091863970444,100.62696735192016
48.97991797778529,0.5281454570929077,732.3055376109497,5.5191104264504105,85.73308957228315,9.440667899269421,95.52361051156514
43.45337994196665,0.6257917990111098,950.8324031924242,5.935488001577066,88.72961630315496,8.228208547175605,105.96163391542201
47.99986781094461,0.5314584628443582,732.0994381140213,5.744610846084342,73.07524038781177,8.79438728138596,103.8292519427145
35.60704810131793,0.47766164917643317,707.7741454344624,5.429180500022667,59.205257994023256,10.195472945656752,103.9827278193582
45.48207357665679,0.5995000436557555,895.2201120818638,6.408148144167023,78.9242464958431,8.275483598188679,109.30577741955538
45.229133664681854,0.41280610192217737,699.7916819430167,5.913335695126667,77.84515307283716,10.03253761529222,107.55189328746933
49.95596235878191,0.7149560356635476,781.7370001168935,5.400799887848616,76.97873078889387,8.202228026734502,103.73298647310232
55.19094329422987,0.6714089994942025,825.9276492842574,6.725911794324998,74.54821736288221,9.229921900496418,102.12238183080959
50.530166379424045,0.6013555876938479,744.8534507219337,4.740201189307492,85.06731367535336,10.394827468678375,106.57676789952079
47.015237454012315,0.6593266362941824,730.0862118512766,7.211583543622893,73.31738781711522,8.587276990446494,101.5648338016863
49.13829502097079,0.765635125528289,663.3064924660322,5.832851396019905,84.78127520761521,9.817423607019133,99.79470743943956
43.72366196841595,0.5657509246308614,774.4924556376303,5.344315177105783,76.40989275012069,10.448112760124198,96.02502171228413
56.175105993146715,0.6517583496208483,816.1350194246002,4.908706720250822,66.809069912103,8.622148369996289,109.61822921309326
46.9032545298913,0.6696793974301634,775.1422319747091,4.637289317009899,78.95118316584147,9.842619602437425,105.2704555917626
39.455705793398025,0.5841193737204744,653.6436633639628,5.573720311890027,74.00972709443603,8.990600518473354,102.56156225644582
45.97929201081566,0.5334291534474394,844.7326170118358,5.878907364522293,79.1153736156135,10.802855865807215,105.4115658230735
50.452405775718404,0.3350234089987337,872.5515203524222,5.046341771598935,71.49897536831826,8.645425051750149,111.45225425826241
49.507291368971316,0.47127651132816345,727.5578880447625,6.731241762419667,83.38930894662624,9.841108869830821,100.87971744948648
49.35107625946006,0.6267109303733212,567.2515299134562,4.841057710197549,81.37416374864209,9.18498590484418,106.9418182709233
46.78944671782619,0.689071155964598,836.7252394878521,6.876293920322688,82.5913939469418,10.052517141137626,104.4160154877748
47.58664935726826,0.5432177721541392,744.4005158879719,5.752256198524744,93.73922964755835,10.549817787957052,99.15026269900106
46.0994494442855,0.6596296355012455,703.3902494621825,5.744923748780829,75.05932875487059,8.73749917591512,106.8728386310961
52.40048062164068,0.690344088243994,794.15966792382,5.077968064993056,74.0688416881133,9.100854491883641,110.41779486194032
51.13043102086393,0.7280822012396451,793.9689038774218,6.24648412747657,66.35626311359736,8.754100971511132,106.4385544931318
53.653887805018314,0.515743780233132,799.5506867693309,6.09875562071069,59.084820744058774,9.166139771993977,99.8571492093255
44.97660255965027,0.5777955998212483,993.6640197801456,5.1607732913838165,79.96513114633551,9.452870880681727,101.18449282921172
44.74566273536621,0.6589181758575631,986.1507762992123,5.551503609061836,85.19586085928523,7.490382597442876,108.43076740919284
44.305773629659356,0.7006443195195682,884.9095027917668,5.931841275528785,96.66564227915906,9.955275318340469,106.63657190917914
50.69311959402785,0.7491242185315321,699.0965674908986,6.563110214423208,81.96686667319625,9.054800791986334,110.61965706566963
45.84116384468276,0.5695149532560412,812.7115775311254,7.172616071976877,88.12878896396164,9.427482605481257,98.92845641623437
49.63367678538836,0.6380110341794396,822.2101002477299,5.71803788902876,55.94029256255223,9.285657010460037,107.4308844004282
50.342287234373565,0.5367653530275226,822.84489722106,5.578979442369453,73.85236801493609,10.383252657579156,109.906719102857
38.93883036967342,0.6880727094662668,809.2984160963563,6.286305921163732,82.01416925049921,9.786024327307391,97.06638251286418
45.234985034179786,0.7098916871933219,772.050213586699,6.442388453926477,80.30572585150688,9.162251928937687,109.07692853544181
50.34783443718201,0.5600563317967682,773.5400665846904,5.402735478418448,53.60254824612254,8.920112333450783,105.6329509300187
46.09589938883994,0.5480961702925262,731.4466462144237,5.276192419504785,74.01152555923801,9.524365335204957,110.36785127070715
44.510060532441344,0.6734764267232163,711.4976572804296,5.969324228873857,77.41793479326462,8.37838868298698,99.96521597637812
47.567633233742,0.7245629394733818,739.7160042713476,5.547738803733357,73.80304160093499,8.27641914096017,99.75256760347082
47.55312301014459,0.6674790502280393,815.7926901963023,5.48255494743725,71.1536209206578,9.142747690035804,116.11569475019152
53.53917121499319,0.7551761194207313,762.8613934195513,6.7190830684305425,72.80201149386018,10.854615917169468,114.27702862364157
44.718154597837994,0.40143108221224966,860.5840266087314,4.659268133083568,91.71939161115309,10.795918237253915,102.11132950421408
47.798684081907965,0.606866116936154,777.3526000143047,5.426983117351439,95.79234077334581,9.247049374902943,101.02852427458971
44.627413258654656,0.8616759812946747,822.2768862242511,6.381173128311539,70.80678712215811,9.364495525343017,98.15174413214069
47.24394804974866,0.6206723554958545,793.7823245617155,5.029490728436112,90.7037314310801,8.293850449028412,100.12360621421507
45.56342776926439,0.5532071644229684,836.1569887472978,4.501560516166043,82.90156805000635,9.6199759041279,101.65563371962065
50.891019297205645,0.5778132299374231,831.3943191788744,7.172129717919993,84.43686692420208,9.591269402717597,101.63990747013273
44.37141986279175,0.6118191669830284,832.306940389489,6.908001628012272,75.26850147356988,9.709373906867393,106.72858526487458
48.66886105228653,0.7557930316238359,773.2274591149281,5.804675060760692,80.80560769206035,11.112967615048012,108.36510925055246
44.58416805015364,0.5144788702747424,878.1123276837445,5.694436628612238,89.03115907968494,10.439678732039596,104.37120886983321
54.736648425011296,0.6569221928611944,782.0151094221621,6.2819062819852824,72.81265159667848,9.254391632794245,101.34340460415731
48.10965997383309,0.8172553085351046,740.3848320702182,5.6655482296556645,76.02339171917336,8.316158578395582,105.13196640961681
40.67544360119662,0.5793191346209008,736.0545270702466,5.843249159300224,78.0876881737966,8.801485691031672,103.51890019166746
43.712697401498595,0.586531004843211,770.9998062199618,6.891400016768136,80.3667728789962,10.24605776732188,96.50254541142974
42.94956219427353,0.5628367824435296,830.0222505235056,6.994458044718976,86.43591084602787,10.039158024893421,103.25199573268056
43.651428903615944,0.6408851531930879,785.520803320086,6.21120368358992,70.37153619197763,9.247436744943448,105.89869261077041
50.67687478190328,0.6209806497943481,697.0011708109967,5.345432308449481,85.96531473011703,9.4627856123239,99.40633347987982
48.503470785821214,0.5877993809344068,830.6279231832443,6.536818124681036,90.6731186978463,9.39903030611209,110.95062294657066
49.232341661536104,0.8288829395303029,785.67580064683,6.166018877994737,93.38133604084751,7.897380791098933,105.77202732827037
44.211619738914735,0.6336295562268536,881.9004732517794,6.6826233826327295,68.21728198705172,10.377607406666215,102.6378319757374
45.823014598500244,0.7607857666614083,731.4451452696262,5.946570131193419,95.89523268174494,9.217937957740213,111.01802621279353
47.23751064095973,0.7167020036218759,821.7368030233865,5.787379205866536,90.13942404922557,8.955115633114076,105.9969625774915
46.25802928103142,0.5930625241754247,895.5223678530122,5.852258923339035,91.07928090237743,9.352114710363027,100.83267313145448
48.10720566513617,0.5673688047151088,826.9490026688126,5.84523418879484,95.08463131358381,8.821765084706955,104.79223732918409
49.01727301210344,0.7448868483450155,762.8234058575493,5.288571641360785,75.47659367044669,8.747363429917874,103.00529288198173
48.11473051964811,0.5452953376177114,693.2643693967075,6.015093936271052,89.67228326960475,11.139665267995815,105.71778485931424
38.580090742122714,0.7764738965645965,753.6334076151868,5.5487533317181725,77.68260803634907,10.912594848969158,107.52402742936745
48.68178852036836,0.5066573273677908,760.5630670704122,5.7392566052870775,88.00090460707541,10.074967551033723,102.28385106400611
42.13129994377039,0.568361610036981,754.2661602441508,7.623004279067905,67.01363871688817,9.698167989321572,102.34214775224463
48.498820095276216,0.7174192846394725,857.2430946112642,5.968458926063656,77.61654438154505,9.374677815476524,105.32178711772053
40.495205758714334,0.37671157439633335,756.4764284747505,6.359790829813236,64.69732320009275,8.961079544802317,100.08191624647918
33.002738236952354,0.7948005304451113,866.1123023730979,5.367966460784365,64.60952215214486,9.025191960979285,105.14977306174359
47.13119655002005,0.7914569408719472,686.4910550013427,5.913993358229934,82.94910368875955,9.243534529071036,100.07902187749124
49.22332837902137,0.6284559227907773,902.3968459698558,4.84481605703341,82.96161195161167,7.814085225423547,103.00887466348729
49.157174079019626,0.5956851583284059,734.608991195956,5.237713267436305,61.61199442248512,10.238625509642238,100.45599047918017
51.0830996288402,0.7021368318474673,942.2326217369737,6.095871469866556,74.51658870253651,9.844935351038181,105.11811259951213
39.18452338309025,0.5466732025068421,701.8049646448682,5.5520677414897825,85.0901484561908,10.05931017995135,98.95480877337765
44.33354002508654,0.5579301717618737,712.3194096498448,6.385229051390502,72.52042270844211,9.392834419467274,108.92363830255292
44.488189401326885,0.5717644836702537,725.6581073677319,6.507095746530964,79.34573262216729,9.710730752088466,106.05083217855669
42.17387142143484,0.5708290743372157,812.8731722531855,6.432234700948211,67.96796691737109,7.785664042136764,99.4129195520112
45.98319860823366,0.9803036885269005,621.1515462351026,6.646495536577483,70.88301980590184,8.458178432630602,103.18963266029296
51.464847767415534,0.6093463738787172,813.368195512217,5.797443048507455,64.97018963635946,9.435869759384081,116.55538071837614
49.86675845661315,0.6298667407716907,992.7107435629182,5.266290427796681,87.00796856170862,10.875207938783149,104.62071846235251
50.75651384925496,0.7836760046291473,790.9173883015211,4.799649747531264,75.67945765332801,8.708346617334108,106.52614048004875
53.31465362952838,0.5902778309243031,850.2695513200877,5.428157807513985,85.13557096173878,8.570639995729339,111.9342004084529
46.41396660879815,0.6045100041094063,700.8625904239045,6.632371456515845,79.74937764223678,11.253891108714845,104.55403559826254
45.54800251571682,0.661319016276224,777.580802701915,4.262316179786364,71.00794570008858,8.798364291476444,101.45730581578235
33.727249306153126,0.5551348590549359,795.9146446726248,5.564887447250516,77.016867795726,9.168772208094204,106.09910977671498
39.956891909005,0.730517291608158,896.6182505884417,5.734549915564366,92.06281458335629,9.841772215429087,99.32835054986886
40.73964236831646,0.40019974792344504,753.1412042740805,4.500412405751403,77.32903782646723,9.578712075685523,109.48575985293972
48.85229247311016,0.6121749562401468,1007.9104001952849,5.83288390152224,97.0782228191886,10.22343811564415,109.05549022009414
44.85848267777221,0.6474887097922457,818.2019636024468,6.6773822634271705,76.78694644833712,8.6897407235681,103.04237691647307
48.34207842747376,0.6750107064774524,779.6380020084341,5.867818856673914,80.81948005886656,8.710833950644709,114.65867812817748
46.53685060735776,0.5619253191436795,741.1515463363094,6.23118167117372,80.29080265802038,7.889498160550725,107.00213917787723
46.358717570171564,0.6721517418745973,726.3463293970184,5.440348773909277,81.56950498640501,8.631375866407174,111.48386555804544
59.40965980984259,0.6465231570710307,735.7239638034449,6.247516348284842,71.93822088290521,9.753038029052139,107.91696283125178
43.98373785229232,0.7369659842079543,723.676926331885,5.366552151309895,88.96826278801642,9.981920907488776,98.0234222716059
53.21949881874984,0.8164472328325003,803.2673704224712,6.069619383838524,74.70372317624779,8.71447333697614,106.56072213182676
50.45211241314751,0.6752060549292298,721.7884211152841,6.24764044338528,80.32045665119342,10.021223747191918,106.9420001556454
44.49039048132177,0.6313952445764721,689.9691651543707,6.566596736743667,84.28004311877406,9.83534443802821,102.51468423518227
46.88929094897845,0.8097454084729316,859.6606724899021,5.20642091767388,77.64598051517706,9.895130355896095,103.59689013619018
40.83750761865358,0.6071894142532054,701.4189708707747,6.9681893673466355,75.69484364450119,8.739741004234991,106.62964100080809
51.68194390315308,0.6845355237091949,665.8142481121465,6.00598127580934,74.444935264441,9.24170003698001,103.66160946078956
42.161967767086374,0.7660130354043755,744.3944942257848,5.650992109647494,74.2200124541202,9.776276324019184,106.11654106369376
44.2990044473636,0.5218976842890718,812.892845484869,5.800549267368374,86.00432589625687,8.79927816003799,99.49136457862598
48.521815146717756,0.5042308539805025,784.2351028120812,6.735332028155343,83.00684137168533,8.858168793160957,109.94663727579047
48.44920484103555,0.693350449759216,736.9263464522332,7.234194679257378,86.04003930352772,9.14608961468857,107.69166493948813
52.74282993991913,0.7097529055650823,677.6601161621426,5.982662287240881,82.22737432278825,9.539444548056348,102.20157852278325
47.35800869941807,0.7056419784736329,751.5371300395145,5.479554404389901,60.71374040554845,10.456348362871946,108.3826078078877
42.3690383478885,0.6635382107467868,759.9048567489443,6.215205227238603,68.43838238851524,10.024439629261739,103.3036473142104
49.04332043065133,0.68337442110527,811.7824182352234,6.778312470765578,85.1647622763938,10.523800983992686,99.3416567237398
53.69338650894201,0.5787434866566717,787.7249045160652,5.073620397635389,72.5521340032625,9.390666568070296,103.67910126896764
52.38213787107142,0.7428487416512302,789.6747927982035,5.678132086799213,81.26777997472038,9.425016998869454,93.93204481542112
40.15189930049326,0.449922568469756,705.5429031221155,5.182008874325703,78.40741514096185,9.254158960396278,100.29833389311834
44.137828891029265,0.4753136005616188,784.572123838775,6.043968942540796,54.966454537135675,9.832114420118046,101.31520577282305
50.369396976972446,0.8197246193748737,1006.4053963226299,6.157945590352615,74.3880831401896,9.838452881163677,96.37380117184739
51.18500726894885,0.7239876139839267,854.2235978280377,5.848700039520861,78.89467546202218,10.498375876938374,113.4381382313477
56.07226446155921,0.8444252956944367,849.4985916997026,5.949639137994909,82.49128045895081,9.616755330231182,102.03955049693026
51.96212144803251,0.7707320896033697,754.873149486061,5.853515377090837,70.68807090918223,9.679287583622752,102.08060032714445
49.79693393955029,0.6234043123726398,766.3827537638872,5.819941729175268,84.10988131579073,9.582221758501987,104.27288208686834
45.56817094686103,0.6805083887143333,923.4822804055684,5.230355271354608,64.25090564000271,9.549232104188178,103.09042329699169
44.01528170653887,0.8300592434249163,917.9125768092495,4.7258862091335665,78.84688419882205,8.855752413725778,114.94812097709902
53.911316491977416,0.6221219655210207,770.4490858001816,5.812172162879873,78.8743333353925,8.959157816477267,110.932077393423
52.58284567755098,0.8392118223681266,923.6578769143014,4.957536965055779,64.48497594738667,10.2243455267226,102.76063338900433
50.120456260826764,0.6548995885949588,850.6033152122467,6.391801126477919,84.67041624483551,9.948086835164288,92.07584744291641
54.949737444481805,0.7386945246047989,711.4956039439028,5.675570487766354,90.89177621644626,9.493746070301249,104.6948168601481
45.552075149507395,0.6699267343781867,909.0712855111583,6.8047040771059635,75.39770746190901,9.426772266597695,111.98111888092119
44.19664771314941,0.5167128827315973,839.8927040492662,5.012671117622857,75.88791003112846,8.506595248152788,92.67485057086044
53.88778389561403,0.5618751282085073,781.9340613555697,7.366184354573516,73.46077276634232,8.909253710044892,106.91062818733701
52.87610479328252,0.8144640865699416,794.180559208711,5.971670455002174,75.89468576211928,8.959749460270624,105.4085740775417
51.70854331002622,0.715116575952906,764.6885378912178,6.214605489894394,78.85226608603345,9.887131827220376,102.61757491879818
44.30108019664168,0.419523054016951,751.7419390167832,4.776447868957105,86.45103426755902,9.41455316424079,111.77926681973199
47.8264501358117,0.6865351026219229,676.5560237000806,6.208410870763432,78.91555604811717,9.400378287006957,94.46275912095102
50.57608482233316,0.5729032009184096,848.5080981082897,5.731000953642254,76.25351264221102,8.565720825979634,100.31701160637715
45.85924243654345,0.9026579549296287,846.6627583616925,6.635285466260951,94.16696229267626,9.690041905313208,113.38077369109894
43.61193718613806,0.6462813570513245,688.5817036274968,7.130788381900516,84.79382297454774,9.283325391207901,109.63496383811972
48.284701653048344,0.6092657609990331,816.1023457937929,5.810457531777452,66.55753569166788,10.480667005451316,108.34530410509622
44.418112428735334,0.6864964762723924,857.9735518588451,6.404942389984203,78.10222032913825,9.448617181703975,102.94194543487879
52.25090547456227,0.7241761454265534,802.7552217071573,7.212883993024192,78.85998460045666,9.184033573565412,102.61156229696148
41.826688359853705,0.6080666538829128,864.102086769114,6.382780692944221,58.463834597328805,9.32688816640138,99.79134294793236
48.125652453512956,0.7266730170276725,681.666246098439,6.293463796388177,69.97483827328665,9.846879151727112,101.20161457588051
43.425492451238306,0.6023099716813793,772.5842914440135,4.753261025655222,69.08742355201396,9.590808998415437,101.19697243362356
42.28570863146077,0.6083930492170353,832.3486968801972,5.049952340551575,65.87058436434299,9.340771400278044,94.8010191220785
46.07353754804858,0.80171663096566,900.6333431939875,6.696143041815285,82.28453400822383,10.526502095466467,116.44183982315661
39.56144955844291,0.6929831088535686,879.774043384786,5.454995214285275,76.90850470958411,10.024123340488183,102.24002414648982
44.785572895858685,0.7552219216194047,802.561377137599,6.752443434082421,81.92076643474161,9.823181095368904,101.6289156549372
38.97966790046847,0.595401367548039,753.5824912533351,6.280905552074895,72.18009424019338,9.605178770139025,110.61713186521949
45.0147434218856,0.6621381721141449,740.2600023554031,5.888852139904397,86.0668297977922,9.928108187962458,101.59148724604471
47.03884880605096,0.6304031257862541,741.8303185787307,6.028144267940169,59.60059769275949,9.108932699202397,110.43188648367769
44.54291075914152,0.6845690661259427,798.70577051602,4.8807360462928,89.7538893532599,9.081034185363897,109.61066283925038
47.12114089417609,0.6610621304809184,772.5946449118011,5.307069984656022,95.44265908651727,9.139637248851495,106.50816009868767
53.41973204220539,0.7650426180232774,775.6437859480687,6.054385280619792,78.49267903850061,9.361028805362094,104.8815166387663
45.5701387078978,0.6753433840850328,786.0496795653929,6.755789241155602,63.66823394313239,8.734354524050737,96.47927119018954
47.38664553067073,0.5228275940281552,690.9779848968723,6.985245254867051,75.70538623163525,9.774596233277448,105.77503607025797
43.76372291544529,0.5908128546749456,760.2183761437313,5.481765218449468,77.98608521432129,9.35651416862799,107.40218431561205
49.06903060483457,0.7437109025761144,682.6670820456811,5.197840472487246,57.60407706507354,8.197050508706198,104.04664479809233
40.93114559119809,0.5759272368378249,735.1218940768372,5.401194838310365,76.82246564555157,10.318439628193907,98.30931151704172
51.17705231543489,0.6133251167497779,868.4171961355369,6.740229544204123,78.26358401599896,9.350187229219198,102.22911311046705
55.08444962605309,0.5433488382616628,853.9187359895999,6.15202167385897,80.49628515120607,8.290116657216744,104.41348697452128
51.032054055616456,0.45555402116847565,931.4738605385846,5.966456640785811,86.0224211847172,10.829167651060798,112.62102020902961
41.64029389373686,0.7819549284315855,819.7889354049767,5.8268375394925815,65.57626212141881,8.41083548475592,111.59422580285639
50.801998934149836,0.6626457198274508,817.5702474361174,5.20141546759064,84.1390006072992,9.235122801596626,100.59992843011611
43.16583084849408,0.6228333504617656,872.1229635284981,5.293126265230767,79.4012689073988,8.985563303624252,97.62334161300006
48.95327673912,0.8409396818943947,792.4465991626419,5.048264084871975,76.71532281130636,10.415713391211078,103.16519584458408
55.451924188886544,0.6510981988635769,856.9772865915426,6.296211056063462,70.50353839413805,8.215382641835475,111.74163344316197
58.138375975768085,0.4731733415367442,833.160093611587,7.124689722979497,71.76227742643152,8.577498720596976,111.49826910954135
50.083658369484276,0.6958143415264211,728.2076108730126,5.8180330514455685,62.5296312822538,9.466611653692366,108.23028965302886
45.03791240233815,0.7300267259172711,909.2756793858579,4.741806400889644,78.62946584367312,10.405379560355236,106.74896960436695
45.046511628405064,0.6349461319190111,845.813317417037,6.03693875912682,91.90553059686444,8.378183739153856,111.4474355261735
50.573317912255156,0.61873357985078,600.6706758149724,4.859396657708541,86.1226196373219,11.128087079537128,108.69918794813059
47.90792767730896,0.6644300257450266,803.7943145420916,5.7712135931453545,81.9235488479633,9.341417168842561,103.01461368391143
39.93562130803919,0.6362586211879514,707.3910681825057,5.37230163128385,82.00729390682021,10.119090038252562,105.21268347057325
53.67928897576113,0.6272622255981862,629.6518542056681,5.724404487347392,63.566052357994735,10.419528193815617,110.84453545458189
57.0814703135334,0.3950358636328162,849.3809079093811,4.201706705877237,82.42197321120203,9.817896093522815,100.31097838652695
40.87714387810166,0.8502233393181946,795.9773555615534,6.011077838207798,71.46552166268174,8.589476612870802,101.58487188682082
48.10467266289293,0.67240292508753,773.4985434675713,4.901311019169764,64.28172124324857,8.741960927646517,102.44678091740496
50.320446707810234,0.7225053274917553,770.1717464472426,5.963357346018492,83.26154033034405,11.399182910300574,103.18333090524027
49.45987591850828,0.6138312766551517,799.1461291766674,5.404360571995442,83.60007444951147,9.524182207400946,100.0337971297204
51.847916841908734,0.6009743217712995,826.7925404010438,4.72218768789406,75.8565144878595,9.179430815570392,103.49866665216476
42.343183335444934,0.5717265049812613,877.5509718240596,5.032086350752084,87.27308034588503,8.9956613475997,104.72151048158727
48.878140822614306,0.5379621130436498,763.3806403486316,4.744101272279772,96.69059149582166,8.914570476154314,98.60232749551902
53.090187789648056,0.7215438225491135,681.1659169852445,5.425380397805632,74.23677674791755,8.653817484395487,95.70491284302095
48.9615045289437,0.7259380734046083,650.0666898917274,5.167947906377494,72.2070671346661,8.679103488860344,117.89720692516404
55.88014659583338,0.6652631111421475,778.978703019069,5.421356068520223,84.44139033532338,9.700914385680825,103.74447327887185
54.55410060671956,0.5380602558873638,678.7834244535234,5.667819779577196,89.28747657009832,9.131890880763686,97.21413417601153
52.24530008470251,0.69603372410651,834.6568326516896,5.343468573900596,70.18360553178026,9.043741987586888,102.7444279186802
41.41268873178402,0.7079144002118993,634.4353841111555,6.111813798217397,71.95220468040488,11.059308949211339,110.18296350808123
49.08703109694155,0.5168157096874472,957.6123299480041,5.216566087231923,78.45608268468993,8.639305905010627,106.21331491523807
55.51516363836291,0.7642632787363097,834.7505001167498,6.099998335229018,80.14788236227471,9.3959441141722,101.70251832379118
48.65809266521485,0.7825932536927893,831.9099924036419,5.407123169551257,70.82558545815745,10.315311115574232,107.10579837790233
46.0012771041227,0.7088247418546517,801.3243399190009,5.362619380900634,82.89770831603192,9.1554079476793,102.2576595473688
53.09134736928987,0.5665429765375647,729.4748545498209,7.338020685613589,64.64224166329232,9.778286709335582,101.28146589616796
45.472286313576014,0.6439174035578645,732.2159159076565,6.102056750768433,88.69767550736836,10.900995446182216,109.53341883928951
48.887057139645144,0.5058409871127963,747.2878797312053,6.115873913226263,83.03014545827247,8.678255558568935,115.24614341172867
53.327811833451506,0.6192338633902146,713.5341758127158,6.510406737120377,71.30667696613027,10.434640235410402,106.64161454939229
43.14110388925118,0.6856705443676375,780.6779069568777,6.785118413199317,87.14379343744123,9.42357140651485,112.78304390105984
44.90831414234906,0.7732818336705292,828.8979338710046,4.81693183651785,72.09826616050634,9.013753402158828,108.43016757246622
47.08140440437846,0.5205077293680735,890.4203743713442,4.030794087371795,92.3947635496346,9.901484241849758,108.08243750468075
37.8500739363061,0.5652548948852962,672.8687946013954,5.294000306506106,82.11704344106958,9.682726529228457,103.55416798571012
54.634503995434045,0.5584958835099857,631.8511414535943,5.171339723788163,80.45435867911297,8.765450968624023,111.11887707626492
47.337954059480474,0.6650845398716156,772.3205982572052,5.378365887786285,77.26848892340185,8.564205187122246,101.2938143430813
51.77407707821492,0.521776247759924,678.1881423507496,6.024515076716605,77.76186430071252,9.96404198765959,107.32178019431241
48.82092025345355,0.6452659936080353,716.9085669037216,5.561871443541257,76.5559599739305,10.748073775518728,116.50645971688498
52.96579497628031,0.7580582107102773,645.922501903789,6.492313056367502,87.60664098037294,9.2410652942353,102.73989997587817
49.52544485056359,0.4679062429572566,771.9104787441909,6.342431414198114,85.92889113701209,9.542971130782282,103.25148707285045
55.23736701925567,0.6251074646028743,813.5696699332656,5.282140823076019,86.35382554343133,9.626113961760296,115.519885742008
47.01457916126928,0.4807835775401287,756.1173335180819,5.468991456191643,90.26387522311104,9.651888515835132,107.05892415049267
46.31100181868141,0.7568381268788509,865.2146339884523,5.457760413024959,66.63356527694472,10.619233148290084,101.35870177409461
57.13010503525431,0.6613033438259067,763.8498422734333,4.979443567466633,69.42808280219589,10.615241320331878,111.49599919682524
35.98536837395817,0.46484171602660806,794.2738571818666,5.297941891297382,81.85738365765454,9.714352129258153,108.50333457534664
44.30776640315614,0.6226784634080553,732.734267619535,6.467841920207297,72.42694845741241,10.146717537896546,108.66429409569285
50.82511511595055,0.6552849286323387,806.7480172465623,6.052400279046666,57.29601325103893,9.281900251012454,106.58322653758887
54.66312926734994,0.6720241500629455,731.4995788153459,5.537402493445152,65.30636780551887,10.009981516471516,103.58062493868927
43.66924531646511,0.5593271256952128,667.8795089005625,5.938431548921443,76.70813058062474,9.646335740253507,96.25698327461855
44.086199493609705,0.6248149703536128,792.3069888575031,4.4041009953147725,78.2096934445834,8.487455724038409,102.93984965964951
47.84732412585165,0.6185971461127661,760.0616811246058,6.1593918711919216,88.91306749107213,8.975751686244914,109.55483774990525
53.37867836854117,0.598973711816372,892.8667551860296,5.073733479058869,74.04245631423332,9.032670987385492,103.82614690603485
46.179175973123535,0.7364287221468766,737.5456855851982,5.538084685821752,70.98723497873952,10.108857749576739,96.66921571600535
47.42399208480839,0.6078771573996774,869.9319015945227,7.178352887587795,101.42535610596747,8.471053326378765,109.93098344005448
57.543220820209015,0.6070815889355881,745.4619745631336,5.774690173580658,80.07703569544397,9.316388499061498,97.00061962472543
54.300999467247735,0.8727593515378982,783.1463497826533,5.9735687543969656,93.56172319699465,8.6654175112632,98.47482526908902
42.385214209861786,0.5786516876907134,783.061410276043,6.4461606779463,64.0924418611015,10.74511724551925,107.63673663766674
43.05002872449328,0.586922433704356,733.2621818905521,6.183983459526116,59.805781178082185,8.66097326833203,109.13374709756604
53.02662303667579,0.71883730737826,679.1806021435088,6.766436823318146,71.00762622178607,8.39986861078538,100.77187292288959
49.18530469475035,0.6984368620620304,818.067678579092,6.2396562446725525,78.5519420819368,9.558886642063298,94.19117525245838
50.05237197747151,0.5982498915512968,869.9208621399769,6.012425840620867,78.94186370660496,9.291453772244953,102.17410347568494
47.812082620968916,0.8440401430900739,654.0689694834772,7.073172600812849,68.83404295749935,8.944637566458427,114.63202005034132
44.51583474440923,0.8183742685275256,723.6966261768963,5.4468975393885435,83.01303380921712,10.06211784825316,105.64750559695887
47.88831861096035,0.55115829848621,815.5764023696947,5.859148385573029,71.43826288706448,9.772515858552937,112.74710912947225
50.803494501839886,0.8378488324729582,763.8403158310779,5.188212772763942,76.63044983766395,9.178992861955152,104.74997650228089
39.79913570327815,0.6266094965927402,744.3534532644957,7.136971258187452,81.78564938945067,8.913549963528013,113.28489340939424
50.44372034624466,0.8062599625628579,615.9705291469527,5.357883954974354,65.72799332277116,10.642622705210544,107.11539308770355
48.7229844124369,0.6193754645959819,774.3767689040544,6.618269466422853,68.2710824725644,9.320736583811136,110.74873557552232
48.02035359222561,0.6994679174624554,561.6388732258531,6.566306593442416,78.28036085578327,9.325782457752032,93.95933641190435
53.33778693033223,0.5426511147651689,922.2008425630067,5.965186954589798,88.80073635428379,8.165060462334344,107.87132716878357
45.073774867425676,0.45770744717278233,849.8541815697549,5.519005276750511,73.38867057664675,9.119551213508643,110.0774589764275
46.87285097920801,0.6576988643771395,746.203106706191,4.156961795193784,77.77418213611996,9.44596383888827,107.63792812995162
61.26091359418344,0.6149953638794331,747.8840904898967,5.419008890601108,93.11755836818288,9.75491738689765,113.36986653876261
47.4119305665496,0.46841447066078207,851.4466532512132,6.163371094740756,85.64775998916491,11.037586017508481,103.64110902478487
49.31101301584271,0.6260153466209271,738.7093509359448,6.542266061291071,80.9699517341157,8.932765895085225,109.66560696243657
48.10992690756988,0.6907897999705453,839.6852835597041,5.961259902076005,58.134450544248985,10.79440240961768,103.7374288933987
53.174543461991576,0.49387116682863885,706.3248329477515,6.065997222077858,90.2382664516629,8.761571450663173,93.23657823000312
48.09080472934029,0.6155068668485792,685.987605032998,5.007064621555113,80.45145512192873,10.315867360956329,110.50208113102005
45.74726164995291,0.6078246412441513,798.2051661639682,5.046996527718307,82.97263194972648,9.745510242947258,111.53505163637863
47.86940120704743,0.7026195112170807,885.242390036584,6.280779938946743,86.5843836332686,8.644488364509284,102.2738228474825
41.226543706651654,0.7502693260508901,834.5726235324175,5.677672785882087,66.0836918323306,9.298913245012363,102.9037935796521
42.30291659763466,0.6580376002147885,808.5015090450094,3.635498079818973,63.49094235687066,7.931676209410539,104.51433238413468
52.31409619438806,0.6188116069473906,781.6328080602323,6.812156076227858,79.88304366786349,9.664382057880488,107.71841547435271
47.93838203175868,0.7243816846587705,573.310926554167,5.341560801762944,70.58169883448596,10.326224178766337,103.24720884626394
51.26309639330814,0.6059136765320438,836.2625644419774,6.495561999173409,76.72327833343405,10.665810152168502,104.77619780240647
46.02810627328473,0.6311623559126308,799.7247807130466,6.642294395200504,86.43633349103963,9.519062678945232,110.54497537776095
38.13042900336292,0.7405291307280135,869.9304236463726,4.90341422989835,70.21884267989722,9.436997089091124,106.38876960173037
48.90563732832462,0.6253604087467327,799.0253883028371,5.77605140146605,67.22519739622301,8.141260644812936,105.59931518087843
41.01658280399284,0.678214252216547,792.9645089401338,5.02144059232176,92.96306757423471,10.32194325450261,104.30464438138333
38.98662944707975,0.42664894925976615,757.759462245903,5.444445403512533,67.7025885200604,9.990432255544508,99.45676649718804
44.49184250635006,0.6589050663147789,838.2980042643454,5.790421837235258,77.7817233406366,9.34296096601543,100.65121212956045
50.65734164752893,0.6133880360328776,866.3032159698627,6.130094072161002,87.755787741099,10.16587418249252,108.60356497365906
54.427488596108155,0.6632413091242009,847.1862310342447,7.21595290694747,79.54975902108208,10.484513528708902,107.80517892950522
42.22142835916241,0.4941341228099072,743.5969303518211,6.246471898392322,67.18795936673428,10.47206504137563,93.27235380653951
45.600038348004475,0.6831613240922993,735.6613479698757,5.497950103702444,81.01819312040362,9.02441667898023,96.39490004042337
55.44990034940215,0.6599734423430688,625.253073852116,5.216261125316117,70.05695886527367,8.24409917999291,105.23003524426873
41.40412605358361,0.5596588771875215,743.2500653269009,5.8475475718502015,62.95771303410865,8.835137968068075,96.51094844469402
55.82510705141036,0.7037592179353185,892.6270741602492,5.40357415386867,77.38004579901818,9.955785321226937,102.41076710291708
50.01972884432574,0.6491269104661043,884.1173644406271,4.530339333347087,77.4671114244217,8.792993080730195,112.49494547281645
45.3937911317037,0.44306468546196376,797.8008450587283,6.6244025953204595,81.50893754743915,9.219302862237782,103.42483958876288
43.427338313467004,0.5657940754324337,824.9572614272073,7.583971614776777,76.88534791648323,8.231033075685586,100.1862080512539
52.499220286097106,0.46934121404967205,752.7321337458313,5.645408732652006,69.10627424105593,10.369711265954473,112.03246527341986
45.32714736234729,0.6597144846996181,845.6377376046598,5.559518582605953,63.62707065830485,8.835735234952848,102.54923796029202
49.70171791318664,0.5891535682385329,710.4730659148464,6.3748235242102425,62.240000202891075,9.186170034001226,117.71740229334978
54.16494214706685,0.7195872405388652,860.5340874356,5.43023525766139,83.74845720470103,10.63445851151843,114.77078442927073
49.56849683892976,0.7912177814980096,809.2005706364868,5.956635972060514,79.363498218529,10.743799874587811,104.33757529454061
50.02556586485782,0.7073892954500423,746.7661219151246,5.706541917099898,91.58690431976352,10.36830740969877,112.68995655574926
57.054180083086635,0.5874386061850715,663.2406918038084,5.623745618017109,76.05438174001598,8.053225800577053,112.43434719330047
50.17485710691784,0.6702514353016606,903.6119304533008,5.3266628201106,78.94579320484912,9.449593045274549,93.8951608845326
45.34515466381809,0.7823820489674349,864.2109017773132,6.169457239286925,75.41228630498662,10.107208230451999,106.2056186611847
37.43368039787711,0.6114988065302092,668.9631464406641,5.8218773431445,72.84613966123635,8.195446652541392,110.39544710214136
47.23761095331459,0.6848877765417716,745.7325045492656,5.71468910526021,72.26374142492705,9.562011571370345,112.18253958660047
44.450840484754295,0.762010869246293,755.1062592859519,5.720434314359904,70.63837551021197,12.012551943389443,104.0791502497797
50.80398831961015,0.6469439329678133,762.2754952709288,6.937534053486305,62.71539494401891,8.061761234775675,105.71211624082127
50.9554423136001,0.5502380192960113,782.5474284418681,6.080837295921887,88.38769452931382,9.399661385244189,98.43929734193893
49.23276588870033,0.5401341754407873,726.5149269530251,5.8995627552553564,72.18680891764528,9.911111262261,110.74404087594587
45.54260364358777,0.8507249607242096,876.9420675765693,6.238643428235856,75.3353703347994,10.077472428712055,114.32385054177745
48.14943303680622,0.5931979105852293,670.1304685250129,5.7371332489971785,82.5260201818397,10.221014759153656,107.4474509025049
42.792726697564305,0.5319496814749596,721.0415276078672,6.555195967997322,73.08437119882345,8.785428532225744,107.7129795843934
40.83907620697461,0.7278162149034775,753.258788662109,5.394706754712941,70.63954357260702,9.017622906962353,105.54863584073246
56.010423027392825,0.5947946438588931,705.5816694952414,5.044149812537,80.44501407855077,9.665098403756616,116.12685558483804
49.95952669976847,0.4302588367004401,902.1877652939551,6.072334396534242,66.51805639803065,10.88812523804155,104.7235639923509
47.55030880115721,0.7664442952732129,889.4717898053107,6.173374854983836,70.97360609820831,9.327079217833045,108.08126060535649
51.231624714339546,0.7121352540503488,788.0505657392005,6.204033019904861,78.64852421803322,9.672149239029523,101.81855963664574
62.76163985939043,0.6459889115438365,790.281382710147,7.00139310174317,67.76859809255242,11.165142254625133,107.37330823639442
53.46421010916099,0.7273379721947177,659.1652975137126,6.113412559538208,78.35826558173129,9.60601791908149,115.98329658627773
53.1067544366378,0.5865702184907675,810.798236742397,6.4321845852288195,87.07137413849884,8.721435849614306,104.75131262430772
51.46317165251345,0.823978676765756,809.4745225541834,5.59602352564837,74.94047250630959,10.199580789839732,100.16684599257714
51.2974257304597,0.7588411706757916,715.0753824622604,5.838541888937873,99.00573136095522,9.306812553919528,108.2281140724051
45.60982094420216,0.48238752508500865,750.7387884866799,5.852065950943518,70.04425430638074,10.42392116274771,105.6127364396941
46.850954535291834,0.7311653694315979,774.9863641181536,5.396959820458367,60.66412167506965,9.493989642144852,110.53800692332783
44.22839800204854,0.5966532292471587,781.5614698248662,4.708917819097298,77.20572288203846,10.120345154185266,110.40811068263537
45.577014513232086,0.5748062294123865,874.5381581529829,6.35183372615083,90.06808549192571,9.595045533339258,108.24676320602637
53.62019219225239,0.7530062448510944,782.8843128386495,5.972685749786704,76.09355808701832,9.675954751445888,108.54002204531105
52.08947247124746,0.6594491959410314,737.5118446748654,7.246565462557981,72.87168291493566,8.792357800187032,101.62398260349114
51.570430569632045,0.6924476765092669,860.4296305132675,6.347216836595024,74.10994277057617,9.63464865390806,97.95837235192535
47.4331090430765,0.6589276860727734,844.1488582182208,5.910876272213639,70.7986316477571,9.142044089658691,111.21190755870144
49.29362883558251,0.49254147747898347,710.8140867096209,5.403708079110264,85.81333606508896,10.570790464008262,96.70927612439253
47.63687665456963,0.7425879977711083,749.2757039592526,6.544431554643932,79.55761833471252,10.292783534359378,94.50355888671066
46.646187569658245,0.5783266843060036,932.9011371107777,5.113301261792289,80.67028869466873,8.995012503548267,105.75214954758047
48.363385421331074,0.7272820117756285,500.9257769587518,5.346545842871828,74.005197431444,9.095815057884533,113.13381573939986
53.3502468910945,0.5678230427000068,768.4770914614114,5.029245361215342,88.19931553694383,10.153559828498265,103.95062795101478
47.79044259317643,0.6505596911092542,813.4219518670672,5.67160208620063,70.91883724171134,10.88378051841768,100.73952930818183
45.53374121529096,0.6502349373318935,766.821032691424,7.2046094178035345,80.40998990928514,9.700695812756667,105.96453786732418
50.58826676687745,0.5608440258320262,651.049177894605,4.7830131375317855,76.32391360036306,9.654772625218031,99.77064272418882
52.23023467703204,0.5987644960345253,811.5782613981268,4.8228965670654365,90.27211758023111,8.66516740332249,105.69125461322811
49.21728840927139,0.7796000763031666,793.6482854327567,5.607253510056086,86.09005563294832,9.943666611556138,105.47087121485943
50.95913026180805,0.4366793459062054,771.6793124687192,6.013797157238577,67.88552044636184,9.55163346314096,105.04821519418556
44.65532688611895,0.6381203776848388,782.9767932871767,5.818130790961969,85.6051632233366,9.384160228366778,105.81054546415602
43.8460920540008,0.6353904310700691,763.2561109022296,5.207127015054769,92.48312183328476,10.852439809601002,107.89964778060568
42.238005926813145,0.7732444726827983,821.2368419767157,5.020014173014275,75.09629139902077,9.047344687368362,101.16363751136382
44.38624866508444,0.6826722764056925,652.5534394368701,5.8235315351150225,54.09209765866153,9.127318064835881,108.63819342854676
48.10684364112451,0.6792949487053253,808.4601647243352,5.198777614580711,66.26369470624451,9.682684317473747,100.78024555278944
33.487305031253015,0.6023501874400187,844.3060559225014,6.224025674829209,79.96416674289979,10.022434170893483,106.76986704546778
43.43955541759124,0.5818097775532629,780.0773462743267,4.982975284695596,72.3265693987779,9.139007346136275,107.7979323024184
41.18980922879295,0.5854072079970976,763.6354776099744,5.9102433805262296,68.40826379395914,8.733759808483441,106.09304689569463
48.807795891338586,0.9829001478653893,679.203591896518,6.020604337671243,82.4800794460221,9.353401218971445,110.71725604766952
42.29047202667289,0.5223365878685112,828.5234122858722,6.0926280398206085,75.2209358688302,10.98110404153337,109.66544821338016
41.07182244246596,0.6365679969156948,888.1736794327624,6.42902254338262,71.90259082213589,8.385162975953705,97.55782752573835
54.090967498436285,0.7896702987356139,826.014544405331,5.93939216632601,63.17867566139621,9.444944391490344,105.97948072041814
52.56946401720897,0.7439978963336562,729.5991014476718,4.556884907448556,92.83738221719413,9.170251726605805,99.99381106131985
48.08294608095833,0.6840581084038115,817.8253637020533,6.441110324006983,75.52277967878078,9.2534757596044,101.34818172803756
45.010579072560496,0.6987995671363989,807.6519256677283,5.688411669729412,81.36454624211687,10.132493860027793,116.97831898419972
56.749520973913526,0.6922304690416439,725.1204128565923,5.298256387134654,68.17335558891742,10.01773548623102,112.34170559896512
51.35369129610677,0.8226388653135955,729.5284664407789,6.834204866753036,84.67283525916558,9.684042552445371,101.6760907689709
51.81509053633224,0.7069400105353438,753.854925474791,4.5179712559440715,80.13074985600666,9.732898751980732,104.31676482313576
57.30992091051574,0.6684007904327786,894.559168356963,5.9729940927494365,68.87068698624763,9.791856322278473,99.98255963144842
49.54519466485433,0.5392477393598557,684.1356551223635,6.658247511891304,64.64986710675319,9.119812097578198,109.41699583509956
47.50274728481957,0.842394167988353,991.9801826559939,5.1132054385107555,73.44617735432388,9.49010256057682,108.40070867213258
45.00460492994512,0.5151353123493847,695.0702449772049,6.48003744887174,84.00819250997299,9.582248024542643,99.56131905130519
55.578579796606164,0.527615641152105,750.9190118467043,5.864459725161155,83.28578163222319,9.820868094222625,117.57524944356766
49.73854906337252,0.4645740219982666,774.7018548765415,6.527603202536619,79.43612836626882,8.995649972305175,117.22784341546591
45.91592603594408,0.6482574325046634,793.5660169911242,5.418299176900009,71.73536222920887,9.445910909078572,100.66849027586677
49.810694448138904,0.7125260402642807,855.8692922317942,5.472624958566637,70.6260744410173,10.01292917634266,107.25668475712735
56.342294340326376,0.4588017615656025,730.0654897257971,5.919716640219834,75.49399018631196,8.922631428697938,104.15723628182299
47.95636667206919,0.7459848578419794,827.4631127035623,4.74005172900387,89.6995645211125,9.366880362298573,104.0131605098734
53.866517444618545,0.5560988789651765,717.4497741449165,5.7111623231711395,76.4091140664913,9.800436654150985,107.04452230608584
50.08753172944337,0.637785709237399,748.0283987178213,5.2411932601365585,68.63185872433426,11.343070587318245,88.39760492419195
39.68403030307317,0.5877010970258997,805.4400218745868,7.345132783102104,78.04987610054788,9.124886287952101,98.48632619123755
44.80542417928248,0.6643288649450179,826.562059033422,5.873631598876951,70.4526797513796,9.452399412085464,100.60259020432694
47.874612050914806,0.6573575023599436,747.031107136004,5.3523301542157915,88.36776270874503,9.451590323912605,106.00368596585977
48.157445223855625,0.7504651147920579,769.2721193554986,6.5325185112702995,76.48954857936204,9.987662878802247,109.44612975142475
45.63869413470509,0.7272711804755672,619.5734511720198,4.334636107724157,83.93530376275643,9.825541921260907,104.98167215254168
48.20414163622838,0.8190066720771076,766.7529394202298,6.567919913067706,87.06777793707762,10.250153965926684,106.4416650581592
46.11475035935304,0.4909126635521426,747.1562427352429,5.15325725247228,75.07513608703408,8.940098594166232,110.97283837938349
43.69465761695828,0.6444528394564539,632.8929516021934,6.31321819094596,87.55922967706204,9.45675666654408,108.01422048784241
45.88358190298117,0.7129564559806527,810.614957160342,6.989691901303517,57.26984256186132,9.883333548398179,106.72561250926539
49.26024062854528,0.6352827859593091,761.3691605191046,7.006033775537922,70.80470417086211,9.391451266034156,105.9526480696971
49.43350880171173,0.5293557671904515,785.4672860398886,6.661532911589573,54.396874811084984,9.337818909072968,101.44109092514054
53.728853660237554,0.5367941419274551,764.3971817367772,5.353866283857245,64.63663849367516,10.039108697625052,107.16789206730112
46.89892643621121,0.5193409479233169,758.25589162454,5.984119671132389,85.55444922615922,10.220198832251729,111.37450361214512
47.0156612044889,0.669823273040873,694.2061996424057,5.9870186894800055,75.19841555404201,9.206278889213728,111.6164222101505
53.31392079581033,0.6865995207141012,837.199570404544,6.313922007440392,72.38913130984079,9.323118200684561,110.4247455295631
51.04517015992212,0.5891813154418756,669.4511432240386,7.257360954714118,86.24795116268855,8.92762311381891,99.95732747787075
41.980532325655254,0.8457416871727373,694.5339379663649,6.237850320159895,85.09530150396151,10.277019215362072,105.63323355485743
55.31665676484795,0.6192491494976448,684.7827423069506,6.602101594084255,73.9525241881042,9.720692533949821,97.74728848696822
43.30838819866622,0.7083260012508064,794.620201272984,5.825588636877697,81.425512427446,9.272848849031659,100.68386036239416
44.29465508926572,0.752571661127789,714.9655509553332,6.439146734951418,71.08368780264672,10.68298714154088,106.76621799093644
46.529519941594764,0.5952607498589136,792.6794431406843,5.778049617231833,77.86675852594219,9.228400756047286,102.35793084583273
50.546137473930834,0.7202216455459998,685.499733419131,6.1009018635616785,82.17408720342897,9.126723617178186,101.23446071132751
44.39991857847786,0.5683660028370743,816.2848380271163,6.24107141844273,72.2341180112478,8.298543547612274,100.53857405956794
42.70904005576008,0.5955693820195193,773.1404805182335,4.949796373235408,80.36029162674052,9.586354292480756,94.88503505292604
51.57697615415475,0.5925389589579281,851.3805960427825,5.796058820633725,88.43111587537706,8.610158826384053,94.0896843020696
47.68691975262563,0.6855589991106065,770.682950208556,5.815326683158229,81.7194718777446,10.681062912471116,105.97768096535799
43.35753750668167,0.7178436916034199,648.0046738350688,6.035268965201658,81.34551594319575,8.98202044785492,105.8656470715324
53.80691696090639,0.7038855249131112,766.742542051789,6.755720820294956,75.48327923255555,8.886762227352904,111.07436658232824
56.8083969376587,0.609046889938855,817.4957330257478,5.5613590442402225,67.01906868008314,9.536260561715132,104.10118923551234
39.45771828991527,0.7464989780463045,647.3733804387498,5.426202992379553,78.48016628130165,8.71834888399067,103.59196934124991
44.77620380409816,0.5168570925789859,638.9531014231534,4.83493826517486,77.33526939720514,10.503244297439897,106.07065573571506
48.263410190977105,0.7016603680139228,601.8709672152183,5.287931314459625,84.60557418043979,9.187953897309583,104.69142539504215
48.123701706224175,0.4312386933285904,829.532558097043,5.3951173652182,56.979720470176375,9.678201392870161,107.18531042642535
46.39027243413179,0.5974954977756375,899.8125644807612,5.629625407711798,78.6945758607719,8.49136052549154,104.80624945499171
54.84649075728859,0.5789022287773248,925.781597041324,6.203336901382589,78.98596507266556,9.124560253614408,102.23431792542097
39.97330211675056,0.5532307194211543,697.3516598874264,4.827617520267706,81.06253192289772,9.268792042147371,99.12583934873243
39.02566032022987,0.5716594649285851,752.4309869005483,6.08793921504106,86.66295326635579,8.891420782103872,101.07238639048268
51.54523102085731,0.6573250836920402,853.4054692859314,6.374114776003929,78.85913789847213,7.87461188795484,102.989280436663
56.96977756202927,0.7752733754844993,804.6506809619126,5.677330307634073,89.96047546089885,9.435649823924042,107.92815476388307
38.32387209542566,0.6530739742612035,865.9367613344102,5.64822772872183,74.20428803093615,9.622113054823293,103.93922446111868
52.36551249312171,0.8119991229504013,868.2994916052121,5.528818277367298,69.15821072678091,9.83006015466831,104.24784264719054
45.586675223505445,0.6443648847725779,678.1897518563046,6.892962753721583,73.6237292096902,10.17716642089577,100.04257657142162
46.66259160576941,0.6687239736428429,951.5770755192757,5.226162211351324,74.82738799694575,9.696460705297511,104.24962746247819
46.83774730831409,0.5693633226581385,819.3871294486859,5.365580224473525,80.51586522857535,9.685446418282188,109.38641525640959
31.742840966428695,0.7905921252789617,847.2968520584008,5.48416533441735,75.833136391223,8.158225075729572,107.28285302421061
50.64874549272904,0.515877061442936,615.6454001271248,6.867540550091205,81.50076954044093,9.2867813289487,107.15704363122718
44.73307582431326,0.6397810397805095,839.7475375515827,5.432975198916462,85.66356939878649,9.375253888191137,104.84284843700628
53.84355016667564,0.5524232173086577,815.3234647230354,4.859315529911757,78.96460445079639,10.151125807205478,106.37468995201715
47.33426806038622,0.6860121163933491,824.0857439430083,5.671934864334392,74.81057830200449,9.939487532804279,115.51299598423635
55.62316916350077,0.6333519224955844,816.923749919283,6.1061626165981,73.36129991431172,9.889010563847503,106.0682742010285
48.06244723350341,0.5710569052142703,714.7369237157963,5.347788730594024,71.83592492255359,9.224905336689465,108.05299341231832
45.51440681814289,0.70335849791117,677.5869817979326,4.98681763209499,72.1227810589298,9.21377278467556,103.68722708377874
51.38744154693898,0.5387220898656933,796.5577437004395,5.385975410352725,72.45693926581377,9.592162333636473,107.13160539699106
60.3530564203935,0.5994669905985642,827.3343130441356,5.2182069963986235,76.09496318114562,9.837235987621288,114.83484403761845
50.89959509137029,0.7159277398004436,932.314620956779,6.16692722692739,103.06905884515606,11.028612796410933,102.44656194768595
44.44051610161105,0.6264285594733451,751.5798938644983,7.240795152114222,89.5388866457781,8.519482144606918,112.92808622271227
49.88248471967506,0.5294065001550307,764.648634187818,4.616414816388102,71.51137360001375,8.740679712641832,108.74852698591356
48.848427530205605,0.6771405875096217,767.8181465541086,6.376216360365181,79.81275391746233,11.745727533707889,100.70977881901244
47.42473079742336,0.40723858474941854,805.311742166777,5.918732231975272,63.297262940970484,8.903305018787108,103.74345420268003
49.18435655499703,0.6990973309132459,804.4027799827242,7.233168263565942,84.99979984973221,10.331365023423261,102.44461142976445
60.329252292182005,0.7063850159303462,729.4369133547611,6.626746739050846,89.58606821846539,9.932265873611088,98.166555232219
42.074014315997694,0.7758670021801768,756.6827707756279,5.209966500280836,71.71351610704133,8.96931701436278,107.16313876219542
60.670476081878505,0.6249712897104235,658.1712273579294,6.520967668508441,77.66654098333734,11.02338650160852,106.81325682747021
39.285386223748866,0.6775907435841928,734.0088108145003,5.981983567986626,65.87117365005219,10.720669898519086,104.19985430094238
46.05355924821808,0.7218135547838589,683.6592457712596,5.882475250929274,80.34908271981293,9.145863371489526,106.43280672072142
55.43227150426552,0.5340184201530978,766.8875634282007,6.129572072322736,81.18580829343006,8.973380561384769,99.03192177487867
52.53908528320507,0.6639663648129803,747.439831024594,5.387075139786717,80.49382470579329,9.19971017466352,110.99433124872593
44.264499406091076,0.8107867419009626,863.2064731004549,5.3143628494355335,84.60641811355738,8.368118697668411,99.88323618341565
44.43371304746317,0.7759975069707101,821.2147221031242,5.393862557847713,84.6536861992148,9.213031880511059,99.35333524683381
51.10767355899106,0.689362671242945,686.5493904465538,5.300479555203747,72.70209294923632,10.029745267149128,102.19209136491497
46.93451242484589,0.73941120896272,918.382097748068,5.836204837786571,86.76695467680563,9.482433005370915,104.69103293934857
51.76257944636441,0.5028073567469777,724.0277285046612,6.042438150004967,71.82684302972727,8.428972891258232,102.10526106733641
60.522307479001014,0.6557595353189347,879.3896598016136,5.619692062228167,71.7553459664408,8.722387266715671,100.2047556990097
48.16814128753328,0.8204174746279931,735.6005086949566,5.710589447048253,81.76086760080469,9.937668471153682,108.91371996914327
55.78852991628769,0.6576474978489232,777.3804927875614,5.196879518042312,87.93306131103935,9.586140954110368,103.53159520902753
47.750997859558304,0.6964798026120095,888.5189470874644,6.241124773697912,77.7491002219643,9.975470075643138,109.88821655688066
48.88550188825625,0.6993547498900302,698.2963214095562,5.810586126075319,70.22866140637616,8.81549495935471,110.1041947836181
41.188772773306695,0.753442342770319,659.2094318758092,5.506336909962086,91.7792894163376,9.03084983114268,115.41020629363213
55.00893659105635,0.7937385841401396,980.9859705638743,6.865861770726501,67.68258116966618,8.89165982741512,106.46704004759813
47.819193797953204,0.4491117311653027,696.1948320376432,4.780293633184024,84.59405693847077,10.228757877828274,102.17258545006732
54.11070745685168,0.7633677260213212,707.3510597907854,6.520456410136351,71.54365790325072,8.162562630193813,103.14471547028946
41.899955884659946,0.5028797321308704,748.2690126205645,5.563316985579344,98.20473478397781,10.012441601717327,110.4623848653984
47.08074214854629,0.4863536934834909,922.3040741055045,6.143132879501884,76.2475263596801,9.396726369006553,108.85463446074577
53.250058859339795,0.6873901135357056,578.6817536371466,5.829200367859013,79.66970220561693,9.095734974425767,98.23958138121338
46.122904154442836,0.5217566548819229,820.0851993993386,5.197221255369428,84.28443787469463,8.200559372100122,101.98555182616634
38.72381280415973,0.5553563977166254,835.5933936113108,5.251824411842304,63.03049159199575,9.063425851607622,104.05796764342568
56.40776366195088,0.529549094032482,813.3200876526452,5.696421709916076,72.47149286499186,9.946191067956594,105.38215379571622
43.5384155964011,0.7390250478028882,743.4038918317567,5.250877916776185,79.27163182782748,8.962379632703982,106.4647658106802
46.692538009552024,0.5569655284709887,783.0853146783442,6.223783101355298,57.87708029672207,10.144992453895902,100.89187778952606
47.92797809862731,0.8075574616148771,784.7245147092818,6.070348788427904,66.61894688473508,7.670236190960295,104.07819585940814
53.89443859367816,0.6375472520432671,1011.3098414893514,5.830574876214988,81.47632526248516,10.173362201808496,101.67961199237182
43.283770677034084,0.4000730841734826,628.8501660445904,6.612551153589789,88.92206823734256,11.749561339220396,105.64424074574957
48.29975563263813,0.6510346504332603,730.5626552327443,6.435929657502701,58.473868944080266,9.68094446608336,106.95737208185056
46.916359691405745,0.5641308612910991,819.0190292295354,6.287292541307548,70.70877384995353,7.3683602941496895,112.49398851139199
43.50086523683368,0.7443441224937637,801.92546481865,5.830287775196934,81.48750833919816,10.620488368680526,105.37938937704233
48.084835244867705,0.6073480828211039,831.1350937127708,6.587616153547221,75.11595214648966,9.73450507732935,105.54384537538441
46.17865637696745,0.7618132214498493,810.1986499792914,5.275264899802784,77.73232958153253,10.291533790664484,107.35389593038718
41.63620141265326,0.7726012674736689,711.9646546042216,5.174107825634464,76.77490951019783,9.734525573740529,104.44854488057368
45.92801626775003,0.6752755877873161,890.3875601091387,6.110466814153686,79.00890082275363,11.021193275430901,103.32749561107893
49.129518718030496,0.5391298305148082,779.2305949499186,6.893341853299738,90.52798728157738,9.8807663741966,118.84673368513964
53.337676175220174,0.5008707169077584,897.3507342126818,7.60720873764378,86.95020939358855,10.100922374042094,108.11106168139601
41.59610116559838,0.7853967741521384,762.1937039409361,5.215482853262095,66.92180272813034,9.411767689827967,105.79628004706726
44.119386800974674,0.8049895709332819,656.2033511180482,5.235653004535317,75.88960044011709,7.892425069188434,99.66819626960807
39.49781235795138,0.637270042347116,860.4031912413493,5.416299991859709,90.61512757374678,10.309823737672097,101.94463594146933
47.71894147932175,0.6466847757338766,842.335304329104,4.892273845342201,76.85749341802818,9.81864754534716,106.95028493392915
58.779434996463856,0.666964120787427,816.8908333318509,5.952155581637072,78.07932444182593,9.073444796742054,111.68066501186445
48.51657178473432,0.6960204705170894,634.3405621186107,4.0056533157553496,80.2206372950314,9.357257913755126,100.12130284605668
43.313010057584755,0.729548455592605,657.8049866805493,6.465650855821257,103.41132150591676,9.755163329145217,106.69927051629054
59.70835257083315,0.7319326812789477,691.3324383487044,5.9161608068283,62.0564772224961,8.035373214719618,112.50128539545872
45.98258524612751,0.5474350035466203,631.0245362697403,6.369168543758016,82.90435433536015,9.582092440672378,105.45899787911851
42.50111993371631,0.6133851625589588,891.9093530480735,5.416649644355162,79.01807080125351,10.23532237775376,106.4882857472572
50.652401392989205,0.6018616484545007,941.2445829271057,6.586721473815192,77.90875672195712,9.801083946781553,99.54251138646674
47.481586138032256,0.6849161361566297,731.3649945757421,5.742302145186718,68.07444831767944,9.510709962918456,107.38149297101249
48.11455226235316,0.6160553463506715,747.5234845817298,6.378038465569496,80.50353396569982,10.967292745883167,111.62649736619343
40.736768543446125,0.7106350213582814,678.5064192701254,4.595041544914807,87.97278481840823,10.571719765226177,109.50435608307157
47.409948517008964,0.6164464739361368,660.804727107649,6.180596225862038,78.18847235289061,8.15231431427538,104.74115312317393
53.848046553709786,0.6123525939826325,623.3900918485749,6.381841905305759,93.10185818225985,10.454928663465957,106.00417208161898
50.20816994383321,0.5954791828562178,791.4136621992812,6.172384458968205,81.3854567673563,9.906319111800812,111.00867109746726
55.921984010205946,0.7095831296622959,686.2843086001972,5.248148199175994,66.5517394845738,10.336868232924314,122.9364304717706
49.609871976716036,0.5937717069310181,795.6599161047081,5.509257333028984,91.8286837689958,8.896002692331376,107.988958737645
55.575265078092585,0.627139317894018,956.5224796951045,6.4692933027096755,68.83148611569581,8.436716516406005,118.3275554728043
51.07607895464324,0.6177989655066525,759.7616670679482,5.647358055468121,73.56128866814532,9.519225851868052,102.97481233308307
48.25463223615102,0.6347954381272094,725.9240677511174,6.990425516558649,89.84418990282988,9.01911247617348,106.40557022774297
45.080021561270215,0.700649329134614,738.9155332795897,5.757078732619756,77.89698580957494,8.892383655465979,103.51895593659931
50.186145656979605,0.693767845046577,861.1149925055943,6.1984130344548385,77.61347779216908,8.925347300703148,109.87196840646183
45.20893102515042,0.45408614004443815,897.7704708245518,5.20988967850818,73.9807340543542,9.02961528655623,108.3155271759227
48.42826556820605,0.6675880441343659,768.7405726675189,4.720848061431688,77.71967961383908,10.701792427290796,101.80350335144392
57.433339473417774,0.5720553458910393,836.9696658963182,6.48799673364417,68.1799701289254,9.544834981971585,102.60867435653357
49.16095121340963,0.6347664459661392,856.0001311027527,6.576016480952697,86.73471487519858,8.594500632608945,107.90118142284275
45.71747644468263,0.5969751135606376,881.1101219432373,4.820212963934813,71.08455908401939,9.707996169220753,110.5484485467587
50.18441148037292,0.5176956423488941,876.1046874681983,5.937552455507609,83.54144998303332,10.853179198453843,95.3558440811939
50.89347499977787,0.4408424253976164,800.1829273941761,6.304465104844631,81.00770603746919,10.973808132016897,102.04818984270882
47.508038149462315,0.5917564206371159,759.1587956773093,5.8904830132982635,81.43322243765517,8.84295588407874,107.58429595988534
41.36445343550856,0.8447836419284074,723.8093032809593,6.326234851871415,67.20968803679331,9.654172813660347,105.32584694237384
39.140700339287804,0.7568500767988657,721.5830936600205,5.203982638283355,78.29492309416072,10.077441312087991,100.01900405763021
43.46043237399596,0.7461450031109027,776.3811823534838,5.685701004759965,86.90144195559319,10.743638746620269,105.68442758530843
50.1363308885335,0.7326499991085873,756.1850348971221,5.7051205813730625,87.15224479636686,8.186056771714721,107.31404646956031
48.20130801769885,0.6481867891167501,863.7197258433937,5.115772078578888,76.03899464352332,7.581448095294226,104.92353935045335
50.571973516126114,0.6809241211457906,859.6289575813178,4.8521262385886486,87.67240872831341,8.751686146051739,101.17442594522328
51.060916906228506,0.585336533381486,840.5121458579903,5.235096509185453,77.25891460239411,9.190337241478206,107.31619252106935
51.226858276693406,0.5257676300034394,801.8740684709259,6.354155990649046,82.0589687783581,10.124257903774112,108.90980564735322
42.498766506582214,0.6378691484359638,888.3319111318834,4.798409548446044,91.49546710937229,10.02251358281858,107.31431537823606
51.42320271903257,0.8296537459391734,805.2805284596965,6.443030404199203,87.13632629679498,8.818000324189903,116.74884844762008
52.170788768015356,0.7515054353863538,610.5428712065676,5.668670241173303,76.61738362698146,9.252202779499124,102.56756699531847
50.52866272432656,0.6537596144144584,797.3589654772112,4.795881686078189,75.36827350936662,9.387741252452205,125.2946412729334
58.18002588198461,0.47197808949213094,638.5021235842052,5.425381229649625,89.7283168921869,10.597859789011538,104.3693015260463
39.039420433999005,0.7644089002090447,813.0760950704214,6.6670954008663985,82.72561317781921,9.512795840257708,105.01128241712459
42.70450734527065,0.5633257005448982,652.8773952521192,6.277385680533627,81.55531161625203,9.797739257310338,107.93003943372652
52.7332118459014,0.8946333049214075,657.5366918995225,5.764935571954208,66.36089153666879,10.196710828926742,113.2377590253394
48.87413428586032,0.7634134872331084,714.5283599963598,5.451144962841729,71.05207993548663,8.794704528859205,98.74218117121855
39.31849544941518,0.7403596709762191,799.1879917309002,6.302241294777211,79.52890760541746,8.958453285176299,99.94664871330875
50.76022635242223,0.7085737075210549,801.8741455175287,6.3956365789356004,74.13192191306435,9.918383544834173,113.54956935181694
41.44550079267435,0.6285993428218705,707.7562601068544,6.470759513800361,84.97517233934155,9.962430085852231,102.2586909329902
50.9996540378955,0.6449349802269281,762.1592891900883,5.490638439434649,78.70606492046063,10.016636825368382,103.41190813126914
43.97093950746487,0.8986438743103522,755.2679139601568,5.547132950149688,86.33927078481689,11.067375840475034,102.72115754984085
53.540174003802846,0.7533784199518367,763.5741585060382,6.316619286628683,71.82468339779264,9.786252638719905,98.4531940488392
55.48130200210578,0.6174891172908035,692.4524474483653,5.848017850123196,80.9979505603678,9.171258375853919,102.09960506262252
39.710000343953354,0.6460841205577494,899.871906792466,5.7178923561794734,62.06169868731499,9.664875649645495,111.97491316004447
51.38936818545893,0.6141140177269065,842.9576102386634,4.744789104558968,79.01473549555666,10.666301128283086,108.63754394442958
47.70915835997539,0.6652671846838023,664.1860162221143,7.0152737531697476,92.66675862700346,10.665605430902616,110.54651274269443
50.93366190649696,0.661830478594786,836.2799278487183,4.948773615097805,71.0641924499844,10.06019336550855,95.49144848834725
50.49043414882835,0.6522325196513308,816.7071907122647,6.030383274129075,77.64110510030523,7.91675601569982,105.414745929358
42.60024214116932,0.6199825267703679,731.3025784482321,4.889970870827678,79.64370293583963,8.746753105064363,109.2072643377145
44.831695755942405,0.7098070762904448,674.8202956737395,6.262560072932512,71.11998501721587,9.790870167386986,95.83239394114095
44.71307120962814,0.881630613706089,954.562049429889,5.1743113677178005,77.00721729622872,10.459939072606957,100.79354138386132
44.59112177391378,0.6957017999132757,718.7188041961301,4.893021217748209,77.21150452994755,8.339954685656265,106.16362045557216
51.348057361470495,0.5552935936299854,685.603263249243,4.534132791086131,90.34627479048658,9.180966400279287,108.5700527388571
53.69798241468288,0.622128186217931,762.1917714625723,3.8083689921002435,86.05522533549583,9.562010566890525,102.9833461300375
43.86491677891627,0.6338753747486116,874.6656466162394,6.2554010446325545,79.7689428352821,8.940219225622268,100.33770928590432
43.79855587691861,0.6247502346839886,731.2342602735554,5.268827518765835,67.62627042067993,9.68870111984374,111.14875156355949
47.11821514695275,0.6809422530160456,724.5533877874456,6.214064620826925,72.1579972101462,9.247107491326735,106.71583506456207
44.08108548887904,0.7251974395937745,731.0994185187214,5.735621420092104,73.32132577116246,9.271545947758236,102.67101443779616
55.53943074635842,0.5566064859346335,663.7542595187012,6.020594904534135,81.73323856012973,7.774034290250555,111.81322866790936
45.72866218934981,0.7376689200342643,723.4670603858422,5.319493203538967,65.82486916888313,10.26612276452494,105.0816445026607
41.98809510246262,0.6241171665205265,656.375452104165,4.844600701586125,68.26658099445584,7.820916511108122,110.13060539779869
45.93720443670297,0.63826668717307,711.6961326714295,5.224654071712938,92.32408132978625,9.774772645048312,107.95506410233132
44.18188153418745,0.7074528355691981,633.2736497348375,5.468913468534055,80.0809854084026,9.008107573842421,99.14025282339294
48.65665334829854,0.6395635647531361,689.8411305970917,4.749630701362118,68.66864658605388,9.429911905694533,112.1632656160749
46.06181833111291,0.5491870781055935,684.0165343359322,4.6632869496585965,76.50646174825191,7.1637246341424365,106.3690115785909
41.119677893081196,0.529594052659135,780.9708305381637,7.224607764411593,86.20872530205335,9.859785745623658,103.50747620022246
44.61390535645526,0.6622051778883231,869.8013210028765,4.9196340974175925,72.02727495140118,9.699344378912734,106.51437368779241
45.24827845360424,0.5620112475538735,706.2614640443867,5.466544650091044,88.83842244233854,7.836840366261272,97.4257775869674
38.38463127552949,0.6514372335478157,892.1381653221403,6.199511860119604,76.2113470090173,10.058402657226038,115.91813137622405
46.34641671544808,0.5347195014145911,738.7601727455193,5.418707315992155,78.2923854742873,10.047597073673783,98.45174571314735
42.96764446418831,0.7275522621858748,798.4821226687804,7.325482043724154,81.29193621975476,8.840722788780198,105.27668425217571
51.87131101404574,0.7441788047125766,761.4925836976975,6.185722098583995,78.37313668797819,10.358160130642446,99.72652397093447
47.366446424298715,0.6463281533503132,725.6216133348037,5.329639719962086,77.6693769533171,9.819841991776997,113.81246997964753
49.516996194992394,0.6456347444276758,680.737532735584,5.840400511553972,86.26566651585044,10.388006585603636,103.55114518344816
45.344766207441246,0.6841085566494812,682.6580789789176,5.570312021834865,73.63720622387663,8.45644295627621,102.60970610795492
52.50433283534198,0.6477558105026042,920.2214547867447,4.358616087583444,93.14143235427784,9.23008146670289,99.99579264366389
50.672372242689235,0.5545069351620306,859.2179594033855,4.660364879736656,83.0210323271522,9.973240229012369,106.75629139471512
56.4120085079135,0.7486631905114184,847.9088889618632,5.382712665365706,55.14608762871176,10.032634808915894,106.32319431632877
46.38679463924205,0.5971508387421647,857.9747251943908,4.580482067763817,66.49982125369564,10.150919294454619,110.09841970788953
56.50017085074229,0.5887595751011417,714.1112396643862,6.222980269870114,90.58702987257196,9.389834923244663,104.55414999180425
49.180421868629146,0.49526495097165624,930.0474981718686,5.929840058841952,78.378554004951,10.461652759889827,112.45989236204674
53.67335005518877,0.5798907672051785,669.0580963540908,4.298696567734248,74.09618100040308,9.068212511637684,107.88836857925855
48.11391445541076,0.5674360924140845,808.9135611375266,5.557458697558125,89.86469825798203,10.064609002648197,106.34790802049913
50.55369584140434,0.6838640577907706,586.1723303521617,6.991496888968169,76.98207437749568,9.494240316486335,117.61347915144461
52.83116134895378,0.5943004734453577,719.9742894136247,5.712237277288317,78.16481335006107,10.769898439225607,110.96978850304939
53.7817241752896,0.6172557468554984,805.3318235482096,6.109038807943016,112.924633592188,9.1613212982775,112.63540635630886
50.569531121892624,0.5841094970073977,770.701595439473,5.891850687129378,72.78711140091559,9.281788799634326,103.86770798573379
49.21880657610333,0.8159791753998266,798.3917576201347,5.03760126551795,78.3051540211121,9.608611655462866,110.43300822312764
45.785502298711236,0.6944379030016798,732.7182478128365,4.942456107994401,72.79447898527933,11.415909191352455,109.06299500204116
49.37960566411602,0.932370060174136,644.1499406886185,5.936290830790942,79.99155177532602,10.143410306288105,100.47713175309613
49.98390644137447,0.8485731635028482,937.8241201030683,6.130087333501957,67.37474522388405,9.642542442807493,108.41639063797527
51.968677252346616,0.602298819549915,690.9224999963611,5.397356883903149,98.28746274238247,8.343492057900962,99.75315933449193
45.04470005582676,0.8199978433654539,663.9455538928876,6.057482883167439,83.58398131696848,8.879788250376034,103.09889428249244
50.460817665967014,0.5366057256262216,801.2407204902911,4.922171059341989,79.16078745323989,8.46726561384536,105.05238172131858
46.50506121311955,0.8399980332813455,746.1133175988292,6.120135001573778,83.10391602274515,10.251652527715416,102.9179284921796
50.31550249256726,0.5526188217707616,826.5719472429508,5.91973097578279,77.25871506672772,9.853311870023402,97.07265564382138
41.40015209950021,0.9108494139285869,798.6098807667107,5.477560209193378,76.59068159402116,9.531715251762233,108.37587389861791
43.202307629921705,0.6341127923245481,696.4688960308105,5.707435826650839,77.72650796718989,7.782481228378551,108.81226409354176
53.729457449181204,0.5794031877040732,773.3218221429042,5.888416299616831,69.60898793838386,9.830811286342719,112.0177455907719
50.5464964444242,0.6167683953272801,830.6871930588718,6.775403054296986,78.28137964416258,9.19682403081368,102.27873765467875
46.71443898873736,0.7185628542008244,831.9859440524452,5.770234599004373,63.69355167870586,9.175125208415617,109.04229621389455
51.43651633494342,0.5321816964090853,761.0411613244021,5.6758818431148725,76.21622533684146,8.575840427635551,113.23479484070259
51.0423593352591,0.48353330382088927,605.7880171840359,5.085409033707567,71.01865647569434,7.544266572030419,103.83863234886564
45.54194635231008,0.6588837764981426,770.5415995968599,4.863450378192594,72.74772009261697,9.488441799720086,106.54232042893094
35.31216997912381,0.5835759024801371,765.2223983695034,6.896730044334737,75.64678940100833,10.341673515274907,100.22455622352649
46.5120407035497,0.821012231896541,778.8775729451156,4.565611212211993,74.44709264334521,9.202285633144026,103.7269492512658
43.74695826337782,0.7509147991693429,917.6487983641865,5.779174543513886,86.05620485676764,8.297319785051346,103.38421016788463
48.30204236675383,0.5230566168293277,744.8757576222424,5.889033662986724,71.74419470098785,9.259891457876314,103.16409436007874
50.79724400407284,0.6815819373016512,934.7131164347809,5.1261637893188965,73.23278103401934,10.42677382113096,107.98252054290911
49.59097075811655,0.4988022955962521,870.959004321741,4.149815543359496,77.40685720662455,9.311322137228823,100.93131467393927
54.98433871535085,0.6611841030254733,766.7703319472507,6.289320728807814,74.00505810523305,10.552932063650356,110.82521763412488
51.516940809673606,0.5926846789075175,769.1075608870049,6.132011163224456,63.34026306705374,9.61298495342585,108.7731500273957
47.37869837155809,0.7074418512189113,906.848049081705,6.0717698355814855,80.30276260509518,9.20665624848624,104.26413936423009
54.061909036540605,0.6343351297860026,753.3695974887485,6.623996026011874,85.05616272375771,8.435756308684457,110.5985653032067
42.550295168995284,0.6528078631420032,729.8498072237468,4.9577204975482205,80.06727467084939,9.237363726310221,97.99782752664493
44.443217180415594,0.641923759131439,851.1312324644215,6.055096606906728,88.78225431555083,10.294050911826764,107.20134237638192
45.36951959330838,0.5781795072821578,694.0140150076797,5.7207230302448915,75.08236827411561,9.357107329847791,101.39406831668276
55.27690442289416,0.5859521787907097,666.7283912252153,5.091760956317743,76.24337144441266,7.074783290846559,98.10913795309037
43.72371549593968,0.638940460969471,869.9766758659465,5.340795811252362,89.62216045844166,8.555599871937197,98.48371948363382
57.226408548312286,0.4360915121139568,911.9501081355252,4.597934350550823,86.10623428904567,8.85128113231865,111.95269652816818
34.728544550888316,0.5696764475094526,743.1459089849322,6.21619006483144,85.97839301141605,10.087435967301584,107.94811389352472
46.15253598115232,0.6137367866571698,988.8903090032637,7.032506409119964,87.57831429646907,9.519665269174409,100.71556717441916
49.79057083116945,0.8267294344849789,789.4518845889608,5.774933251912767,61.08975431633157,8.865583075650052,100.51964052056596
53.2932223234361,0.564260528005372,714.9992985251292,5.576114105932232,75.91906888254498,9.878148206627115,107.12210195792872
42.23286203739486,0.7850932718386086,920.1825531057091,5.955603157955903,60.886491979675306,8.783820536937968,104.98676453657802
49.99421437710537,0.5937096033459629,881.9332045408464,7.393021030193832,71.64108388095366,9.7138622660971,99.21512577165501
48.282866421823314,0.7161403367354332,806.8741488682978,4.98732130780207,79.12524366683573,8.883404545278538,112.63478837163284
50.417816608581575,0.6023965272955647,673.5507854387223,5.388866274364973,77.01798688432984,9.233560025001307,100.25081282672024
36.322236949968634,0.6584479210884179,843.9628692266288,5.845526078761791,70.37707048779407,10.060378855919106,104.28451610865238
43.11291904481035,0.6749187574205373,784.4717556358278,5.853064252081121,75.38672565003594,10.123139891709393,102.33910330459231
44.553645619556995,0.6053246597566038,740.6870891482839,5.3943499265326444,96.65607282387057,9.758210803981957,109.57622089402567
45.77661879217043,0.7143868666792685,789.8027495975057,4.688436398873431,84.24435160290852,9.58473502367874,101.45063886698041
44.22341563547616,0.6054621473847627,923.8655794212092,6.546085112179997,80.96606995743097,9.126222808145402,100.57298155512964
45.39684397425653,0.7696524948819805,657.1166336634049,6.157310847891811,78.08604341859031,9.302048782284793,104.53124538591923
46.531592135448726,0.4242108925085323,718.0095725121232,6.734904997528306,79.81940865940278,9.314167500217192,98.96010342771032
54.54245533794856,0.7040407870060991,678.6532540520594,6.236312456783145,85.56416859831711,9.341142364111068,107.44330885129574
36.07609825362036,0.7340101031767959,673.7720684528026,7.6708744525046315,66.19444941859133,10.579372336607381,96.12267956499485
42.76717495780996,0.7128435787109649,819.0020807396506,5.451271164342432,71.24646923331889,9.676822639765168,99.92284365516029
46.555805529397496,0.6697246051771807,776.4022548524721,5.51728227760868,80.24268812636392,11.220787054673686,102.45112575969253
43.0561981125164,0.541965302238526,891.2311158182151,5.216706371151836,63.9583053137792,9.485143251975355,105.48509286910803
46.96424989234993,0.7331916341383519,928.6618428407866,5.60970667642911,70.77961631395088,6.655745296473136,107.35506693589844
51.12527827443849,0.6093532736159731,860.513985513029,6.127407035028941,89.54099734810985,8.329501578557311,111.22043537917631
41.330578427193586,0.4421153360807045,809.5056510562256,5.9184063427982405,73.5687045415989,8.43717846576788,99.43570226302099
54.83311373911033,0.6461518525312048,757.045912745055,4.9634477671424655,74.71639821082388,8.649840314726223,115.18439518334374
52.77645534882995,0.7755924809528614,804.6339890187719,5.409123216617145,85.948368768108,10.19056151732481,104.99750515668073
39.90194242499265,0.4204078438339206,670.2405330132993,5.718859769909378,80.84477731095942,9.345930510498667,109.5157933881708
49.66019844521145,0.6385360379957505,715.4242635814236,6.216049713589247,81.75925162795467,9.254735298868454,105.72831397630651
55.289900855717946,0.6471114085200184,717.9430732522344,5.832048730087353,67.0093768402145,9.820820178476474,103.02808677897369
45.29127390128529,0.7249185319769349,632.9084223471133,4.995171799157322,75.96265758821352,10.30330152948333,112.53848708566171
50.93536517358805,0.7511397240873489,779.9584931606562,5.120720332011399,80.89641518026545,8.049015549962249,106.85812318848872
46.941148799073495,0.6277325314565487,916.9486838391961,4.1951631187674,76.33895106796575,10.747915324438244,99.86134418434031
45.25945940896679,0.5130850374808997,750.4036064756897,5.899977589881656,72.18009991391884,9.971689613165246,105.3104058007464
49.229253365456415,0.4563208008860692,902.0778740849587,6.252096493967909,66.92697535758057,10.201520804131764,99.32604741408781
47.39106434552944,0.5734711090329695,798.0872699188538,5.4379273021030095,69.7283699810957,9.333081778146811,113.72790527423633
52.557749942097864,0.5267459765091912,693.5896766776909,5.804843556662353,61.430988339548705,8.438118252663035,103.297502687623
35.310552239199225,0.753483928342371,778.3533600053147,5.976380957880935,65.79509295337044,8.905961668205462,103.95001970458821
49.89460604069894,0.6473380338033388,834.850878901026,5.107223581623465,96.75323476330514,10.235904609144287,103.23749099159436
42.755193683488635,0.7764403107891663,947.695894855884,5.035448316486926,71.95018425123335,8.91149727702035,103.75447241804137
56.33439871554832,0.600440480229827,840.3091560760362,6.626973824545418,85.22695806165278,10.255951919437498,103.14879827378044
50.48630741748001,0.6146807514169691,716.9433664292144,5.913119682267598,81.4493479421661,9.423696699516077,103.24843658948268
45.33470398530251,0.8124376186440216,683.3819228875559,7.289771158047343,73.2909274239152,8.059618063315694,113.42069174078172
41.32216238805782,0.6503202677313074,723.3748043039765,5.953601432927841,81.8138965534815,10.295178827120267,100.65751923401908
49.826297656293946,0.562055444586047,777.8879821900349,6.786734087287426,76.69214652206496,8.726050141745967,107.77032324717037
40.093013140046075,0.5503614597723863,830.8094287608282,6.767926027583407,70.89093635053341,10.568108684631806,107.57374616490969
46.48121312825383,0.675040323363295,784.238397601152,6.526087528570748,78.63593061186633,10.302325516626787,106.14574736959258
46.66658747046578,0.413796513732296,696.0120489587878,5.843489339281922,87.03644678902775,9.428987318698576,98.4949791098736
46.42298233035564,0.6970156286314622,780.0331133365106,6.404489443920946,65.07781970129993,10.009872021749219,115.04512814154066
41.764223788426186,0.5484586944000215,821.7656610652732,5.961866204154861,82.6465300946097,10.185920525114287,95.5985176571047
35.594635366536274,0.5738875215898337,648.6562931288362,5.821301243179447,65.94431933568681,9.611397260418604,109.09269595354564
49.32571693933372,0.6177333770350575,865.0096688324315,6.784852277472833,59.9699320176198,8.840125001453702,96.19025314290005
52.26703476055626,0.6235225020002125,877.0886848223912,6.138988607317209,82.70178545548204,9.373441102600655,107.32743523839375
47.185543894498586,0.5062633203768282,706.2933585522318,4.240762205261112,87.8777070294772,9.233453186203239,109.70261750546152
52.29784848745386,0.67455430064702,772.7683264000395,5.697456390982725,74.55699453518187,8.748576364648446,96.33861221575815
57.6459014645403,0.5985418540302333,732.2999489723226,5.792047427913774,89.72551006133557,9.418125344740691,107.58032971518381
49.51892928032543,0.692967134935655,976.1332551944613,4.098714655380014,76.14995103677097,9.626689610552388,93.69776569954365
50.35537889356465,0.4320614224609475,721.4777136719509,5.655605694173261,67.321308214077,10.439791793410853,99.94836465060115
50.377091139526314,0.6403549942596443,628.4107274790483,6.416862219441078,78.13724046401704,9.847072548598875,104.73236957799284
51.30152939587038,0.5660440415998821,808.7865413903785,5.917005973252775,58.33821921821516,8.294892344217367,101.5500230216073
49.36110163071071,0.7544184082258274,690.9518808774932,6.786113825349323,65.14627451117434,10.133108359826611,96.55536710427212
51.036621401538426,0.6314092881076955,843.0288392295801,6.109617461121541,69.156383559707,8.786093633626841,103.37412178957737
54.467643712808936,0.631557604612582,799.4870534887275,5.146672594400659,76.75985421571971,9.995312643812893,104.28799185282043
52.74998345088884,0.5531445673558734,735.163404488015,5.667885741403022,82.91127993272588,8.178365612977673,104.83301807210691
44.86142192967313,0.4958672570462579,830.9574645439922,5.29186477082735,92.39540501078457,9.0004111657229,101.38975821414289
47.20760399945047,0.6815935957264581,835.7168194241007,6.329866511139869,75.99450413878466,8.533693977721928,101.87617318069502
60.10298516240381,0.6886937237314288,780.3854140260166,4.680893937159447,70.49583017564314,9.009348228681322,102.45699752720122
53.68263991735605,0.6858604377425968,815.1755856721744,6.5005788948911984,73.27925324847479,8.491730412454103,102.78480039568736
45.51153545400264,0.6049180416201883,908.2966833814969,4.905723466172454,75.00738875619057,9.571999201824898,105.2984388175418
43.56513995981925,0.6400617370769608,727.1389238190025,6.062024354583352,84.09930903792346,8.588273303285169,102.99299350189722
54.57716435984258,0.551154216884121,937.5548075241501,4.356488852584174,61.09550029213949,10.25334556167358,109.54326439174729
41.00419970923523,0.6420185934515666,662.7299368793266,5.227794932346055,74.87184343993512,10.604087841164672,93.86495729210053
54.08982935717272,0.5749287398066842,670.4704564224186,4.274701393024117,73.38726443801869,9.648584203974709,109.90760890897351
48.78340358137939,0.6840523319919402,632.0863958731661,6.60819352400508,67.57239816012213,9.508144710526398,109.15058622930121
37.49236945211486,0.7031454844261706,758.226605370972,6.282140841673896,71.84140716375147,10.350580377966558,103.98652322059897
43.65255515564071,0.6746863968826654,657.83302235495,5.260600259974264,56.468304232223225,10.082968127943646,111.97459155044629
53.64486131008156,0.5441940005815895,842.4291483451021,6.399123449240946,82.12026886751828,9.473824936798662,102.51438554814162
45.448944793703305,0.5215979067910007,726.4891898867078,6.558787805993468,80.43549101733257,9.265244026656937,103.62535888897622
39.552037950412476,0.6105136969409104,702.4696602539133,6.209858278704669,76.29658065245465,9.010403026161129,107.9101489534886
48.71753864355305,0.5831968854231548,767.5008124188107,5.393159362252224,88.02798223874524,9.6839380919363,111.8083459629734
57.47654044714781,0.617094214008877,781.3715660522244,4.9596322756423685,72.88074581899048,9.638936132984124,98.81081315193383
54.30126480008347,0.4689642177554515,582.4145051830794,5.372022385690771,78.05425333949258,8.420665306742608,100.07506268374163
47.60048566039026,0.5134179387186258,762.1517873293212,6.12260343716008,77.9798346267456,9.870745266529838,114.0230397963646
48.91436869007573,0.5913133188255351,836.5401515723443,4.787401767801732,86.72723756569148,9.20611013939465,105.69934267988076
52.34231815139017,0.6823842800836657,800.7776714673928,6.04355146042812,75.7251233438034,8.403845164170267,104.75688026382082
49.948402975146024,0.5567217300414619,858.3432600803718,5.3051028913606,55.33362045950415,10.12375270357714,102.63012991930371
48.19358702580586,0.6638148462473564,852.7212509023709,6.83904653407625,79.55502507798991,9.879530005720099,107.95853462941659
51.57492912265512,0.6457646431969721,869.326719387324,6.153255341561819,70.28158043807713,10.232743102408948,101.76797663369538
35.27166433482419,0.6099402287866441,800.8126290667958,6.630792545198098,77.36151347417606,8.746504890808502,102.14439712408962
44.37292035858386,0.7797362407365825,700.9131086888589,7.238595328659978,66.02959681298803,7.808273475368379,103.1885492903503
51.94952931240549,0.5217369956351705,939.9718397648986,5.681015694261401,75.92047232518652,9.491865713887076,103.48720147806006
51.040390747295326,0.5785200198690474,712.6660215322325,6.63872283853886,77.29152119142188,10.119798603843185,101.11097638643359
50.25963622291624,0.5726027186509971,811.4939492374099,5.834152298330925,78.77147894510078,8.15478063718339,102.407483374244
45.390865386041,0.5454279276796818,824.5975978299776,5.051987342353243,72.9589926119289,9.190442154171583,111.60948133689737
60.454642487249004,0.7203979775515087,777.8152500743698,5.883927656377759,85.15132201396632,10.196992943003794,102.3592018353632
44.243089297821186,0.7322835754103691,763.4901180940809,6.222489590153163,82.76701146761305,9.250924975574177,101.3448583576508
37.906428441246106,0.5556520048915323,759.803346682023,5.812473995390852,83.68738199667689,10.195175015631005,107.38122516020998
53.24669079220791,0.5949190632414788,817.6846232120906,6.191565739345069,92.97006345506816,8.553793072061813,97.93309735433462
44.54280175417712,0.8281740823195914,786.8490293738265,5.893491678451441,77.68167826419175,9.62593841553717,113.99406411888855
47.11938924484969,0.6610253327836674,765.5632005194647,5.999292024058634,73.65728241123645,8.908406444928989,111.38058348273647
47.62698649755552,0.7723857505061141,804.8032395285269,5.21646525839583,89.56316749400321,10.872243682902916,106.75198220826765
49.52028378691898,0.7501459439323368,770.0559831588795,5.1825561281170645,92.05792481660237,8.304258333407535,102.08863234725045
45.70569032340259,0.6763777604964293,842.3659503880662,5.067898013111027,88.4199181782839,8.889683659497331,111.23981412873069
47.601636782785626,0.6486548048432246,799.6234275765153,5.756732622022231,78.14335782530227,8.724724772920148,102.56878634821399
45.43907044186643,0.6002346571966299,733.0659077941174,6.1194616303518075,71.6292829774749,9.93222619621584,108.32521781492936
47.95685466692603,0.6676801262369877,812.279570412968,4.990029459630769,85.25706651563783,9.056678973796473,108.92786236167926
44.53224688835607,0.6990725014857715,763.761623514128,5.390990674821099,73.90760767434617,8.875769160049478,98.29618093873931
48.399193359541485,0.5220487536232042,581.7088991325994,6.59992709480647,76.09162482834728,9.773187115091513,108.44034355747823
57.87940834709671,0.47608260077408393,803.7513944753622,5.0448968146171795,63.7520980720724,9.648819815380266,110.30856882195866
45.941257372797686,0.4444606387951423,789.7844373098969,6.176216441123556,102.32611256980692,8.275979950476149,101.43827715410573
51.47868962958247,0.5784975119690356,797.6490634525311,4.159576326347613,75.59357824822462,9.52543569393923,93.163523318024
51.30759822668499,0.6851224597371569,689.8360158741958,5.651081106378897,75.26377472082552,9.577474575103658,103.55569538662769
46.23277488175043,0.43164006565201307,794.1310427522417,5.368903239558335,77.17163324567355,10.288377025221752,100.95376067028405
45.13363266131624,0.6781835534472873,861.8057719548801,8.061706743087727,75.17178526039244,9.869792278635433,109.45419905992459
46.85849232776532,0.5507952878332141,788.6735752746677,6.05267280443781,92.30253587840471,9.078002452320606,108.59844139175325
45.939372711240175,0.6499367896592478,785.4817412147395,5.400972808145009,77.93281900349572,10.142443518551943,113.3229473330963
51.418485261798494,0.6817999397466772,740.8941720118148,6.166434295793005,76.79387462183986,9.390011294039638,105.31225865541819
46.606097347443566,0.5611687425746341,752.0056049259518,3.823702367261645,74.71661668234782,10.482599870662314,111.1433174256675
50.21615335289446,0.7378203224798099,821.1608637866418,5.7538066325852935,81.19328410764089,8.069270609147388,103.76168019104125
45.18244475320808,0.711167230603765,781.7312835112002,5.866929063961283,74.84468443383533,8.482359454040989,101.68117706060524
48.22514089525039,0.6570989543277882,835.4339127523392,5.834587687942512,71.14039518878702,11.625225233941123,104.91967872847619
45.53930747661384,0.5624607739635343,808.9768019083037,7.141230228383345,81.52520604479467,10.533446653607102,108.24344785628608
48.61870151840194,0.6979848952792003,869.1921400852315,5.057564855517561,68.76719010120884,8.205719948159851,106.74957723014111
51.46612171930874,0.5568980247780273,812.8495181853335,5.77870371284155,89.62233147948906,9.00592703457681,100.00567358251604
53.39993819729986,0.6237003951193028,833.9480585725038,6.298186059618901,65.15308026132756,8.624054809749063,105.95178027414067
43.61693342834891,0.6653326753597545,869.1660610053201,5.625087241652731,68.75983888691441,8.66383912437144,109.54787868121286
45.681689276830554,0.44684677886623647,801.7413821879044,6.653251866161186,81.80146319660312,9.617053454159338,104.23603240930626
47.80917758099681,0.6928870795462865,862.7908717598864,5.889002471087759,90.33493634867655,8.96270149465111,111.28651739494057
49.46009736362309,0.6198410467037433,768.1382523106492,5.343376210253981,70.63543960107924,9.310092589335806,105.49399840660696
54.377773422599354,0.6635323765128398,770.5822694572253,4.721367868653009,67.13066187383718,10.904801079946404,107.08140601797369
53.414734877291934,0.7705500719770431,760.588668434854,6.415366528429688,71.22590083287432,9.805064877085867,98.26565562158042
56.88192126236838,0.4223891627277779,724.9606610081298,4.890013232139576,90.87851090291403,9.442693494413005,104.80577630162986
46.515386840833806,0.605018380033935,859.8959033275282,5.271260424878378,86.90334062242655,9.954045445397446,106.37630637476965
40.10594848733305,0.51517814292273,949.9536036144614,5.943240434272493,75.9037052400725,11.816604390033284,108.33976842665066
51.68858506999574,0.6601400332309769,824.2149982437652,6.833997623146627,64.71786667967439,10.731550343313552,113.07854732720368
45.77569842441331,0.6444931289653459,846.9223434684366,4.208299545444543,67.66688692304534,9.53697196406291,102.79137668125117
51.14853538957278,0.5519291413008541,802.4100687833273,5.752130219297067,78.00763325935644,10.378717242036815,106.09331855634348
48.331134121733356,0.8011623343001636,816.9461607647191,6.6641737850432285,76.76876772717256,9.07160109374431,102.0019868807603
46.81610637419386,0.46640010559434986,752.7665978071784,6.573661504225107,66.26311589739863,10.416596311111945,110.46597826976256
43.57554054648629,0.74952209538382,737.3123694092994,5.318652600574159,76.16396116416162,8.500353201770025,94.95322156776717
43.137528320436274,0.7794450551993299,644.4064588447404,6.043934636555873,78.80833242352723,7.5033867738931965,105.82861506506762
46.953901093949845,0.7049841489052842,855.4656977188994,5.077767701750624,84.05014058239341,9.04534868342359,105.00081326040171
50.818428313933076,0.5217203244361689,795.6091931586672,6.412616923970303,81.03939731529013,8.001522773098051,100.49772132145878
56.58383839415109,0.830787334512467,742.7472454115264,5.286822137666751,82.10187919277448,9.12118590997434,105.96163711654188
50.13631469488255,0.5794577707487394,874.3225317512747,6.691552260008583,79.60648811775086,9.045129570988635,102.96882630179522
37.43761869840163,0.6280848804026029,771.8600543093665,5.836103005400218,82.07492710965302,8.936336141615085,109.32555016515141
56.20861510855674,0.7222921202014919,767.8363125840002,5.548976399629473,62.669647287147896,9.827192972534982,101.14980461901119
45.815620909396635,0.641480721205109,746.6751351840684,5.611616261976303,71.11799049568934,10.158090957823369,102.76445640866294
46.71587507091595,0.6592108750546939,805.4623865529784,5.395991911063905,84.90219388265751,10.698885385044266,100.3848510654245
42.870552080375504,0.8027052107023177,731.9891542813621,5.538455706528048,79.04504183166082,9.192668661155356,104.95640006216217
39.211022210200134,0.6992088783051794,724.1502097844323,6.262711069526945,84.04629875485857,10.026221318034665,102.93782381479534
48.93223377256112,0.6849573483610432,749.752538805829,5.840376985835562,82.44566486751164,10.428722766667189,101.61959887096619
45.07179426038766,0.5634411576882447,774.5915887086735,5.415344332983298,60.64661203954527,9.339040116965423,105.67244535301934
49.18654753384447,0.7472946446889231,642.1108245506327,5.782065108139207,77.99905729651267,9.857568674598394,99.969822315102
54.225968267495446,0.7075856035926559,840.7118658723115,6.326212213204006,75.51505209722384,9.563758414920237,101.48216986691382
46.864637036081135,0.6978702261482801,794.4526415520324,7.029308184560161,76.96379870793328,9.008836608805938,115.62783683140395
43.62304372946769,0.7849411103402173,722.4013274059175,5.53984585561253,83.4912027769966,9.810463399826316,107.52550809524114
47.79489626770928,0.7590868902395087,833.0386882774402,5.982167674870882,83.03819294839747,9.52782015385033,103.09940945327111
46.082147145317954,0.779492671957407,732.6376149099268,5.540761669000047,60.41140684709766,9.32159130133468,101.57189939572855
50.4788021646107,0.7044247972030944,719.0368843518111,5.772247181676784,68.02158469609483,9.645194902857295,105.81480151563879
49.78577505701948,0.8947160054577135,641.2409290696246,6.484682497298802,70.99024549653376,9.388578429146602,107.20951547559245
52.35053704529746,0.6203894177374697,714.5483983963557,5.965683569615008,77.432922478459,7.818893805088534,110.89743077318546
45.725972779142225,0.56752753807195,710.386438275469,5.591361078329576,90.56518381339512,10.0268613094255,110.57410330950331
59.80013925193296,0.5439601347311956,844.796026689319,5.587158340382049,75.00776069896948,8.747143606956323,96.76510258702393
47.45342182311986,0.6289329934758525,793.4659531270668,6.144041906272294,72.54972480193466,10.721843056745096,102.80523321638935
46.933665002416085,0.6773055850955934,744.383953218067,5.566324053727247,73.98370246222659,10.586615651803665,104.66915572510388
48.125952853941804,0.5540417279161645,725.379204046025,5.8810785285445375,82.65962204855207,10.878211340174882,107.74945239393486
47.76444570130344,0.5827808291218461,747.0234719529932,6.158426099751816,74.4658747160416,8.215959860459087,101.40207032491074
50.57189709408244,0.5450647395498389,792.4845406470362,6.339586887619534,89.7958623950867,9.357952639258894,109.43192488545297
39.39498200805081,0.6743153552089327,797.8050013872404,6.124048674749136,80.33710546567646,9.97984387947018,103.17878682451328
52.038877451562485,0.7364786941207265,843.2073583732956,5.5596520563597345,94.40332820931046,9.057746903272982,106.16796533071971
44.77341118604642,0.6792953013912775,802.7420440695306,5.611564296327391,82.06814742082888,9.978088181345015,100.33503108982677
44.435160929783834,0.5141264640397776,756.3316406014432,5.5961524910611375,83.966032271341,9.47485166130916,100.53413136709565
42.96621901932445,0.7112479603764186,728.0402586113704,5.735051610904443,80.42016628957487,9.332453456046101,105.8420249743436
51.18259827095406,0.5849785598458368,893.0603050808542,5.572616377611913,70.71411335649978,8.236053514431566,106.34166309738846
41.215214790093036,0.6158047775525756,706.1354599104885,5.170281252582718,61.3566518305571,9.428153371445097,100.09584850479652
45.85172005137984,0.6064523660664057,780.9492506145227,4.976729575682697,73.08785198848567,8.986118893957348,95.3896760929633
51.6534267979254,0.6342736986277948,692.8278206003563,5.988345868245645,75.61025633250156,7.20952586145693,99.53697109094426
50.597533698934285,0.6483433798394531,709.898254791857,5.012432785379026,89.106980123401,8.517803959846542,104.5914308932679
52.37201169804426,0.5323022519334466,881.3564754607276,5.410923192741263,63.31672467307545,10.859707782854372,101.20340691364285
48.028802104166004,0.6547431647445268,577.3822001001129,6.403238111456373,85.4796122246963,9.490134882763787,102.6611950270726
53.746928587153924,0.595156524188374,773.8158285326767,4.921680838660425,71.1665067026905,10.225880176019635,103.8407128556439
45.405463587748905,0.6593252301286859,825.9786753907525,6.444518505341119,68.81042703631006,9.467092618436544,104.08148802284332
51.16492531104089,0.4254031301687738,725.9859457056564,4.844416031731114,79.90702155917003,11.145376525511127,100.51591232980228
47.643408873722315,0.9086220099152679,866.0862455096429,6.111165618737945,79.27801632444124,9.00128208691264,105.002563309144
51.35655903362532,0.8230318859730456,780.9959659189186,5.929609029045888,81.91395725263732,10.482113544489078,109.95180973913885
51.070887904592986,0.75234729956024,852.4642286342103,6.351001828113859,75.67630675276794,9.330584253000874,108.74354525553771
44.52962067885375,0.6755605802005803,792.062491834098,5.654931845917306,70.80229416972307,8.414510328809206,108.67692688499909
47.1573970120813,0.4854644378260473,760.9034181552339,6.275050608037736,82.01601711567851,9.981905924591308,108.34378536785039
54.28697926743708,0.6318859156460566,663.9942254427228,5.600687574829923,89.86109522127057,9.742784056167055,109.61356631007347
55.83139144553139,0.6144518232182302,745.886861241976,6.597173135027988,79.53282180877595,9.67755282029809,104.60809019388098
48.152359492387156,0.6960641977339422,869.0673416773592,5.003633015279502,77.9984355760842,9.649921527753026,101.8675493156353
41.678399370939275,0.5488654148040321,807.6429565649739,5.136991850846379,80.66868139639934,9.30644242526324,105.9797137521383
38.194989892744815,0.6313210147847839,692.5922811608783,4.809486197780079,76.61976433312486,10.815077184488686,110.2778836714128
47.07455957713593,0.680566175281568,703.3065105880087,6.146385059439404,71.79496733200236,9.227690737022922,106.52894711558606
50.90523345430697,0.6801529159207353,896.084997510668,4.96178025545994,92.10615006820275,10.676051995044988,98.85699104351352
50.54532651322276,0.5807993272133244,808.5669430714228,7.191658503019699,86.2766297277537,9.585583864536,105.30664924404608
57.22162854883605,0.5615993907484429,939.136950231916,7.513009706771973,78.48254078032372,8.328159953679247,97.40173647679573
40.785118919573875,0.524006640389073,879.7132229842111,5.537637491589654,80.13853157075289,8.819984547410703,102.96948160425669
45.49237936797366,0.7015541079120877,874.4400986946466,5.875819819423187,95.4485291463359,8.381447830677736,97.38811806422798
48.915045695196326,0.5685329938629539,684.1361155385883,5.620800290097357,77.26590774412664,10.294806798346672,102.23153020333326
41.86750459054991,0.7261965549363119,841.1576263842317,6.560455654273589,72.3194425005843,10.45684274015047,97.60132374018967
51.01438523199755,0.5554977920406309,845.0768652457245,6.666904519501848,78.4807969802189,10.635983442509504,103.29313000861694
50.42136716313201,0.7157871281678774,713.9888910333731,5.845665968171994,71.05541049466574,8.98811214753622,104.65023597335531
55.75982867901902,0.5561461623624887,579.3332006220473,5.769813352984886,84.95073118499228,8.81582823847081,98.5018587012932
47.008259116135314,0.7140713764115454,740.3845268598162,5.957898511880686,63.782054976648936,9.856548710680386,107.20603393925161
51.90655257844678,0.565439423347158,793.0483551561247,6.325557620814339,70.08261421296783,10.307871831831767,112.68296651859596
45.10061538172239,0.7737048617239565,904.4274841603162,4.993472374818525,86.83595583432817,9.222901529204563,97.99485406408604
44.6492535798595,0.46532776005657195,837.7567401428655,6.206450719949628,83.36616028583063,9.966479368527558,108.38167391809016
51.395085533694875,0.7422111156681557,763.1199686089145,5.88774097864444,69.8544287738774,10.83558312184065,102.72146590706036
43.34339110305321,0.8160759048089947,747.6345649581784,5.478860123447048,88.30469236993062,10.348439402860238,101.34657156531172
44.86613863426394,0.3872094985911771,904.431669361201,5.676350759893522,74.82734378029151,9.458599860671697,113.57984456662125
53.840781163676745,0.6476609768092355,830.8406410236963,4.479634028697415,89.17653659401384,9.68850200508118,104.21790164456634
56.02348263069163,0.5832803655409255,672.7609035613809,6.952270273347837,87.32994413469731,8.214524457295397,97.3090494020723
44.879549741803416,0.7756595242232277,786.3469661875693,5.42599762093562,74.24829311260558,8.1269419125934,113.9303173124323
47.56691731317236,0.5706730763133157,856.7630511139519,6.320596455532853,75.58680477991946,7.932762099607726,106.03448801542613
44.65808223036315,0.39292478483628934,683.2991280021687,6.250187165158006,79.69699703521002,10.539531400024162,102.08833362776372
47.54020221126822,0.5834957251538501,753.5566844396594,5.966576063094054,67.36394315593967,9.385911139721644,96.36966603191131
55.893637736028325,0.5606372147429766,757.8172005065376,6.379832355604095,85.50240881100936,7.830521777970131,98.24789228908708
47.0502700686038,0.3949653830577727,739.6653025868623,6.676338756135466,70.61368657541814,9.405332958693498,97.00230651071696
48.888159800252105,0.7433201657732991,820.8520805046076,5.446851928859518,81.18856048409815,9.08128861762335,107.54583033848543
44.66821731708405,0.655121963762728,900.8312554136265,6.027988115168569,73.09158431035095,8.494393638711584,91.2091516825094
47.69916636601509,0.7567058047224492,789.8238850669683,5.4937237292155,78.44075316041774,10.667265383730989,110.29906107556748
44.58952168597073,0.8078210984924997,781.4988775131397,6.417562596307613,80.62490543113874,9.952863344682244,96.7040706831699
45.640009235513894,0.5763709312360505,873.8460211555869,4.780714342025145,95.20508899877974,10.562135848964385,106.1332923858173
45.92515665258076,0.4554261862525021,770.2722588775381,5.889936036131862,96.08195643701006,10.768291930144402,104.51926314684705
59.01342187362188,0.7034832434891178,849.6828298386922,5.169777384085521,91.15354732748995,9.281245267774944,112.47003135438607
54.2995144001025,0.6684342271797092,911.2067053607357,5.345318536994215,89.37587423673976,9.95026114359368,103.40392718909969
50.559326156845124,0.5974111829895616,809.1811758902078,6.166773891247384,82.5449644907498,10.204767014201144,104.66438613641861
43.967447897374434,0.5984305291731568,813.8833607741905,6.139821945915976,81.84493835729087,9.89405570821551,106.49562143615944
47.374786526273375,0.7941562693178446,729.1760491197393,5.899192844977001,71.55445196509301,9.283169807095472,109.49382482714861
54.08784695037915,0.5315560399430204,740.2889117107528,6.290822038997175,67.36769570239342,10.575783736331745,107.15753646978045
38.87438681752114,0.6790375896768885,969.3372826194449,7.193122920667106,61.29255286881353,9.102199896795396,102.43073298353079
53.67959139977293,0.7208422799083178,826.2610754239961,6.9178945952139745,72.29303716926083,9.512603829082144,99.52251131491985
57.73936474836685,0.6224613522969469,729.4485829900863,5.124446524003538,66.03295447313346,8.692581270008176,106.65067262829099
43.12917162172494,0.6454497465267656,773.3574960019095,6.08398134673177,76.54030263843823,8.016782698596506,112.20056860512955
38.07253112374995,0.869237878783536,765.3774181349643,7.103201273176336,72.16544377847943,9.514090252343411,112.15732740973954
47.91413268716128,0.6290916125659839,796.0608279452392,5.838566980871705,71.38165165451106,10.521835747717438,108.41616315875366
49.09727547136695,0.6734495677062331,828.5746002500834,5.246427025086064,85.66897361113578,8.476802988103422,103.53874141210747
48.238681509279786,0.48189204211656855,646.6964085148607,5.564012787753032,71.15145797549708,10.700553784142746,106.07922677325372
54.805530620651616,0.650739567206545,877.6777725037138,6.31995392688209,90.35435896118582,9.58107263083641,110.31425941385874
42.79485474953718,0.5660531421892929,735.4191330179206,6.312802749960303,92.45687263796123,8.832831445573973,104.14804645454343
57.35372382841356,0.7362323291295078,838.7016207139453,6.505182376186577,68.98256886444634,8.760048480679657,108.47548667400459
52.38647453917391,0.7575173585351529,678.9777790988741,6.883914300820245,81.21145576821077,10.57171603105699,106.75411704453828
50.223794765019235,0.6470979532563721,830.2815139840798,6.688932908076078,72.32026489635383,7.51278939298068,113.68674764748974
38.24545966035387,0.665490269195819,819.7963882525003,6.218266594820735,75.0531192013616,9.894792341780597,105.49817117071183
51.492034686350685,0.5223460282457747,798.5963713806835,6.4552797638757955,61.997323824106346,9.624036356175028,105.95648487945239
43.511448734260235,0.8295733455939831,667.5810427933959,6.014550267413605,75.10088125254583,10.23859782832698,104.17152688911108
39.986702774301406,0.5842578451602928,651.7099622199025,6.760445729432537,75.30669668440854,9.198034435688262,101.74500856676995
53.46204547282184,0.5849061226891082,747.3956093861489,6.736035221217577,81.38291111553161,9.061054340907573,107.23924580853055
42.185881636289345,0.8921077118816315,721.5975356861562,6.1640044055340235,74.17617515531192,9.366758869889056,101.66781474549262
48.95073508734333,0.8642008570344074,734.9428051024452,5.06976599700635,74.32016491702103,10.882103805678906,112.55634275021144
52.649560600504145,0.5890887831617938,868.541830326084,6.168565895695246,75.55696606027287,10.322619932652833,103.18245603533204
52.31895798477732,0.7478026687948692,773.7316023366985,5.778455298099679,85.07917589206039,9.063095496767867,103.22810713830094
44.58727743298222,0.7136863225639211,852.9372633484309,5.434092804719994,92.17402752816822,9.624151748996827,103.12146445406066
44.14295277253754,0.7052492735195541,881.7314063756914,5.507934475403482,75.19043631264178,8.909823972070862,110.59886713588938
51.13215498394355,0.8577857991099229,809.8778186387813,5.051358479340362,68.71614792350658,8.743241593004615,105.82425344305996
46.72638555862709,0.5982995775814199,801.6999868876917,6.103633921820212,79.32444583322115,8.95969906129178,94.3278734982674
44.333450599110556,0.6060751323419432,715.4930476245787,6.868695895480135,74.76121920441078,10.06430512106732,104.82826289285951
55.52202331215491,0.4617816107749507,853.9042759082137,5.68263947026711,64.93114160243708,9.7271148721367,104.13072698948072
53.199591118492236,0.6236118221731933,721.8008942136712,6.510788868988795,94.74605737619495,9.319324889414649,107.23439437467717
44.65203753454366,0.6275663635779674,726.2055076962397,5.614005321666933,61.097067338407406,9.224726370159862,100.46406250493978
44.36166102814667,0.6323459385540109,828.8208800299291,5.290769130486951,72.06160347317604,9.644216576263155,102.63865793875377
48.72927849695218,0.4996132104737743,892.0162304427855,5.896495698367459,81.7005349144048,10.312918105484286,101.13284063400083
48.0040301041379,0.6626874833054359,809.7673232974297,7.084902290982745,53.36077156620825,8.245246165837859,106.47052462616178
43.286077149560924,0.715586625037242,802.8043204457197,6.1925523874619355,79.33790250195959,9.734441829160266,102.35246982472296
48.343209334308874,0.5649746372940265,569.8391998211515,5.570977934133325,61.630938134600044,9.299171898240004,102.97786182704932
41.75208528006561,0.3237003530655286,777.193223655121,5.691832428263099,68.44779040799651,9.565931050436385,104.65844070409396
45.092036418970316,0.741425083967586,612.5898432946925,4.444352302073277,67.2928786929471,9.546542512468788,108.85574416933248
50.65423405336791,0.7848211220840884,642.7443662792596,5.975908115367991,69.87162619521573,9.261539940585285,106.69396148420228
46.385145681582486,0.7373435218221178,649.2258216444175,5.728803362018763,85.75301806710544,9.447717317457005,105.90124140143661
46.270379447158305,0.6839818328445275,822.8386625168815,7.194229977823631,67.35417645756542,8.654508379258836,98.64563568241037
46.140372638813496,0.6405305971671739,838.1920505872886,7.667410544828024,73.33245910697083,8.19665367742311,106.03064950099905
46.59215282973572,0.6094851651505577,766.278956603852,5.287626805459715,72.19737097916632,8.593972728072249,107.13585028406548
40.914667782633515,0.7753174895320664,779.5357282677606,5.819962176074614,85.64950693627064,8.852556729931809,103.40597050145072
44.566274782833865,0.612424479091777,859.4715358383771,6.216805568514966,79.5364472868304,8.986419846894941,109.83853039577437
47.53233872134025,0.6508972197808529,905.2920090125114,5.369336276831884,97.84944781394039,9.603029773978477,104.40730503673308
50.284403879168295,0.6446051650161287,694.0418971279596,6.073061252003536,84.32094061099215,8.86397422444512,98.92865727277903
53.68706630893256,0.5689521739323591,760.4931189873323,5.253664454507624,64.1785871872343,8.690971427214471,94.05582691825116
42.35818371938357,0.7802765302688466,780.6565519742462,5.757170221726931,78.47337791720304,8.997366129183764,103.08991018016265
54.53020404610503,0.8046868637653339,874.6287925272984,5.76786014896571,68.18610867740102,10.15958758409657,118.9831456888933
49.917751423248205,0.5221519216559446,757.3256032890339,6.777350281413418,90.9964227319693,10.002280758115502,94.01372518750124
52.09820642051097,0.6922629402208321,717.2034501027545,5.85516718351117,77.75747085934648,9.6015227050746,108.15844649186305
42.05894789573617,0.637949243177264,770.9376799221747,6.160307632081446,66.52158716535826,10.421111972258785,107.6541252309741
49.41533115851699,0.77759679273361,740.2565732843055,4.940513228123217,67.25992267344402,9.54212084692859,106.1463980383462
38.65827291663051,0.5672307277488557,832.5916648880234,5.672603156461149,69.6837986368148,9.110045063661667,107.15748721799899
49.61256158050379,0.8386646063065786,936.9838322899332,5.822942588234352,82.49423553799001,8.19981119649497,102.49862199434448
47.08027194914778,0.8571228548636208,878.6065118602619,5.120510790249046,91.67292738016306,8.472008236792023,104.16906688293804
52.00590403148485,0.6673481937960244,864.1811159800801,7.0857806548013,78.9463062691983,9.609939627602696,107.69118082875028
49.909279056025106,0.746824733669734,761.837871743956,6.064679930046237,78.82295392645662,9.42832761182226,98.41903622527116
45.192708757519725,0.5834189181531926,881.6782745873429,5.253526499932892,70.62818424833995,10.039378388825446,98.1183964178717
52.03271746682926,0.5336393443979932,812.9383090284904,5.1307773688501435,63.72714700770199,10.117670788514685,112.24665339351296
46.86309771697664,0.6973168542892779,793.9021799934912,6.628823538970163,84.63043860133963,8.060166213331314,103.24167172457508
46.5091219237382,0.7448198530919169,801.5310350802935,5.592089067939238,82.1660130980585,10.222349992001126,105.14199953288649
54.49294860107336,0.7302944968244266,852.3712979658951,5.318530039292577,86.28710466261823,9.110195139548447,98.4137561609293
46.00202475066348,0.46984196842765547,725.861926620678,4.96267574702458,66.23317212408062,8.892111160056528,106.10493595765018
44.24963477843372,0.4507958881866224,635.7776033650355,5.390790069645281,90.65317656625008,9.518973050889793,105.74820616641911
48.6504594313198,0.6400070574100085,824.8738731200905,5.831460337129113,85.84252957615159,9.583781272833514,98.15550482529322
45.80679824023287,0.7213706613452613,756.8100248922545,6.725225425142098,86.05702466468335,9.971351575011418,104.5469238534685
55.35209713775187,0.8005677139388138,852.6427140385872,4.925970432446986,82.96069898132984,10.954301117958263,108.17398776288988
55.63406331464323,0.6497122504761838,850.0073860113067,5.245511407457803,75.3413246661955,8.20819243035663,95.34464463886587
43.94206201511481,0.5983145467020254,907.8401547145479,6.2221893806461255,81.36373289417355,9.747036657546143,99.0531851615456
55.55385111077113,0.6887893536776675,682.5127199963134,5.889450681476156,95.77114366393823,11.797988297836486,103.93209116559042
40.56103036787374,0.43851424291005414,868.9754673587615,5.31305654931548,78.18307813756446,9.219288984302548,102.60816976310088
40.06840365670607,0.621779903769477,734.2895805539102,5.925942047388,76.21410817634036,9.326382866871818,93.368923504302
46.85314451689911,0.6669303361227036,812.283819822673,6.217388332212569,65.52090095490794,8.963606019106706,106.00048912771565
43.250776812363384,0.7647699226780652,863.7389817866926,6.233093631515486,69.89431043196784,7.954204564053573,110.95752467141259
41.69067970713325,0.5137907067970897,780.1424877153644,4.780790493531418,68.33404327526074,9.897654080871616,105.14631342588041
47.96549444720593,0.7997477846543936,862.2558318092806,6.620304054094312,78.89145386799753,9.482029509664684,115.71743859292098
49.03077132915269,0.6875865852626726,759.8028148529112,5.640651947795084,88.76406201719524,9.932354595821145,110.85238116284768
48.55352903507144,0.583306280825833,858.6613892259951,5.995088932926276,74.98357601255344,8.167886246421281,97.47054870940094
46.53441871849329,0.6511971093523099,705.4049271803651,6.53250651814993,79.42256683586304,10.444431029098062,114.45495135461891
45.90448223187069,0.7917589824638158,746.3842722925302,5.405688964532585,75.11497557435764,7.610235647736198,104.63337666885221
41.95020291344089,0.7251249305334889,849.8380803990276,5.787530083621341,69.57463158537917,9.112618632306113,105.87464720383672
47.022831364300195,0.7462804836428223,702.0113147841597,3.526086934456705,78.9967118877217,10.15672416045508,105.56551096745973
49.115133152704374,0.830015562422832,810.4237408602958,6.1278126636396335,76.0290065996602,7.839272191028464,113.95394787509437
41.58323137474257,0.6215005934675565,837.3806064206574,5.308173045418461,71.39353533548518,9.210114454363326,105.82173766095568
50.67286396764136,0.8210281372918804,779.9715638473344,5.651722052546342,82.78203073287688,8.413659902840287,109.08320219818786
44.15922922038668,0.6612768418641175,748.1273470934277,7.371397407224533,77.03286243745902,11.331301433919727,104.45255500619459
49.420962203017595,0.6520498907823505,846.025848149199,6.459485177594742,78.35135992318482,10.40763683380461,97.22786110901734
50.30263352862073,0.6902576639718795,829.0685729118482,6.000766583872895,80.72857038741896,9.972716778666252,109.98946636585559
52.067934626577205,0.5922674224187449,656.6896426785743,5.8025116660070415,91.42995930052895,9.299927678583094,106.60659530939793
52.22775081276969,0.5767102720528756,812.4905690325978,6.260845056654669,80.03840873678803,9.37215085171768,108.12292823771698
46.65884699251765,0.7172570631236603,843.3749329083238,5.948732239346711,70.89366048488455,9.459732101167969,101.19077593009857
50.349810243622066,0.6631485734034411,703.5654338584203,5.935686678742228,78.79574131397408,9.619397653427898,108.2723059912936
40.659117342993596,0.6440998290783503,668.9677042564484,6.31479855961363,87.18373903634112,9.108168607012015,103.51505064375708
40.37206759946391,0.807558063758824,815.5988754627864,5.681640800775161,79.40198960369872,10.935651157272186,100.47909340795343
53.02930585431308,0.6898748560824994,943.113747938882,5.335908961473116,89.0367017320587,8.53481299084827,102.08138936088683
51.38220239112826,0.5608702714593,849.6821718794631,5.568268704864369,90.84363439389823,11.536982343251118,103.77683046956878
47.28048508856565,0.7650506871738456,709.3803676178854,5.422574199525999,85.5218404902361,9.738230956826104,104.95453844071349
49.837788537631894,0.7508120765516322,736.0339943553945,7.010842423680984,70.2901374390791,9.22365613889928,107.80469121527186
41.520044239599656,0.49491789900694105,788.3880608385119,5.329390652352198,92.75123791020641,9.493752194328675,97.84387680963458
60.36914023038642,0.6310879093254268,573.0962221237033,5.59892316234364,74.00868606766551,9.800230641511263,101.36352695025566
44.07937981621308,0.5180083341208694,843.4013878741814,6.297607422820283,76.44457195189315,10.084525594116183,111.78260256475218
42.36917603932054,0.6871462441431335,774.1369874796769,6.921487190526989,72.95405942369844,10.161049212397426,100.55312228323623
53.92480367560127,0.8050582183428049,721.3583335192827,4.935280096375528,74.35648763362747,11.314829414972163,105.85430191225655
50.99629524886277,0.773378529373696,679.9536998304285,5.984039778068958,57.54135669995659,8.139135418689442,103.58594492998499
54.80977434959541,0.668678790425253,931.5428801623831,5.458504423457334,73.52095058731528,8.249267813295901,105.94960179009726
43.73737440461341,0.7445054290471377,857.4633535877774,8.242757261438163,77.17933900954725,10.570084911627013,106.3587941518991
51.8973591580338,0.6958057422723812,651.9848141665573,5.55941538182608,71.05890804423203,10.162915460070055,107.34955450205712
49.49730837545593,0.7483293585869031,712.1031852796,6.376631920345976,74.97464871971991,9.525261512239688,103.88414620089381
44.07404430304477,0.7054706811836777,632.022314527112,5.796791111715161,73.63969638639331,8.047651962944125,92.48326346199191
42.39073938090659,0.5626705383905617,899.1707681117487,5.763859281310838,85.8174865926772,8.207137171955603,107.82689996460181
46.172361039479995,0.710496741569179,948.0469482079045,5.274085285931143,66.17660068133543,9.094368290149905,115.5570490136287
48.80029382881263,0.8373036247680573,881.8469215982582,5.237287951889649,81.43463826499864,8.503042185633722,100.38668694713526
50.745359564331416,0.657102127411644,884.7641838326865,5.971234657730746,67.15961586043771,9.625672154326967,112.72029517288338
35.745119983025255,0.7271391780233857,842.7329699184327,6.252897279438329,73.97256036220382,8.935021395195621,106.33879196887592
51.41801451008767,0.5944583002913351,733.037491456916,5.223704409307311,77.55687106390404,9.133335448189355,102.39459246055858
41.79779265380161,0.7303680319326338,951.154940857963,5.479962026704387,75.71310977685617,10.55363270964156,101.07583159256995
46.42021467070952,0.6455582355601077,880.679524958,6.2933446940206945,76.13512786028468,7.967308228979121,109.819108603851
54.51245653142257,0.6851110173610585,737.235640726233,5.727416411656924,71.50827815649647,9.356637784138014,104.5618427002547
54.21343871350634,0.7739500172439867,878.290190436338,6.359092137563225,74.4744374228121,7.891590266234465,101.51611591357121
53.27167484149926,0.47206812136852283,736.7060500185044,5.460813005184135,88.84120922680825,9.812520582144971,101.63288404919798
41.00768434769281,0.8433861011360265,599.5228435475981,5.721796907736429,71.49902738392963,10.224338411758916,95.50519002052265
42.86303733947073,0.750901023084785,830.6204180996294,5.360769437547852,89.75213084469512,9.63793787861701,110.29895660413314
53.406350730113274,0.5087151214088056,667.5311238803552,5.716422747050044,73.68492591407663,9.423233542221615,111.34210678961769
41.30969062626001,0.5839483815958965,833.5299578053516,5.4582503598829915,70.66398950160527,10.266102903537247,99.08243883361027
48.83883243543565,0.6757829489745085,692.4276675036258,4.962079953716091,78.91350227034378,9.542475670890129,102.8711669857005
45.26579976638715,0.7427827021856067,764.1918089022367,5.096452079838741,75.26956903235839,9.667790120905611,104.56120611386804
47.48615069948618,0.8049693477240425,875.2918928399421,5.838021608666942,67.7608536045239,8.399122732675364,98.72493393819506
45.89376449237403,0.43288961009616866,850.7023857150118,6.423187724605673,65.09041518920735,8.463191817097657,102.92492872786096
50.78596736750139,0.5611474950732549,844.0714249549081,6.01126632824654,72.78856484185947,9.683767972082556,95.62174431015502
59.77030100589724,0.5285741008699135,814.7023422041851,6.366397172834132,97.16147055622689,8.940804034927782,105.33115894024296
41.78832087333638,0.5576885892972356,826.2703676311812,6.784698990730806,86.51301029674497,9.954067688308493,100.3906255144492
53.63031271789858,0.5975544683609662,663.5468480188058,5.861498838586544,80.11020468134346,8.905874388958736,111.949942161478
43.20777753411799,0.6832408160062953,720.2419203965283,5.564814843131212,75.46765826708216,8.946768230599972,94.22128804647927
45.00376415800875,0.6611349291578583,752.0455099102493,7.051131779473725,75.29520670820955,9.39992282592744,109.96916828074005
43.391395847965114,0.7575788146661999,739.4940565048697,5.8262827882669415,74.93684412728071,10.040412062505046,102.12307046393214
50.80022418442068,0.6069550990560044,836.2598158833684,5.598509298493028,69.87722436528401,8.963132108072399,102.68572466947361
47.31498031596397,0.542784604586452,888.9538155973627,6.488627317678355,67.47350111351052,9.31548346882753,104.5826887191165
44.599525690210484,0.6901293804146387,901.3442094195813,5.637808765579143,77.80971835010534,9.095312416722738,106.02642335741822
58.18672530821196,0.46999828529273713,780.102120883236,6.023859881440219,69.22813973631284,9.808986514370407,100.7883920350528
55.56901488724222,0.5474615168905141,791.6541127294425,5.970871098467395,72.14628822845548,9.593443563964211,106.65572233632659
50.187375248724315,0.6446560243552785,861.56407273098,5.644956770726696,81.12235907496046,8.630742799320798,99.26217670752754
45.450916727415304,0.6600863953256499,772.183408725482,5.666913453989346,72.03189214924667,8.991516686277814,100.70787512971225
49.6819402516453,0.6925019264812816,789.0540065854792,6.236150297068305,92.14483712729273,9.063163141520482,106.47098972471633
36.48291162822511,0.6100461236419444,879.3680114226529,5.6714166874809395,80.3085593436937,9.687800672146382,109.81410852169529
51.652181949479235,0.7277842101776183,925.0325195055427,5.436580265102835,80.18390708376396,9.374997282425122,107.51636332051704
56.24433137146435,0.8835429859380493,776.6886079993695,4.332146902467189,80.23027910103251,8.872155508123086,105.88880243975414
50.070393680089495,0.7438523989757044,1040.0099012619394,6.924610912111631,88.84484664331367,8.7325504548276,101.72871737029755
53.50565698645113,0.6962803598699513,732.4138558633268,6.205344309433109,79.33516861674599,9.2608146667725,106.21850372990498
58.08566476989938,0.7313522752429534,819.3798402036349,7.129431012248747,70.37785265071103,9.097971087761678,102.7296684651489
55.27658166078016,0.6386937971211843,810.623021391716,5.520221841891156,71.65923056590655,8.953590295393663,101.1617734071511
50.104597881316195,0.6777628944498788,785.8560997349007,4.745047528795901,75.0781862038959,9.156883662780274,99.78306200295481
51.23949393442398,0.6748025391572448,750.6349689543707,6.553872184594002,73.94707517504523,10.304327443059455,103.87006132790455
47.85623841784912,0.7661183724908742,705.5285314672888,6.288509878918471,68.35885310345589,8.462312757951924,100.00733901183254
51.04613595125607,0.5890201174054452,869.4357891393287,6.0513963988506925,64.29309694243128,9.362351558786925,98.78165647412054
49.46154087815888,0.6345362697983307,860.4841287061918,4.900622884046484,60.046218076856135,10.513685252092294,108.03701803350212
43.96580966243961,0.7310394133449674,943.4713907082291,6.063101750980684,74.1992323633434,8.889055721481583,113.32550510353782
41.32720519191494,0.5475025029450614,753.3819148001973,5.305335298954144,94.26087545241438,10.101017282561372,94.92430424807172
41.33398533292052,0.5552183022740036,809.5696707294454,4.756414670292872,80.90762941445202,10.599844468743612,103.66146996635001
42.626525628264815,0.391205558182527,698.4348171208818,5.8280465608139,69.88447226894642,11.090853870667292,124.71965498580622
49.67842460878572,0.5679542406352587,807.3579297802266,3.4857056555861297,89.07788990550853,9.522266800464772,99.30197500469502
53.36670407677951,0.7140872231024972,863.482779787323,6.179712809597463,68.9848223880956,10.739999742746216,105.78584450886645
50.616173550669906,0.6668296575512876,829.3283491452129,5.071542939771423,89.25000459826086,9.157592711438063,115.91972673331777
51.136246761607225,0.7099515522920868,587.7848701788557,5.710907549817235,74.42348589556151,8.926678818848869,108.74216750822556
51.05516664488217,0.5010889706540357,710.4192396894474,5.702808677376277,72.06820127027436,9.697900184672623,109.61073102591924
41.649521976698644,0.6419965491027952,711.8523970821223,5.5718538243881275,82.27610257658854,9.774790582627427,101.97652864232192
43.36390573405769,0.6334357001887447,700.4106404905077,6.698642679750897,75.99315783161468,9.827307946318417,104.15076610104737
52.301159444424535,0.6452850873720597,729.0633544281213,6.129473030725868,82.82980137171376,9.790836796121877,104.93246457208743
48.76848076041795,0.5732684090275436,750.0087481953691,5.8919498078032335,82.06499211837043,9.336867691595332,110.20284175746495
52.33755541835889,0.44002782992340483,694.5491683083442,6.165736253799296,71.87807742335615,9.851660463547576,102.91985784123241
38.07512924334522,0.7573766206018666,853.7648742788542,6.449365167590211,70.40133758283608,9.749295170370473,104.00048777465342
46.63813994438254,0.8277085541131658,811.561640575797,5.393956345867799,82.69121093177493,9.902091831020357,105.3665148581948
52.301588832760324,0.4827766727281092,814.3840973855196,5.301514089521682,69.58097305636191,8.581734302506726,102.88559743011099
51.102238064485874,0.7055941635576743,704.9325554657827,6.291567121927547,93.17592795259361,9.68992270866746,101.54746176959128
46.92431656176018,0.7441377083878986,628.0589741748105,6.07912681755907,61.95752074748751,9.687381840093359,104.31227175200229
58.120462395179004,0.5575095642405788,805.050482153254,6.121770783739597,62.96702145082918,8.64548342527905,111.06209304667863
45.060414877800895,0.5782252043677507,734.5250391633184,5.692673327482729,76.3006513529268,9.861520867143298,97.29411041235507
51.791163535950986,0.7523092323035571,783.5136875568385,5.778027354047824,82.12670409045457,9.03624572173077,100.93055173249131
56.59296916721388,0.7136759379449567,722.0476759066667,6.1308154695507975,88.62706521080237,9.52131692419057,104.9345359854471
53.765173799458125,0.5982774737717885,917.8021161970166,5.8581878879173335,77.26950789987767,8.983200483079749,111.7184558121925
45.46609616811719,0.782762292377587,726.2224701167485,4.806017983845388,61.93128313327945,9.837420596685687,98.18643770602469
47.96513438083933,0.5489514071033074,866.9933829768717,4.724167078724179,71.88144043320136,10.366615057639265,99.04914558640063
40.84109728180347,0.7267436136557195,612.3008073762351,5.778416722671148,74.25533481731743,10.484990870974556,108.06585012127746
47.67824542014801,0.7745411668553444,753.7331766166582,5.6524226053208215,78.31456788666509,9.267986443189857,110.51721995373357
50.88013609060006,0.736080917065272,774.0899934946298,6.067474984560549,73.80982934982694,9.174065039856883,108.98846883960685
43.13944938779545,0.6644230059278199,740.1858671114674,5.7781430330061845,81.73921611258966,9.297298596779935,109.28241866608622
49.74567088128377,0.7137587634918979,698.5390482529839,6.066195004360375,80.37531653067248,10.4891653330534,110.6758064509768
45.778514843683126,0.6657208683074974,790.8669963259956,6.83111830306049,75.54987010233147,9.42276912613864,102.39077240156874
44.419788573308686,0.6386637292386694,755.1488779858539,5.756712982150747,94.12825626013236,11.057421791223053,110.13915578511603
46.03954884400437,0.533475687438761,737.6853089171057,5.962655330521011,71.90000898372506,8.93715722032453,109.70473714940543
46.91667552880355,0.5592308709505616,789.4914537200915,5.538192245157823,73.50602295578877,9.241981825796282,99.0247975745706
45.32515250654302,0.6067676701333341,849.4443547041723,6.0900356175688115,69.94749565843064,9.363019985544458,101.88575368558367
44.322493781477476,0.5828453291375657,836.7311506911096,6.734102215482755,79.83921135135937,9.712445823776442,109.69472712365872
51.163283974576316,0.5020165269578455,758.5935245222471,6.026081610521613,80.59398125423867,9.917820235029767,106.15840759535773
57.403745005240026,0.6350264810016767,870.7485397792045,6.037438128414654,76.87542130206161,9.304070362515949,93.83652026546879
52.97251445040819,0.6337704639323043,727.7621008559603,6.0175173497291,73.12626784661545,9.573419226091275,109.04215623209367
50.37748487248277,0.7059709502967346,828.4776772292452,5.209178282093984,80.45229731400316,10.09064925589332,97.3331900707973
44.03809705621015,0.7133738170406749,763.8706009909797,6.066553542439743,60.47676815040066,10.601341605315454,98.0970948467371
42.895447529508,0.7920818512352745,881.6787591062607,6.81456665112479,84.113220566699,9.117623895327398,104.04220412107593
45.28784807212614,0.5165225601710207,776.7246722829602,5.791190124834774,73.3287360883587,9.815349621676067,103.56645937985381
48.70757040101852,0.6205420348091861,696.172738308673,6.436012380079233,81.62595643357146,9.360248899300835,108.31378874313728
49.19806623999644,0.6544834791364783,698.4332848522433,6.375599946930142,64.14964113849284,10.59014541820946,119.16574599629118
51.189042682221206,0.5372807989758592,658.5854431163582,6.016701667692236,77.63184426057165,10.088761926453845,114.20991615914699
53.242210044847624,0.672614763429815,622.6195152081405,4.737301975401003,81.33267901452895,10.424946578515504,104.77094808204697
44.98570456009599,0.5612589848008529,839.640093533852,5.605374069308925,80.98530383879464,9.40241350035859,107.07751272814662
39.08371210746761,0.680010681046877,751.7060358970439,6.506803923618399,73.73257030394078,8.46600051946813,102.5526605409917
47.4076847892465,0.6018537912697216,761.2079867878365,5.336623031766147,80.60263759301178,9.824559721864627,110.27603694842813
49.76932531836778,0.6406522241556935,868.9632803245938,6.073954868953955,55.95649099821675,9.412034563326383,104.80356532926368
43.232877995094896,0.7743137082166872,878.8112351263742,5.980420855608337,91.4978672683055,8.56087981164367,109.97699342051173
43.47349307525394,0.6800147691901178,754.0128667704133,6.05025572478352,88.52385517872278,8.892077839450144,99.58936935399082
52.826185111633066,0.7439950727323597,800.078173049626,5.786844621385489,79.2915074928841,9.570663617224312,110.9215621137196
49.35207532375927,0.6074990829070649,736.6210470330263,6.735445310727003,74.27783701037924,9.294367810783958,110.3938302327843
39.14955658296269,0.6972000460436032,862.1117611231147,6.469598860139932,95.39762688411494,9.70056949386764,110.10646588927098
49.019291056848495,0.6487487589838273,747.7477488151048,5.208350570121186,77.65322230687235,10.345376078006378,104.52672274661198
45.7324276396406,0.683635709215666,700.6048706524355,5.297980067951089,78.20350370503465,10.120623261819,99.66277032729052
45.00699285645482,0.651011984986975,776.4664369779159,6.013807243101132,85.25327975541585,9.515737993903535,117.41078116507094
55.28835281916256,0.48028737493505913,698.2582119198945,4.298930101329362,82.08288371884507,9.812213681294956,99.37551787706776
41.76875340985447,0.5452083035880436,706.8968704579131,7.06735253911122,65.22908680233922,8.826065714715668,96.54013714313876
35.914911882695534,0.5883235483879712,879.5558149507581,7.472663395970794,73.71101176648806,12.03791880107861,102.8887384058449
50.45572220512952,0.6910395647163593,872.9523098207922,6.063447169346455,68.37242608612921,10.292081411456149,108.31543770216588
49.02742122451526,0.7000622303831824,797.597259969376,5.824257717229252,80.43857133319861,8.436539916109098,101.71757663614044
48.52619392418698,0.7619715550478541,679.6523326923423,4.046098940571388,86.85259264636349,10.053267320498492,98.9870153168368
49.84703261376551,0.8261562714914981,855.6923622047393,5.781449130690247,94.25311320634525,9.801571591389486,109.38800499431879
42.1041616181018,0.550237311185126,758.1661551232554,7.0444498746453945,79.03719951906047,10.28883025694903,100.18785100297279
39.30878654899291,0.6163236362085237,713.8443650726751,5.5064395122857865,60.873727266448434,9.272903034440212,106.73576385764052
50.36935356442471,0.5867770460010142,824.5406259323311,5.7942692076217055,76.41829739182334,9.753063577499928,101.1701902588156
47.89276693943129,0.736760597878907,676.7760587691201,4.937238409254052,72.16482300625788,8.809033892418372,103.84983074549677
52.17473960547431,0.6281534671153759,694.6245991062106,4.556196185879756,70.83752252929057,9.109043389150063,102.83695951112963
56.023713338426354,0.6745935029760919,781.3746824607537,5.569441853311521,61.09478389911758,9.117828085329066,100.89077188723782
49.09701695579319,0.6089418622553695,814.6502460025511,5.163560895599483,73.84214547339865,9.151124024686506,97.1984480298827
45.458943939132524,0.6036374574058793,831.4891217931407,6.007351253916631,74.56005105546616,9.36632335871536,104.05714526295027
45.19857474781937,0.7330720184036283,647.8704475120803,6.087726364686074,77.06224198307234,10.862250462680754,106.58363103157897
46.704920840846086,0.5835781300912423,705.2745359714355,6.992046466860198,76.78746465595076,7.075119566656051,103.60103075753176
40.96898951603397,0.666273048216516,803.8170632365784,5.796163981734363,78.04656903648863,9.87024271651972,112.45038038232329
46.2798216786466,0.5212360112399355,811.6811492683796,5.82925157475948,91.78435040302149,8.470808996023642,112.6860266484389
31.539099824951602,0.6391433995303567,764.1327851858126,5.674061509482692,84.80390524788436,10.498727110429309,110.65356333263121
50.64439317488095,0.7381174365434171,748.286067623553,3.9604332056675142,68.07659782073833,8.712223816362082,99.87265491514005
52.079534453268366,0.6131731052847663,778.5012359185797,5.43632049030711,79.60970250877375,11.181129327285909,101.21293644052086
46.432495507407815,0.7438283383744756,885.7650055400892,5.786150894348774,76.47095061194769,9.592616614970508,104.82981476778946
42.127383121690876,0.5668244489394705,651.6425653830509,6.299690382812171,74.9106893444405,10.314773664066415,105.54472820984293
47.25682314374458,0.6528953345300802,753.4132116311167,7.275147336060763,57.177609963395405,9.89529518491702,109.26900805986062
47.29103963237615,0.6232110639488457,894.5213516618909,6.199987756299564,66.60434474915048,8.062163523889495,98.4378914201789
47.4629745752814,0.5753984392364258,764.4833964632727,4.788267057284761,85.95754361434454,10.40604904460535,108.50703156278884
52.05906572142814,0.6829013052637237,848.0188689910159,6.086366197424677,78.18692173675159,9.482672981344532,98.02542784350777
47.18623230573974,0.581361426778726,767.7611619377764,4.039998798383271,90.34934963333562,7.5747142546491535,103.19758712256416
53.212725246818884,0.4298385267811283,866.6341042645006,5.816227135572479,83.56989691849344,9.976400354144843,105.32212240987633
48.060590769369156,0.8211289189252058,708.2038068193586,6.820802273063715,75.59943940307029,9.529982566772452,113.15581196949464
50.89851347823913,0.7459485288554772,756.9357225148005,6.038711125431515,87.11847758519532,9.017750780597554,102.46594991668039
43.49519538592233,0.741903036218867,925.4931828611091,5.410365837572321,64.4970530403706,10.0213369709915,96.35266932585566
56.959551001995635,0.5453128950954591,805.3736732763368,6.073219380030883,84.37936115358305,9.890563624137156,101.7755362644923
35.92845827202159,0.6701388155696001,793.4174456609916,4.79522203737685,81.88097001944966,9.468098605459192,104.00840064006569
41.910621903697304,0.5142318251766866,852.8433724564401,6.071068573943757,76.52967737792844,9.588865604837011,107.5258890912503
51.693584482975275,0.6511642481723379,929.8045234582748,5.41606474467627,68.73093631166729,9.212200286231122,103.98156138344406
59.139942791190464,0.6310046300032303,829.9439520594424,6.596582832310292,88.02912109078322,9.830712679225524,102.30963580687667
50.09124196067347,0.6251213238136751,745.7518657198908,4.813087893846828,91.70995642842632,9.695818213232572,98.01768228863187
49.93936416406564,0.6927426417095334,940.3526429138626,5.5824423803665555,72.77112292803211,8.91319069325421,107.42945654048042
58.49514588691009,0.6762197184094759,708.4691138825904,6.8659356813578825,68.19591284614592,9.162038825049425,107.83788990316691
49.52210486731684,0.6028814023269227,822.2989808099503,5.372798665296135,80.63276686067967,8.378030935781739,106.10849126214706
48.67443939578037,0.7312824645165933,714.5822822539099,5.330397257268579,85.74934999330699,10.019504628943949,116.22966749548645
50.60919912821352,0.7058794687243827,807.4849133171178,5.5154906114667455,80.77633101895553,9.073421065089683,107.03015301217616
49.84431066141749,0.6328913501843014,742.3035170674424,6.683138688225985,62.25865190475166,9.983521433919972,105.44280490792224
42.51200612956616,0.76820634186241,724.0211994664527,4.8909857936663155,65.27995797651104,9.483285761215829,105.49183345438499
47.77127864011289,0.46155429489858657,847.1355212759539,5.421324454824526,81.20092830897322,8.51260490517441,99.15166057224704
44.146144734122515,0.6745784665077283,710.4492261131027,6.05743626208376,84.32247204625351,9.4008739261764,101.55567750442019
47.722571895171434,0.6816272607478149,779.5611776175233,5.342035910794011,80.16523843604097,9.517958287225845,103.6112835801314
53.318891975906276,0.6144490439197852,732.15905756606,6.390171522185703,66.60786465477197,9.250237898780563,105.15720874122755
53.03495585592346,0.6002920745576167,740.2515658528278,4.873010595593952,74.61618912117981,10.105585876198816,107.68236800711473
49.18560341771625,0.7502964114258711,847.1797373469108,4.576088398799252,84.89899920711146,8.399123226581077,111.48479453751504
52.503488248398696,0.5975513011201875,650.8852964173515,6.615661176855104,83.72218539414828,10.19888274395084,104.79379652663185
43.1533849387983,0.6997435400169516,759.7661398652468,5.7892129452431105,95.53073078713783,10.67138434804444,98.48551300901589
43.55216955184854,0.5143399491173737,931.9995105995293,6.018452779362513,76.30065065011469,8.78708679956591,111.6483601950482
48.46455200370496,0.7490065829194629,811.3798597221422,5.80706682459936,85.92104450066083,10.406903979025042,106.41960398011429
46.49563504591664,0.5875005902667318,865.5027692671456,7.028249632928239,72.61211288177876,8.539425173664998,104.2827681149302
51.76653040316595,0.6423125503855379,708.3350781541332,6.019502575521509,82.62787189982765,9.18788969276661,108.26302878179234
52.321875671407014,0.578484173814469,575.564501735139,7.160562346173552,66.88688198257304,9.366741686395283,109.4129170760439
47.85638474581247,0.6078022518238172,978.4952701507973,6.297017851715379,87.4829368334693,9.807627205443554,103.24981265971664
44.34453323646939,0.6675291202470897,854.4920734673934,6.735696786379801,83.4039853793815,8.55839667135219,100.17578338835864
40.54591282082012,0.6077968833975556,719.8684230560457,6.415415610034099,87.34457879972283,9.536392900969222,105.91112009282418
38.17483592242317,0.75169090023693,675.3900292799788,5.8957538842624455,88.57759973226737,6.889400147297152,107.6171795946899
51.4973137005311,0.5504071625606007,808.6390753414037,5.948158673717404,74.49755462860003,9.302051020833796,101.45768259158031
46.646882489119086,0.6783604906343753,786.071908716668,6.425565796518268,70.2115418750979,10.233920317581617,99.22199993433425
50.54952890879554,0.6509527971254101,910.1370600304413,6.056733756698311,90.99695073645663,8.949739787369095,100.93889553767215
51.41635759471018,0.6261644898193589,706.1010598664268,4.302866418585431,58.69622230688266,10.033149352742512,105.79545633036629
42.410648434929946,0.7091094541935641,723.6404193163593,5.440013614697099,74.72111303962397,8.533680607040345,114.26278600521412
51.04681917748298,0.5083601882739306,793.2972410499988,6.7219502201902115,68.3137363985589,10.06548565380739,102.48447748618065
46.7557559914553,0.5838271893628266,740.835616232779,5.315476467876264,81.89681942713031,9.45350756307656,95.6612141597795
57.50845894253821,0.5933146494156506,767.4665254415454,6.1876514973459225,71.8781336105574,11.014682790480677,100.26628248276644
45.40717858046171,0.7478668103557018,613.5919439787535,5.150614015462835,86.6746836548248,9.40288129384764,105.45830831065851
45.19716973870481,0.5923398277751297,781.5550931570323,5.566801888207402,74.54444414656733,9.347101008345643,102.59230709421894
50.81437218558578,0.8073597234063433,685.7803468261158,5.147193459776046,72.43726036588845,9.235741672701689,115.93244768198777
41.32198738388811,0.9146061802834556,691.0235581447911,6.15793088887739,82.20148583372873,9.48715889494907,108.2371527129254
52.929248742242095,0.6701765984497303,810.0983991204766,6.746287888067632,84.48720375183076,11.242867615405832,107.21918650480664
44.82937131786978,0.7021621940217716,754.66277599783,5.336551032657992,79.79503121958109,9.318361105033883,114.54519137169879
50.37474211904406,0.5984045764868461,636.5837504095579,6.154297428953458,85.66673698876527,8.6983062300827,109.84175803245022
43.7149892016644,0.597493547814344,625.3132263685081,5.140594702446812,71.55912104438461,11.05616670390398,107.12169293503305
50.24542770917454,0.40323280462383815,885.5566601886253,5.950817829190657,72.33430600114886,8.45715183050184,110.97342630664713
48.89909155188376,0.4686067824388136,794.6549335120549,4.955458467007928,73.53185147122765,9.597706741227935,107.65331158508228
44.798655163495845,0.6045975720434684,802.4208933548201,6.118373746442871,84.66783055984865,9.375931487155507,108.35988980249562
53.50830785308443,0.6134812958553257,757.4657587947149,5.538321399685609,61.762170841492505,9.765026446496845,99.92770866458918
44.500036157524,0.746404335778792,733.7638370233312,5.631107324048303,71.34444227495916,9.74323313884463,110.7520228338766
48.12182132467538,0.4548987574043911,881.648316622078,6.216200688344948,88.36060823016898,9.833260728088247,112.04090218952084
50.80684905935807,0.6068266851055021,760.089975908556,5.3588307285394965,70.39865988001927,7.831671479532471,101.19857210719876
53.0956033102045,0.45584859081437,839.2271430078216,5.922012690072125,94.55421301200602,10.229881912989269,101.97734171697509
54.20063546322974,0.7347112517664895,888.7787010825376,6.120527334264232,95.89156038631292,10.912965677092057,99.3565516426932
53.52724260573595,0.7569636308530341,754.7262731352499,5.696320378231472,75.20203803172572,9.147063715394378,101.55974259065123
50.70364263981681,0.4935156219832299,861.0160449854704,5.411301156566755,80.22124810165471,8.72778080800853,112.49988357490489
39.89463655006743,0.6275291084494785,825.0716338922459,5.775955433295608,83.64992906857594,10.663037489795464,107.73509396142602
42.144159643279714,0.8391356572018399,892.9481953276612,6.372680563076769,86.2155758211282,10.456836042059079,115.41078218708627
44.48251629003403,0.5776660247852966,921.7299685245778,6.655294757611134,85.11985348181048,9.323913678659979,109.74334583055908
49.035794565018094,0.6047501169381595,752.6062802866993,4.635538040534999,89.30381881682074,8.916898695332517,98.02647220698086
46.67640106929964,0.8531783756245105,748.6212415893807,5.630665315938887,77.53992905003665,10.078560979403735,104.81175957345735
45.64930485308121,0.6992055013939066,779.6332928358471,5.2076459969634135,74.25257278603496,9.364952559944042,108.42011977242845
54.9409038566189,0.6547602845302118,821.8270349814818,6.188371212543959,82.71874610101048,9.291594528124193,110.21180761060407
59.366238862370054,0.26548340998786885,751.7194388078256,7.633947104836504,96.78158088229911,9.36089508692615,111.92723843102917
32.707459929302225,0.6785756945033627,752.1366657977379,6.288031319780532,92.17521217057326,9.38863869974785,103.89867279966006
42.11493817863495,0.8704746779160849,704.9493752276987,5.947567857904254,85.41665812690307,8.608994996237433,111.41638775727289
40.26855459683662,0.734337245348131,879.8903619878064,4.409597649503695,80.02703771703436,11.922113401050215,95.24101148909527
52.65322814085614,0.7763848554594184,805.4528153920259,6.412617575491974,75.37243590856573,9.914056228104782,99.85068134158325
42.26670981939167,0.5329350338939174,727.9605263792187,5.391649172170834,78.03177283811854,9.659372987352159,110.14655503835506
47.61946955401084,0.5702326693258062,832.4929911519234,6.614189274453139,62.14282035293155,9.2585810976208,111.44973445888341
48.150919672986284,0.6365313851479767,820.8209163528016,6.142468937143516,80.04507113308745,10.180696697501919,99.04080733549202
39.83361446783795,0.728055251397676,763.7328807990889,5.529115614781381,84.02591927660099,11.28724840372534,103.58970913685297
41.76281234939199,0.6312513872274261,762.2877656183942,5.096116152695421,91.90536513401759,8.618279707623264,108.63064138995665
49.495297427161546,0.6850655537780208,652.6455812128323,6.650124949819077,72.31364110209668,9.161223747791107,102.53518623992248
48.249974621873456,0.7252019214308779,747.6167577819602,6.733407904701432,86.38601479461349,9.023148443790904,105.6459212924477
52.33080492903358,0.7341477416938794,651.0271008171626,6.429684253353054,74.59562833060404,9.630324563865189,107.0051436518106
51.907192581558284,0.5142119275766734,822.1714359235659,6.567028794873503,80.70077020343253,8.328432625914179,106.45183422947899
41.61862937084361,0.7751512838782172,691.657577567252,5.515618358043481,64.11709867822344,8.240063775844163,102.93329343180466
38.80473109394129,0.7319296184894488,801.7495271004386,5.968102054702059,73.39880612175185,9.35434374896514,109.7375191817067
58.75839648599537,0.8413379074600031,677.7787064267334,5.534351596848203,79.57386186408277,10.127552521064136,111.9087537342197
44.649127837359956,0.7079011153842178,859.4742546638971,6.1670811149357005,59.180454458019256,9.644999338840941,106.04145515118927
54.98483465082402,0.5015988816632188,817.350145607762,5.8855740651184645,84.22802761463355,10.19814150729277,103.8896573856359
50.323463077392326,0.77194191320445,731.5361383438355,5.61005913561887,78.25149082647239,11.189991385050094,116.22084307234906
46.35451650567312,0.8002942981092188,767.3972898415583,5.331246603210875,76.77343005035391,9.354120349078183,102.8235503202751
46.52452996611189,0.5778118019852986,729.5115635234537,5.156132899776993,73.54153318858091,9.889910266623188,96.82608066358291
48.06139416358416,0.7562473822530111,803.2399050199023,4.19754111435853,81.92717662593924,8.558949863947245,107.3271595266827
50.75308887604208,0.7621045739057649,698.1165062539793,5.245145204111419,85.58079114401251,7.619633264273428,90.47028490930184
54.97162366642047,0.649025041380997,686.9021942188335,5.6556560152355475,69.04128070208351,9.60847789271461,109.64266029043455
44.86679651394081,0.5491972747684766,841.4216804859645,5.915656807790072,69.44223829231969,7.757424080630893,91.28595975238451
57.4347932902163,0.5854551585940189,735.3046844764075,6.49665618992839,89.74886965375207,8.965923619229299,101.55071811800846
49.89367947177679,0.6098249296124292,817.736395045046,4.784895658742491,76.31277679438953,8.94126101144479,111.04792356686421
50.38280405799725,0.4996117871530589,689.4633793547894,6.007716170450248,90.71667837578988,9.010722925585945,103.53860689162369
54.659458214653746,0.7221103597238164,623.4370534644861,6.153884549437561,60.52598992960129,9.110285996762169,102.08895557006831
51.82089303292202,0.7466446437360418,866.1149555938547,6.2884881644869255,81.50687427570642,9.444504748489365,115.80481524822096
53.56295236303964,0.4851454237406472,923.403292541687,5.962179893572714,95.88845682491038,8.850166231880015,110.31038145872607
55.37583262889262,0.6201387119641457,779.7892940144549,5.41630425195296,94.0601877754604,9.976056834942465,97.8044473514902
41.83046949310233,0.6566931897597109,885.2212397216907,6.317562346933961,69.06586942807525,10.166412486786014,104.98482879675352
47.13990022391048,0.6578510318887048,837.176815297898,5.921695636698263,75.36536521670862,8.70180999438015,111.15209430831497
42.736208111041805,0.48601104330016026,727.0399739471953,5.577013683027671,64.58389497484325,8.552469200004335,102.62761501483803
40.519682624184895,0.6599440726097334,738.3342871570558,6.192387426583782,90.11909707925308,9.397919936241394,102.78631581799553
54.58975981323471,0.5991439721928141,628.7666420228246,5.393586948337861,85.63096408822221,8.086625163361434,109.78776838859399
47.20568809414463,0.6384236343836291,749.4055748745521,6.183547364495817,81.26841620072047,8.241745796307029,102.92459260833128
59.932675798856565,0.7536961011673893,786.6641848469178,5.527721443224412,91.61062518453868,9.576365775076415,111.11784519461263
45.478085810252075,0.5933656190140215,623.413525005441,5.347673610250349,68.25597554839672,9.611421348761937,105.89125675531659
53.74062234374391,0.7637834471142912,737.4694300825827,6.1116335576042,84.71880714761957,8.485763512750626,98.18368133771155
52.69894750444408,0.5706888625144442,826.0268684747256,6.4668775398354335,68.83354988448815,10.113561680350376,103.67282757131416
52.91865272479804,0.6569245958431548,953.1154018630727,6.1367488225078475,65.35357877900252,9.455952837673951,107.84142504472759
51.755044706311374,0.6620666062919411,834.4715912756926,6.040486472197929,68.49894485302835,9.787781749618436,101.6255586663999
44.19476851594918,0.5886558432324968,689.0634254153829,5.339907733663007,84.92143741235323,9.050902024329108,102.10194113226946
46.31814597134005,0.4549541191208808,735.3117727451672,6.041048761393054,69.3314119559033,9.917684386389842,104.21803332149992
48.27996591990166,0.6987909090664729,818.0899217230842,5.776024602389332,80.16853119532027,10.767565542640423,98.88116784416532
46.16815036098663,0.4933226820379548,885.5534395944912,6.064996597611996,81.43444102725559,10.276914099753359,105.07491072318479
42.250759664604985,0.6929581987311025,660.7022500321137,5.952575097513348,62.776091984534816,9.774261585642192,102.04875795608804
49.87919267016634,0.688251256942808,791.127867705077,5.794765553918204,74.15912680444868,8.90942484476562,104.19754048204081
39.018598457231555,0.4944882352754616,689.7582628752763,5.7823030529910895,85.20784476838057,9.75539534995479,100.83877095139866
47.90839762926878,0.6171930310831553,823.3099408404495,4.662832616037316,69.548327615401,9.579755984028836,108.81841011259397
40.70111148610515,0.527297798739927,722.6938545856952,6.376737208663798,73.76093531650636,10.295747032753251,114.86095791815126
40.20800591657971,0.4863746460597924,765.3699902892581,6.50790913468659,64.65679551174239,9.956162582990778,107.40862720039293
41.992426067570136,0.6278608711596062,850.8917199586539,4.992524010907809,78.77946322315324,9.779962729061221,109.21210604619544
48.24861116961999,0.5431991578234299,802.8158070248571,6.032196906805161,77.09900316805306,9.003715760106072,105.506837379733
46.46241649707736,0.728749694870072,757.2152622539744,4.967540860699132,78.87929869282894,10.60694677063218,110.2706868273247
47.64225115157754,0.7078872126744884,716.336878214364,5.494936068791636,75.04165616040525,10.58459772041253,114.55528647896935
51.74728942663379,0.6211690862659344,792.9774046856045,5.474068595488935,79.8091564836939,10.438113487464122,111.76242471991412
55.372758805533394,0.6910162092641831,595.4850053659817,6.404460331678061,85.11553416839826,9.63037547950714,106.49338407397137
47.85072443013438,0.6237437658388243,842.6194530988929,5.265659622449829,90.80262777064367,9.023390804965098,110.67487734382783
49.53534506275047,0.7834037379656827,724.892164351328,5.915415625560808,85.91324869227553,9.787655346528629,104.78009904182458
47.80758415121598,0.8257259893825957,762.574593291131,7.5658246656140955,91.11477505068831,9.158776466591407,99.21382548235493
53.74115350088667,0.7671684865686349,717.3385903102759,6.6726952863711695,67.64299382950034,8.160053187263554,111.57361073087039
44.06707779032211,0.6025159570649221,816.8245281932807,5.315711868729404,64.82753294230919,8.18772959214318,102.70519048991687
38.782771375620676,0.5284631869731189,780.8299226843307,6.109969376444693,75.94693166985552,8.718809342065212,101.06133285129167
53.26124907216381,0.6846123038093812,823.5185306186941,7.022714209261068,84.21320693651211,10.508391836593402,107.11412329025202
47.39761928718418,0.6331776773736982,724.0190238397857,6.928333761811195,77.39887473816287,9.761785408791296,105.5212529716322
52.06326281444243,0.6122637172788095,740.8104439340494,5.210365665751647,59.40971326733772,8.455857110212042,100.90982963351351
46.98392495040112,0.48099872505637753,792.044311390054,4.59488978828846,81.29704939626674,8.64983702139339,113.10608844293947
49.11301474405168,0.6593694531673554,756.6375522974041,5.4458797843709705,73.8347927165782,9.358944255160896,112.39833172424464
49.547752216240205,0.6714365952285168,712.5759600687735,4.647093415632722,83.12181753741291,9.540170435938531,103.6431774009152
46.848693680963805,0.6584327167958315,820.6202711499787,6.302921819313329,67.81289060043278,10.70969550700075,100.38432660768774
49.04657044159125,0.6366549133425138,822.483136541524,5.51521065827589,79.67436353572569,9.886993678004679,107.946535439658
49.860650260139,0.6965349060571107,906.4637842845673,5.808607306422965,60.78504566189589,9.105291485669715,107.30258608282934
42.52495640108581,0.5553946567958382,731.3943545448648,5.2537437082863345,79.98369509055642,9.790829636785652,106.2283773301403
44.54753781156168,0.735541175072458,833.333321557855,7.438135816417061,72.37375254994598,8.652104313413277,107.23621818182944
46.2735651626552,0.6834605876158525,826.5223086845298,5.102962549458128,87.65719452146307,10.870677856438435,95.70111962005248
49.718227367011124,0.7213354578547697,929.187569894252,5.281122464605777,85.62292040709252,9.169008429658252,105.15826084104059
47.247119438128315,0.5337583541166119,742.0291218722466,5.688001368738717,81.5628395304339,8.815990638106168,107.24533696578139
57.19854589339792,0.5460013728998807,621.2409253674003,5.366049923932301,72.92670149846879,9.937662088043188,110.94947608080966
54.42820403761622,0.5401585793547395,832.1247786685169,5.331773506722738,74.54810128935345,9.888249763329743,101.82355672029968
50.5903778534393,0.701125435986444,907.1048937879572,6.0837852037279445,81.50947598578657,8.956003780120406,104.25833235273436
42.95150158469305,0.3982465295220092,826.606678513866,5.870758745923881,92.95248560772056,9.82018022762643,102.55984119267265
51.02202969227202,0.6464932028964723,696.7631057041243,5.5530158327237595,69.30540389958728,8.322992141492566,105.48803075317015
49.21140302909999,0.779615738299746,890.4353326792884,5.594285204640116,63.316795110811874,9.254202824186324,119.07425351817169
44.812069653193554,0.7498801592509352,815.325206365323,6.454822524471525,71.9562381966309,9.766756875905603,93.38129546457839
51.08536497537719,0.6557201872729549,834.8064170125932,6.2261560026034966,67.88652052924539,9.39913210975551,112.96915494671404
47.13259994760796,0.692666586636501,788.5198083432616,5.5343055934839285,86.672866674057,8.68306396183525,107.01603207245489
43.243184764354105,0.6889398470986692,688.4046706610058,5.528743661344298,69.83833735854226,9.0493481537463,103.60853677094788
45.48828653658842,0.6155411642058713,793.1507214473683,5.0532043106192805,65.99932322062051,9.931581685707778,103.98302681102835
55.25003710111261,0.5384440310424321,782.5986930604817,4.874055779076789,75.63729616121456,10.262657170307564,110.21318909227261
43.840042589875885,0.7376217142366283,705.0252527614626,6.266287503450327,70.56278313873727,10.316043075238754,105.38667085496355
59.768223067272814,0.6720534944291994,707.5488150662488,4.677029622798686,76.62499926567759,9.806898041391888,112.70524171419665
44.14478158153333,0.6767400113617653,834.9817606291948,6.310085738689788,87.78838698775559,8.5257908580486,106.45315282953354
50.7196498641264,0.621357625245161,691.6288300287212,6.249665254768233,74.82882133818464,8.657561719162693,103.43167471756072
50.55002859652495,0.6853975346070864,781.7007249285499,5.66506120306668,77.23543240479944,9.443681817942199,107.98087205367142
43.88213795584572,0.6624639449041617,767.0620254279456,5.890406146063302,79.97420223135438,9.489833615153625,109.44966582465273
49.6689881532927,0.7417803305703868,691.8014890960073,6.244393383684429,79.22183543850329,9.800272762592986,111.27878601191712
44.573977966421594,0.6872812451027195,752.321713737413,5.709702294475131,73.48469839337706,9.093284297959476,112.05704329028575
48.61234040074608,0.5900710549423855,852.6703799231592,5.0294274070797425,87.7935513702712,10.284380866792363,109.98088078430693
41.29555972170774,0.7130235817873471,811.1391497643741,6.603123054529308,73.50200448610273,9.013270815622136,105.00373192345207
46.77555451008499,0.5511804674460323,823.2259676673636,5.941240263747942,77.8419655259494,8.981587229989652,101.52031840278029
51.75132877923553,0.6220376589341313,829.7585931078297,5.68807385194097,78.10165061116501,9.785528163204283,107.38756070981573
46.328991469173715,0.477438192451376,711.0627573763627,5.520412702914581,64.821452390368,9.837192588507705,94.010024344084
48.42954831365921,0.7359968351739428,998.5266873897732,5.420087824476627,91.6430955327181,9.56886224280174,107.49266202544626
44.85511485714779,0.6531597184149439,816.4375529928272,5.781002680936382,84.36837650035733,8.56347712481135,111.69224887910414
43.02196225496886,0.6579465615781995,772.5407544296265,5.386917190661976,78.68195171395782,8.580223059044105,99.48932311090142
51.15836970568642,0.6909399145425165,724.474032863696,6.340564838346466,61.472024845129695,10.228769144378088,111.61230568431752
46.62195676633336,0.5467232368726205,792.3272224126721,5.249954090088061,78.15813776367827,9.711996193849952,104.45115433064453
57.895713619534774,0.6316967619561942,832.8910214804654,6.15781902188563,84.4698566802626,8.418097376013574,94.47190900057203
48.97896247119363,0.5653352521626311,737.996444833348,4.991408967385135,77.45023959917415,9.81631954523963,107.91025891769458
47.57224023900835,0.679557573978341,843.1128539142948,5.4492339903394384,65.50890599714357,9.627538006383931,105.07703655108232
42.22308076712877,0.5209824575195288,863.6009231594007,5.922719841645096,62.12203367480814,9.650101672584789,102.27784798091018
39.94561181326995,0.6905694635384504,666.2388006248082,6.288728267182892,64.54020831115729,9.69339247005444,107.19467969330675
52.14002766499004,0.6709006647003082,925.3187211528201,5.85036212963337,81.23376067502531,8.765229894786732,94.99158413967906
53.6724536586957,0.6588717882049787,743.3317943271711,5.396760849375028,87.49046944110987,9.707192282070991,104.6634521527079
52.22922766032571,0.5944503800860499,717.0766135344369,4.695579976391727,76.41843488321392,10.255477916944272,115.91026082029478
45.968634439189735,0.749699677380937,772.1361888803249,6.1922749784954565,92.83798850057151,9.96234803735413,96.0953010513815
43.63261738044589,0.6775134799787138,872.3195635488511,5.638667652062773,79.37558246096111,9.410471732384579,107.49205354245896
55.851710492719604,0.7056009310329644,759.0958349865184,5.552191792621482,80.14039290484514,10.137291403210163,98.49819651851058
45.03536195527909,0.6986143243778714,688.0805433371875,6.289107036291772,61.96259867752938,10.585453925623154,112.08665712311551
49.59503081254098,0.6806182983089161,796.3628752044206,6.1203876650851186,77.8192907317179,9.798588286914596,111.92508801273524
48.802034436973244,0.6478250726781918,848.1746515674997,6.431867280661394,83.80147622879004,9.956331752655608,113.96397955492714
54.6031959523826,0.4843862875116681,859.2985380406192,6.154230039805067,87.78261554556272,10.529210024800788,107.92518199715194
55.51493187915651,0.6957754644609279,711.5774171032609,5.383631743628823,81.2402015304957,10.328984836881778,99.87519625239996
47.86826245302746,0.7189043118465618,762.921634734186,5.941718097047968,82.06981605009067,9.99316160152982,106.31220324621407
48.84723648520803,0.7026899072977021,780.4391640552092,5.956673646747057,71.34372846039847,9.486137797250603,99.17348317813388
50.63180120016243,0.6597054721012531,693.9978700540513,5.800758814305683,81.3540664095906,9.696327988868749,104.50174646039
53.54255898976955,0.5171137568117518,766.4789235068315,5.810287620111756,84.91742964167209,9.912944094754847,107.96616073981973
49.49816374953278,0.4116562725293992,905.7949923741693,6.074536978190704,84.82315028278917,10.101761063890736,110.94643857688115
50.503065965535434,0.4734889123347964,830.7958979414008,5.709792646266584,79.62649566120363,9.324179004965249,99.3485870515142
49.33644372925059,0.8649961368083655,690.9347802754337,5.733446129353673,75.72292524153191,9.851384681457574,108.59093704526565
46.86509849683673,0.567531905260964,713.5233919880487,5.56088685613762,80.74149018277154,9.727696609162265,102.579964543988
56.58417588131729,0.6398711306983796,844.057738976867,6.017477896686884,81.84274577629546,9.087231668265295,98.25642325686898
48.36261621817533,0.6989313497876213,849.7728453160962,5.141946755477862,71.59819371710881,8.821818454196862,100.22116405340259
51.03247527495992,0.7233042400960246,748.1208261631754,5.607417806517589,63.86721198773079,9.767127212051033,104.4758550788299
40.23934368739215,0.5295420152790125,810.667811813577,5.526506071656227,71.68522151837334,9.813482094039038,107.79509794870735
51.63204638590498,0.7946337182394739,861.7983674540886,6.093385760831629,53.47281915488125,9.184902230936284,100.67423914622212
47.45855165458784,0.49127289628028575,775.6765597249722,5.4516207207591085,74.35403130611078,9.651686346943885,108.32326588276177
48.390064495264724,0.7691465566236463,733.5496122781663,5.222554815089007,73.35075985442926,8.432894302772516,105.98574196325481
47.98371218962716,0.689615823368399,759.033802047714,6.759794280673775,91.79856623926679,10.599973702764803,112.35038395536596
44.0359403013991,0.7167929035262258,748.8236984899982,5.619902003246866,85.80209242302953,9.726353720668392,102.60592261273413
48.894426951051784,0.6539872148684209,848.4872454806547,5.326300453639092,74.13679680702428,9.77007388016126,103.47456260702089
40.13276762201512,0.689358096742916,628.271865618258,4.743357937592176,86.83633397082986,11.099481416383954,100.27232660565316
43.93425526919733,0.7409451097770186,781.2120390788384,5.854725056974495,77.6578346435533,9.323635917047634,110.30492789769238
50.409886839210586,0.6944425543204549,647.0577633427686,6.213906236946827,74.75959333238077,10.088366973840552,97.43582585674118
45.078740209047815,0.759097927879531,787.2266691167466,6.450386049168013,71.61665940589418,9.480350712333498,105.80180283991302
51.363464606425445,0.7813841737583597,791.4695525867293,5.070199778381961,78.6961708443035,9.110460995640178,111.94568118399556
56.74526730659092,0.7084715233816998,825.51533214635,5.231202754272634,80.66494356143279,9.747698573947773,112.32738793169649
54.4406576975107,0.7881547164965436,817.2954068969707,5.711730787028189,83.3695237007934,8.860300185477387,108.94370117869668
53.287317700272,0.753501717837394,832.1871745111948,5.623124033272383,75.02159922065583,9.566545232610249,100.46194151149152
45.198977970831734,0.6628515736679622,781.6358994330515,6.521180654569355,67.83526898123588,7.96852154625741,102.40458698437938
45.363418750598946,0.6966056532943231,908.2286798413116,5.768449108121212,79.76190291943242,9.792434923660162,108.31328970441942
41.29721272523673,0.7050717310998782,671.8165543319197,6.10558356766311,75.04474470072034,9.448722951633812,111.20636732823692
55.413607577798885,0.6090912267468541,868.0828187249031,5.904468039942017,69.72087807178417,9.5214088738329,113.16629757288256
44.905270748309114,0.6670185166160236,802.1781500445842,4.748437671516808,80.21538771506813,8.096663539784467,113.19184351117676
43.32333475180763,0.5377154996305487,652.8623959587541,4.8010832621807635,102.4328944523603,9.472730120070233,108.80394695352156
56.84426961991403,0.6040981061550077,792.581765787916,5.277629901405886,87.03422808055527,9.735117377286572,107.06775016470482
52.23141008430225,0.7155358446341851,783.7049830177301,5.890841028877683,91.2728990902756,9.264868483474572,109.45366157864389
43.4901035100472,0.5623502548003133,764.1257924375144,5.961795528039164,67.68264723795141,9.960142640748524,102.4464962624969
47.753256658496866,0.3862200865770742,703.403654855559,5.778354779910419,81.89676572843364,10.2120669936081,107.09098608928743
39.95561705116498,0.6947817212629106,752.3009622248239,4.965558319024271,56.56514808613284,9.415248511404256,101.80148678126194
48.25168026154495,0.6313400775883757,771.5524696548333,5.882340312402967,85.77294956921357,9.713648377658101,107.87893060062082
43.88970471987785,0.6059767071924832,822.4065567669355,6.11845786876196,74.93429423013043,9.011407301648923,108.17029984465951
51.29928737859757,0.7597300861235122,707.8177493891261,6.621367931626077,81.43358104353732,10.96932047555022,98.44548505148683
49.48982593681559,0.6181323639952682,875.1842524355399,5.194226431350302,68.22087957442302,9.94136021076035,104.03916600904111
43.13044056602641,0.46331760979533354,817.5418524097427,6.017140197917883,82.65525102233742,8.709528475280868,99.92295079466312
46.824720606774974,0.6311314349156483,803.4956950756381,4.206984452684004,84.33149384984313,9.936194143995689,105.06705236311115
48.55844589401937,0.6722738751061114,720.0178950144871,5.671308767155665,83.79759635695662,10.632523667467364,110.37041009589684
43.31193476779035,0.5544089058564502,944.3503374198488,6.662193624261139,80.99102324855784,9.628145516141927,97.46783129334321
52.89826988708675,0.6617125396266068,646.9182921344953,5.365706325615147,81.9515240258898,10.088676307200078,107.76908656804217
48.105106915023896,0.5891639828019598,820.2903864446941,5.723561808250494,92.29086418780659,8.522168390296132,109.69642212398068
51.07142665966479,0.6096913886169415,682.3195560802887,6.366617541793554,72.38852423625201,10.967398210086898,105.28996398077419
52.37330184851641,0.7717993038447226,970.1449458196073,4.974896775427352,91.99652739467462,9.596494835260618,106.18368918065907
47.401535346497226,0.5996692286147677,778.1945411800203,5.7534410442085235,67.63382718209932,9.549262942479615,98.30816904994289
50.60221713124097,0.6851323843537288,1009.7043909876662,5.9539492646921195,80.83575222451312,9.981220783916571,99.18756558204845
53.79136997612008,0.6066549044840773,763.5887962552675,7.111373274117108,79.30916993245735,8.348989399026253,101.73236517361146
53.11736232999092,0.6272816606632691,665.8515765662903,5.021743456932162,73.87690745526017,8.690470012684537,98.9155027524519
51.89044378082598,0.6393149898903444,880.4350603634495,6.163460849511451,86.35922970790205,9.698846251693329,107.53979328127618
43.08243820786586,0.6164116941580479,784.7914126406539,6.5375090993608005,65.16596669387592,9.916423817242705,104.86144123109312
45.18799957863304,0.6765060053502653,776.7260686161048,5.656816795887435,80.72670949714968,9.667178649280933,111.37716924554127
42.03671468748979,0.7126869542603809,813.2738309616639,6.4276288374531765,78.44938370172228,10.13802172807387,112.49330716189402
57.826805391065605,0.8134930717142972,839.1265257705874,5.398863456847036,69.48044138776052,10.510157414433682,103.03599933849641
50.07749620107243,0.6876833782503085,758.1572721430327,6.601894906956404,93.1668022800604,11.8287334946512,103.96095731526039
55.63662552898609,0.7368798298185697,814.4220533688537,6.834954744000707,67.08251250722688,8.859760442476087,105.40741981357836
41.830262984770634,0.5998498381842218,830.9656948359722,5.705484472435163,86.92933032359132,9.301917309388092,102.25066000115095
53.143785577189746,0.6158763033697914,847.2553035738945,5.630506795845275,66.06351832606843,9.495245144609559,97.59261762728708
43.525582339305046,0.6338481130296245,748.7256945718691,6.13354835508764,82.07099070800275,10.20975225912836,111.5585873647792
59.25189370342399,0.6559253935527855,913.6055214082768,4.936252830621069,91.39985331618931,8.814888358939715,110.85787590093831
50.170456958143326,0.47894678393537554,677.9564327161049,6.216592764210157,85.41196550050817,10.500048122578788,100.02460142410055
48.52473428391983,0.7358608129887898,767.1267482283623,5.538858384017088,68.5103469445072,9.69119638322784,102.69784016530585
45.50191619516044,0.6612039802550773,701.5638691596786,5.131070565871898,88.91086636856038,9.078312268224927,109.69966290167693
54.51254354482506,0.6568340212172071,785.3650566753664,5.043642485820113,91.67221303477577,10.15293784752117,105.55932036454924
43.98261398084756,0.6761340994115146,708.005836260862,6.9146131750918745,73.3502105605231,9.381485753666528,114.69364739151092
48.75461123710495,0.7453396080833302,851.9419511832883,5.858478803049061,71.79581199639576,9.345422514537738,99.12933628949267
49.49805787103638,0.7177203213647041,785.2074086879028,5.938324993894543,83.36226860268562,10.949687937421407,114.11861836122534
56.41162667114009,0.5630780389579886,725.732740046634,5.9904733919683055,72.32357581249528,10.974723744379185,105.04711173670869
50.68406057086516,0.6915218444778471,712.2630444810499,5.675116157751434,70.92034000992092,10.908782606223866,95.244196971789
44.19907914164648,0.5624303264357805,872.2779256176044,5.017049994294048,84.26063461008886,8.525880920194046,104.3351888287746
54.02647033713778,0.6605328022125633,761.9384281186079,5.962131745542263,73.67141472448678,8.749751999394427,113.1784208696022
50.91402523839167,0.6220954942643462,652.0437433346735,5.512356079499939,82.58470737434047,9.796688714803508,99.43062843270576
42.09503721237432,0.7280068550193411,653.7435217925909,4.900883850710871,101.1601497915767,8.45765848686229,104.84293457103827
60.65224380135567,0.6398409030483612,788.2594940803291,6.680347208395195,81.65706880336016,8.547193793766388,108.72618599662462
48.12629027867407,0.6391727580491183,846.0832726275457,6.6288935552616195,81.85322641742017,8.366737070518237,112.51495611151057
40.77086144931726,0.8324181063023048,733.2867256631632,6.292992636344302,72.01977236906471,8.672776611614452,101.81119075320841
38.4099612582888,0.5930980565035098,781.0448599510867,5.082948065450631,75.37255105301602,9.726997093415926,98.55940362483386
48.79242916353309,0.652957570301054,825.2234268143648,5.749583767781032,105.19263545164276,9.275667189822546,97.22447180595483
41.46281012687881,0.6074585665803597,662.2899473996982,5.304444795169398,80.91390376053836,9.939005152468535,99.46244693736759
48.009144338888994,0.46426916332231916,851.7819901998449,6.3095607059776055,79.71535816995782,10.027640893074171,105.31723075088969
46.782142773427715,0.4694824966527775,806.4536153918298,5.897966161846728,84.18427637131971,9.810079840666141,102.62701493858664
50.47515529343311,0.5101188075594698,700.1382343121895,5.821540321406055,85.98981867628122,8.879005460807093,102.37766017464364
53.44421710390908,0.5715083246647017,817.2728815955942,6.4602345646391806,73.25712595552922,11.919464579497731,97.05012835935264
44.4234966195527,0.7267636781055916,717.732931865037,4.957379228520658,72.45501119222637,9.940817581479678,106.28910782127774
56.365627794036534,0.613577952588777,800.8025928187491,4.762128681624819,78.2848239384051,9.474398743736469,100.79280259556394
49.52198580706742,0.5262514826959724,814.837346974244,6.2237976143631615,59.549139374646636,9.560581748098944,112.07116150852853
50.75615123115026,0.7426632457251543,675.2082847318529,5.699320781925803,88.28687424574339,8.994923849663275,115.33632552136316
57.771202200443255,0.48838715623490936,979.2081594790992,6.474837153034849,77.82103587833431,9.091064152330533,102.12232136436123
41.2777371349954,0.8638185217974357,663.2162187919469,7.6260132403178424,77.15831765407464,10.416938067889895,107.20315216101143
45.371303527186754,0.7595497741487598,662.4997546866579,6.130095964607803,86.35602537704403,8.643763652700654,117.0008381791728
53.793853950574615,0.7828678252488199,693.3106154414214,5.234499667012158,89.14343576050177,8.544765002439435,101.30873974021651
47.86590626526203,0.7147533271546443,799.9662877237928,6.583787567321255,81.18244100554521,8.35315705317095,98.68491110799798
43.42682247011403,0.7025617850998906,694.3454482919722,5.964189646660534,79.9360753548454,9.431246329056416,105.22620167827921
49.39086847895519,0.5989689066386361,744.476013208191,5.525725526964225,71.19888479897057,10.8034126079512,113.16060426139144
48.42769102150437,0.6571074993942406,665.3418824743221,6.417345114333263,82.22000776121646,10.242720539873492,107.90854022992688
49.009348475280525,0.879467187550767,708.9646398933093,4.560904653547279,82.7049692586146,8.684728227214423,98.65614419110462
48.04648469249834,0.6893060698733493,740.247851322264,6.5264816679286,75.23370318158123,10.288861761534628,102.08225166293137
51.02567310774728,0.6629379515891864,696.1954842174312,5.885248369660706,77.82717797331493,10.67394055287313,104.71733230417811
49.768124052112945,0.4885231690007512,665.1050855188073,5.530223369992849,76.4234609852105,9.48583330543684,103.5047470223451
49.12268108132174,0.5824519496693115,753.686754713585,6.151275500860528,88.25958340642669,9.566931535622434,101.50733161608991
39.14048303310174,0.6778759218674942,798.813202493647,5.087265461577154,111.32055866921789,9.85397047083456,104.70428178419006
41.49626022840117,0.5805387402072718,596.8629412774419,5.170704620125892,79.62748438739791,9.42742826936955,113.70065167699943
48.10394312003885,0.502102492020121,943.7329106703927,5.945214206489377,65.61254156661374,9.169640034664615,107.88763136297563
58.42185824777728,0.594700033520389,853.0730549174167,7.220025373510306,79.0757492711263,9.943998522310332,101.61628718547021
57.65465836899087,0.6982190438308407,847.6664593089507,6.469391809825751,88.79723075688162,7.482161532454894,120.91880531650133
48.450925311668676,0.5774980685257413,638.7167952251781,5.183328377780803,75.57688205359263,9.404709142422915,111.57325720605814
45.763352392080556,0.5949758513609336,767.0615020577579,4.918388240487648,69.96162183755719,8.560723870790916,104.67163922696645
49.489285660807674,0.6618186726429265,705.3122129483659,6.92115683082854,73.1450501424159,9.882854121950006,101.1157890992519
43.82365118796834,0.6595760540193051,738.892973562596,5.289500640355513,86.120939096487,8.66956558757864,101.7760113565297
45.61046191856155,0.5954900916904053,737.7625113172388,6.590708029728858,90.15947492913274,8.893917747160113,115.43812242855577
49.601741740926855,0.7357716868278239,702.0002346916552,6.062457299245523,72.80844340136798,9.579027063962165,109.01024637307397
44.586114567130394,0.6181293634981665,902.4633514559673,5.781223699029439,66.72929542616029,10.219859389454804,100.03503923408563
45.27246645273104,0.8172574129799102,860.4684388433177,5.597244698236342,75.13475002260002,8.60954643081406,108.84557821633193
48.31763741868054,0.6507224569580534,783.7628042753474,6.571064583794137,89.38168332893383,10.787600094127185,104.5661083935289
48.25976799664059,0.670999888308831,803.3875800179129,6.844744939639498,68.28603681851392,9.702462171924296,115.04476679793521
42.36357232684961,0.6226121494072401,741.9466250591312,5.6881063329868615,78.5781038431472,10.065769684072322,102.40720882773874
52.43174012515331,0.8458506173655183,812.9946310615167,5.93950591860404,79.76230525962255,7.940981966262969,102.73167528800784
54.208332178707394,0.6835548960348706,788.5012554090927,4.57922246470271,80.67954042358708,9.29979237461337,103.12394383796334
46.572404746834415,0.6870394979051834,908.233889255019,6.419728366434148,84.91866849155457,11.971741459946509,105.1035976551965
46.69937453080463,0.5777137440070906,744.9222871084143,5.711955827806235,71.74495147521904,9.946115178140829,109.58670178729272
46.83688144239158,0.5851243007953373,860.9987840695587,5.006509580690762,88.75090527695198,9.789102518941272,99.51039605532299
50.30475283076769,0.7807902678099767,822.2527498123345,6.3121393512843404,86.8415827737599,8.821551880170523,103.26687485548374
52.410717306954965,0.7369110859139941,732.3412144297372,4.469361821384089,77.64494038374323,9.551500104361397,97.58897205604671
54.20947291280798,0.5235482704445994,850.0539688950188,5.368816860273134,75.87426289652728,9.937307952537916,101.79688795381625
52.112914746812265,0.5334282510672316,750.655590924319,6.2850406169535775,93.41799908084036,9.646254164687273,106.73113496944111
56.26449982789239,0.7086953471053943,785.3100910346438,6.6904879191908515,70.16534213007802,9.476426306790149,106.25098754784837
48.64093739014504,0.5658484414930692,781.0081191727467,6.4659104195648265,83.70785663543047,8.927103356153115,101.52353881793807
40.82365029245447,0.7906833047776964,897.5278131136333,5.923555712760189,80.16324212646171,9.77819823865144,100.37896018105596
39.46836774318341,0.6829685646676008,887.0973047460878,5.389486770519848,78.15381720827867,8.973381331611991,111.0815092845539
46.777967547144314,0.6219071816779477,835.155699128006,5.958331085538539,68.98276354819424,10.25437967879188,105.2974707221544
40.93161045393778,0.7950619272924272,732.8168466280957,5.404504872672771,84.5557788396165,10.16005402983613,104.01723887784415
45.64942130490755,0.45157947638344936,727.1314883572265,4.141094079951589,83.89768020430846,8.714066897653176,99.70236500846032
48.900016867988356,0.5723192690601048,745.8626611762928,6.2525272491388435,65.13769213108627,9.218135942416607,109.46153401642174
34.48886843734654,0.6981091501913492,887.184903304257,5.772461156334877,80.56625065005382,10.082151373237073,112.51814197258395
48.965654799665224,0.8437952476441775,769.5384414144606,5.642884167657635,70.9802395411475,10.34068697543678,111.5235094655162
43.80852438324805,0.6124824951080028,700.0353707688271,5.952273623458231,77.35016646414645,9.625655553806572,96.2946711013958
51.565344062061136,0.5802645051969645,685.2919655545933,5.724112681320909,85.76178928367244,8.41359050056902,108.62166665758811
50.01920864863487,0.7592279741758738,892.9474334008346,5.7592220253605095,81.33992724195073,8.583538566214466,99.7236073905379
47.39346981397851,0.7067493404470034,712.6421500416528,4.8915101760139015,87.08136616324026,11.081007692538535,107.89143199180782
43.88831527963036,0.5870174882440434,739.3800172476798,6.065729080532105,77.12510388404841,10.82542826701918,100.03995789425711
37.29181913234598,0.5785832000510415,800.8678700927754,5.478935749427412,82.18466917157959,8.897381107962698,102.17053356834874
55.5153876787608,0.6972197687060186,816.8045813812049,5.847689283004193,72.25511522850529,10.794996640397812,100.09846309714841
39.617712807612975,0.7033857738120974,547.3090753746253,6.490682586454274,83.04067017618831,9.978801416400136,103.78223782812334
59.16078938239961,0.6427408021821502,673.0285399665387,6.34761177834158,85.25118366532885,10.284610303377864,102.61902066372589
43.0017586736652,0.6099176546852471,845.9752962410882,4.612597449698863,75.56753220093474,9.194788715776271,97.89877628704242
55.02549445236498,0.4925369232772019,762.1493636137848,4.672240944535079,81.98539440574537,8.65108368929973,113.64562846970969
47.3149551350782,0.5338613272097038,835.3431470260017,4.74153231881291,78.56392639651887,9.881823417951697,111.3535949685942
48.80828607471348,0.7357219530057556,799.4332777209576,5.68276899318592,68.61867934347046,9.074822321261323,108.18344605103046
39.94895685864813,0.4724756473925635,796.7002601764883,5.743661858457264,75.59466655338814,9.680454308128468,100.08891424609519
45.30787719043304,0.5812202212354425,661.4709746883565,5.496673827954352,71.87656016809835,8.00934412132039,108.37986129838777
46.762886377846954,0.6290095350505662,819.0638111555216,6.043935941206065,79.4759340739889,8.772269129093354,103.55018063748824
53.22004258194131,0.6386377356996162,820.5011382189675,5.358173162880468,82.86748433264431,9.265228710152423,98.35928495823264
42.2225142230274,0.6182066439734696,929.279000531655,6.272836015745946,74.2464144625342,10.571004313305417,108.96880041007658
48.206274031455706,0.5879679594951217,748.199417561486,4.6323840116533415,106.94564608289703,9.528378204346472,107.0262228805258
42.96958851932462,0.6284146029441059,863.9920869940257,6.026245145566057,86.60631472938178,8.984602035518376,100.41938263155421
47.14112984659911,0.7179799638903727,874.4549378826697,5.677136926060838,90.74219206782732,10.661694987398514,109.16020654818195
50.471419936570356,0.7883562489592572,831.3726963678187,6.318833791642705,81.86989359678572,10.04589296788828,100.13603496086192
52.543098157486455,0.5244938390425247,809.8964440522427,5.213906446982469,73.30255260451429,9.522901085256517,106.97278924053296
41.34800713506842,0.6476021934901641,692.2744640792107,5.713841197843444,66.58771829228748,9.273677193154752,103.1571814881419
40.82363213373141,0.6566023032818252,861.1472745821446,6.690788953343443,70.19381511270143,9.584297053901592,99.69911639750428
47.133575438562694,0.5116149324952525,644.4558441967254,5.121870357889549,63.43935187225101,10.285271592998534,102.84381365856083
52.15671032342398,0.8044792574637458,736.5467588133298,4.996419369111434,78.31773794126478,9.048787827373573,92.28331680445156
49.34190214072164,0.6975580526783812,749.9154822241477,5.103005166275222,78.25180387965686,8.801231737248365,106.84960553318159
45.13775893380395,0.6428117074419384,891.0091130093415,6.456969376693491,86.82098390998915,10.986279070224722,106.75757912027984
53.97091918970008,0.7465160691293409,784.6438251026962,6.229838055707961,78.41175236151918,9.75761373778412,96.78606255192392
41.59568991422071,0.6962931280348285,687.4625482260435,6.2564412916314005,83.06514295393274,11.063356531942144,105.60572434401236
47.949413335370146,0.7602964767010147,864.888993157589,5.0347425192605035,83.01102763739078,8.217216581428465,104.30775583702876
49.62071368051278,0.749225455641582,843.5911166200534,5.466041600543453,80.84316437610548,9.857398248898168,100.15219170195313
48.44045600513996,0.5996109935663634,644.1675193500491,6.299212645299393,85.23303763878259,10.630196655165285,105.07165919343625
50.20423035586857,0.5698454025011535,791.0800472941178,4.963510410179222,70.8308167706005,9.164721745785378,104.00387453079573
51.14816075315518,0.7563073337152667,633.217252589141,5.600227611904897,71.87796862539192,9.870211236403472,108.11315106675382
45.249264848765925,0.46264677505027774,752.579538910622,6.149143543376633,79.36240058262096,8.63076222597435,97.11088441259729
43.14738187231593,0.6696157329331007,839.8734409979692,5.8801625969118465,79.27649428920067,8.641547772575986,111.54312308823476
49.30392071371497,0.663280756414036,761.3650384846859,5.431395728779086,77.48298812587915,10.528756953701988,106.91467561659937
54.727300172389995,0.6296269504774281,748.1370961594499,5.521581577596499,67.04233927254371,9.34325509069373,105.54036501937242
45.185865167323286,0.7834943254917304,776.3946695334342,5.35582120227085,77.47494045603783,9.841331339914241,103.6707193804395
47.09254627476323,0.7087862272416231,737.2854113368574,6.146537953070521,76.40319219194583,10.318372841489722,97.42599350783505
49.90465347211,0.7507065958164912,824.5829384954037,5.755484782028083,70.22963829809586,9.497965687090375,111.64535653112954
47.5569793313567,0.6813381747325791,829.2951946755417,5.553677193370759,75.79279751996086,8.97242986637317,100.25867402870651
49.37607925809776,0.7411678600035869,799.5596360317627,5.532963597038345,75.07674208209876,9.607991077508098,100.2949220992256
46.94807257202786,0.5489927535075219,761.0335909296045,5.717935566528058,79.2049218997588,8.564423711930582,107.47558003591533
46.39547311382325,0.607257521132144,565.0377213840538,5.288225158962644,77.1785504591929,10.42354210504446,97.90091824478934
48.284304208352644,0.5396913077672559,777.4649769721178,6.621801161548512,67.97799436510853,9.652808487372425,104.86515809421314
49.32840635295327,0.8156122480951146,777.9294195037496,6.15846241962659,79.27102836707661,9.453933657852069,111.46664513352552
51.58655821370931,0.5449352406066849,883.6771181761229,6.062238213351965,79.1724601075788,9.302801449683177,100.26106771242542
47.564427755725596,0.6305895811134121,811.7061623723204,5.053368923753618,91.07183501404081,8.744408784457871,110.78082113662481
55.36159330625691,0.7108779858777595,741.9614040403687,6.435818796524237,62.04228157901925,10.251791462483933,105.82515844964789
48.51230301048492,0.5793515288763506,908.2388486629379,5.966610120170228,82.50400863180087,9.275833596093149,103.95796202867302
45.574936484087395,0.5114840500567112,778.1684932890308,4.311633915669604,85.0016986522345,9.25515735492996,104.92863356052148
55.07629438351451,0.6255719201345311,877.5713525463265,5.8032078421240705,81.23051456087924,10.405262262313837,106.671076290117
53.32338124508207,0.6112409067274821,855.4762496736279,4.430371562456179,83.39138748007177,10.008563784534596,103.89521812740821
49.0061426872867,0.6326303075493948,795.9239146731654,5.263317106656151,65.38681859051798,8.920748180833478,107.00520150533006
50.92080155358507,0.6781048344188835,752.8839733019512,5.99352711515737,83.1403327123551,8.893936893030311,107.44003230887408
50.94994456987031,0.5334347622259364,799.2140397815845,6.618021756152803,91.4554324430287,10.077379154837654,98.61332269807599
50.648158146674255,0.6670756934931502,761.7136534157621,5.236776800072118,71.17663753210306,10.015386535026387,99.8024954352042
39.32845560176571,0.6443626060333553,880.6788513166204,5.830993874435148,62.08226683891295,10.844202074880183,104.8838078305192
40.38076404335328,0.7283113661161271,736.5510924897139,6.173721245225115,80.26715273119423,10.853100484722324,104.98016116962121
46.95718205897162,0.7259533819517298,920.2816883764357,6.084133024646841,71.04018472209464,9.910337324999857,103.08322615543248
42.41736973357149,0.7393488216240438,686.3113626049444,6.936370842723882,70.42913841336258,8.313426064874685,103.39630690189684
56.12978069413396,0.699349835376063,789.1985096743811,5.4722435500064055,64.52927209228898,9.453687886776699,112.28929865524547
52.61768961419799,0.6465602314872269,699.475603264208,4.883966355509403,84.66501790498893,10.24694353157374,106.57662414629962
49.006264724322094,0.8668747882634169,808.4069093189198,6.113856957283192,79.94085897009867,9.500931703875242,104.9519725554516
45.9226257954612,0.6281775204166281,913.3124130260348,6.1674300964117545,74.10199383435246,10.457259953707144,100.69854239982813
46.60675769007538,0.6855533674813259,834.1836211768214,6.154113783922046,77.130699397982,8.65606542276953,108.19267832944924
48.14330981430907,0.5215142886728747,775.4328578014739,6.105084191821715,78.96108769265355,10.49951354487652,103.77706670825242
55.462483976345766,0.6119747863075828,707.7933497112881,5.889359468580473,61.34938854175105,10.354746785298037,108.5457986602444
38.22217914752831,0.6331317864698703,836.0685619244761,5.641178141156603,60.17505348736745,9.990340340518944,109.46150541046939
45.27824694617716,0.6241087011751567,891.7799479180704,5.135980519128432,77.90252687616034,7.958457885475506,103.63280561348911
42.40543518523248,0.7096957527714379,838.4217647914544,6.2584110748850055,93.71818301329003,8.989577945754633,106.06067076304774
58.96572562219613,0.6452203160434367,823.6492497227874,5.868084836582592,88.77441906213639,8.6504892798145,91.35960891395217
46.89823848699396,0.7070124387504708,849.5726382524814,6.619628431635456,73.10882797731173,8.98864237310993,102.56896923821208
43.95530269824998,0.6119820187015641,597.6017867443886,6.965896917656053,66.0120072955809,10.267775106883484,116.61966895557167
40.95622837333394,0.6917548103647908,704.2887348856723,5.827090864732253,66.06285706526634,9.35613319027818,116.8832744872931
51.9553426142309,0.7781335795871478,760.0999451145774,5.976105725846402,77.70993482180565,10.86610958097694,103.99125485864697
48.23840945663212,0.6755676044102228,658.4632946629368,5.168546665982333,78.52722255579263,9.123626804817688,108.11632680939827
55.264114405153364,0.5917453027380889,791.5418956469168,4.0859638882706255,66.9568739989682,9.476984540765857,106.27635764527095
45.90115468902015,0.7657221312075129,799.895695596399,5.421195809268993,75.55437196862805,9.521293772768331,101.03670193022595
53.15215876655675,0.6868217458603221,794.8033682857632,6.125014662697121,80.30992630649617,9.110482698980459,105.479903738208
49.273698952330726,0.6444905849207405,870.4451795356438,6.45817646460365,67.56989510339776,9.58131795766591,108.73695031737228
42.71024926441286,0.6876371933850547,725.8633429346006,5.84256425948981,50.648852179540306,9.13323774639075,103.41056491917506
41.18752143241968,0.6272963245360312,787.6114321235822,6.072952928967107,82.24463870487729,7.983971301584088,96.92719210599093
53.09338187110759,0.8348220363998042,815.0258995322263,5.693967125224593,89.2894628726136,8.184803728074671,101.90893612203263
44.56620201852853,0.5185371530281251,751.0079754489931,5.896684210746364,54.112183594833965,9.694818937459118,106.38769307253266
56.7663200398713,0.6373710169708706,870.7314877883039,7.028569956754293,69.74809471811945,9.283275275405948,111.98447838526553
50.44594095147752,0.5602567635153015,767.3961990589905,6.063803289460793,89.37332882797416,8.914251412495357,106.93590751987662
43.53706752925208,0.7507814741728749,571.4890388957937,6.542152093465831,77.03689559508372,9.355901463014291,110.8798068227472
49.059195877845426,0.6036256874103882,728.0109117873527,6.1714061016100965,82.84727798642412,10.168415261842497,107.08484933213352
46.796448547489064,0.6940938600316259,785.4214901446741,5.554215506703309,73.46907555474272,9.223212425959655,108.52595267513495
46.29329630354022,0.8207214429012117,738.9698290601451,4.883215031165958,86.48545063169163,9.098035211140864,102.57575219997284
47.91582175110275,0.6479923277782612,797.7741454311746,5.800117299919474,79.75710269595314,9.854246879845697,101.79722704273728
47.42885917579506,0.5746283209641481,832.2954644166593,5.555296342277365,68.86084124986425,9.170948704506383,109.26428618469578
47.31281989454012,0.6267236994489236,772.1563137522083,5.263308705961684,77.7893845587984,9.545314652039144,92.6758628440044
52.44721448331044,0.7050382389719388,686.4995148137368,6.387111228250761,86.65591741655795,9.77402490424884,101.17072045069595
48.22967246396999,0.5440825923171158,787.5471847084252,5.909801435293283,76.4706343599017,9.861361217512947,107.08920512660927
53.45856477834879,0.8054025459364784,1002.2292146120894,6.49415240956776,77.4537279609537,10.017816047842453,107.80570797145144
46.46319574080816,0.44420627155151815,858.9692079907945,6.49225129852299,77.50862408676625,8.862503478129586,104.97657830580052
44.70712913541315,0.64868375171774,960.9026940890049,7.066661103183847,100.06390806408227,9.942677419725248,102.45705953141461
51.19865849701524,0.5440161213153311,823.8017838122361,6.270084221491004,80.32245218393392,8.877429658466177,106.03032532889858
40.54654705783156,0.5281430133742722,785.9659833391671,6.451212935288493,75.09641929826849,8.282632293397505,114.88733270467941
55.50045345746249,0.8657664224758321,732.7008159492775,5.379586584015461,65.98817048070296,9.001897296786318,102.9193943572996
52.98937247843887,0.5666549488357169,684.4243378039799,4.7936709384677565,66.61576061298703,9.499122967730749,101.57830838399775
47.77971958265822,0.7437854216244972,643.6269901823476,5.9215837539875995,73.5378974274513,9.784136549846862,102.53720243538987
41.85304416183047,0.6344997475224107,758.6904816260994,5.584020300518896,85.63886298313649,10.830287690573932,101.20027073008
55.99258257822383,0.6243144785188876,913.7656924574121,4.958788746321157,63.130996572058095,9.950061224407746,98.174628796291
45.44668287992557,0.6071379172736351,715.8853053923594,5.798631838365112,52.58115298572804,8.3136614140571,100.41131914011501
40.10993713775258,0.8125752638986005,731.2983190750708,4.689921616105211,91.78372759118268,8.833530074975169,108.89863751530567
44.16020709004103,0.5417014394327068,707.2654745794266,5.615447187811339,82.98749878584447,9.130817909087646,103.86212338066584
58.890436664564746,0.7138935615351089,761.5167499045275,6.123110264324221,68.2811882077551,10.853180408048882,110.08139108564818
45.76328341506486,0.6165164467741284,874.5664134913532,5.029276233777376,83.91801482865941,9.719219793700356,107.33669707582914
40.52872707163915,0.6098386744341235,687.2641982377821,5.161224533528663,78.75502953857115,9.30940914533055,100.67212326455419
47.756082207159295,0.8323456927848534,849.0400996173096,5.764209975000403,62.58485003760552,9.5367965290937,101.04602698025953
43.201394745325025,0.6276305754793453,688.6606022822207,5.605151899141047,69.18377086655629,9.244695350610733,104.82819605775303
44.458441545664996,0.5922581537156107,958.8590508275776,7.687084881952286,82.47754593678911,9.022601526166158,108.57832127564953
53.73202159223084,0.7839001125371207,521.5438622208266,7.415963511474315,74.22160974806489,8.876293753921601,93.37213151028101
46.66859863324018,0.443772795964676,754.5485266509725,5.510822842079201,79.99864671971947,8.863705469461374,108.7200452057085
57.41456930947775,0.5404321307783599,741.6490411970786,5.087178191263415,81.35715737498535,9.251894776635034,107.66181228927141
47.728412935793095,0.5977464144395445,736.2121869232188,5.868559090862886,85.32212475019256,9.02131135504138,108.29591836460656
51.04788702624848,0.5771265583312923,801.4947180450355,6.285507704549581,55.64887372232032,10.824755125136377,103.32613176361372
51.38051844328942,0.8055698190500973,751.3365554045376,5.81190142819924,85.68886518128376,9.130991456331797,109.98625568861266
46.9365508036218,0.7980093930968678,768.467950855137,4.580709309775365,67.00580813961368,9.014706144116717,97.8495738578923
57.71448644416856,0.7077612800227444,760.2089269213473,6.062111822046885,87.72391011382527,9.508861914693082,99.31032766206079
51.59805859989042,0.8282920062700639,827.8910011054178,6.12262419643942,75.81982021884632,9.899830968340863,96.25193815784196
54.76449995517451,0.4821121379148735,723.4135516651189,6.869452756298361,78.40180242041394,9.947958593515503,106.87013865992603
57.745485436910826,0.7537512009252308,690.7456432434843,5.5472949165394,72.3805473469093,11.318832978117207,103.43215893720465
45.77129815250792,0.5395055709249064,727.1959615309528,5.954119366416975,79.02816996007978,10.316020081566759,106.64419122000443
47.479218585968525,0.49499903888720365,787.4860788159127,6.288712442113519,84.39196200130839,9.917987305328976,106.4103718738741
46.52754281997673,0.9510779021900075,759.5739730857829,5.8971830345938665,88.4835447058979,10.192678268127022,94.07096209742545
42.76306833869308,0.6831097953600109,789.5497549800874,5.571840808640571,79.86269742308896,10.16415804574071,101.7113848771647
54.95960820049779,0.6461038975745786,767.2510606096635,5.170735629095939,98.69892043063913,9.258423992196843,101.3453396197759
43.91402222701921,0.8164385200618097,759.3543726046202,5.980384599223073,66.11695210651024,10.37758271960369,101.40967847708384
48.6884893679589,0.564295819386379,659.9683811306,6.81811414739232,88.3718716606598,9.035005819823287,107.10846670630755
50.09287234090584,0.8035105021961917,794.432705425887,5.047912434310292,59.65472722905581,8.208449476321062,104.70769888697858
45.89906528168167,0.8014962891172068,756.9359238499342,6.236927749995018,81.66768614276936,8.705631921268447,108.71758945148753
50.6122375115169,0.49510643372843366,850.0265650678452,5.822107153442913,86.11499518060093,9.679190301899943,114.31129670877633
54.20398977092424,0.7212972908671156,748.052158642254,6.55362037041415,74.00080544847897,8.629671473301185,98.05094052928514
56.28848717668098,0.6072332351894218,663.4032307621245,5.924195822865443,64.47375393261942,9.768744152303846,115.04175091324633
53.902367476456895,0.8505666584584715,646.7676890015496,5.360456554059772,82.19583434672909,9.708661600541875,102.10707006021785
42.53458818861192,0.6880955809756559,801.3013234319744,5.16369894204447,83.72661241563435,9.389107728828487,108.0190478643626
43.2633109356933,0.6906055473084594,825.639076307591,6.6776677635556,69.35334202418909,9.230058278725695,109.4982383796475
47.38434534307175,0.6465905439764799,815.5879382174651,5.782248339979207,74.40767156401299,9.412036252665587,107.30120754390518
44.485643898099646,0.8768364372494952,866.5843602506129,5.775571777993383,87.30951151086349,9.034135489235421,110.82610036030196
45.41445294405883,0.5851675655983682,600.9197937036088,5.555084521584952,73.32146776714822,8.198818111997124,104.81762570156377
51.372159808968036,0.6041632413793127,829.3587222507231,5.60812570827233,87.7593118654932,10.256135865595665,106.29992238239254
49.16002941725844,0.7598205600786982,688.8868667534211,6.760160053606059,82.43836383667809,9.374071301325438,106.3688844757075
50.19472720527583,0.7109547357343702,715.317208162297,6.143461674874914,76.24217848954163,8.126184757266815,110.63920366506058
48.130040947650315,0.6328451584392676,772.4971935822202,6.087068039094717,79.62044091609566,9.084715812567337,99.57361413121619
43.966524812624826,0.8539941942500884,979.8543553719969,4.666927641009834,77.81157928299733,9.723778972663586,113.30349867298506
48.52600895336109,0.6174884535604838,611.7165097255286,7.531941158157878,66.36819066138625,10.249771993503034,107.9186041907447
50.708017433860306,0.4412729183099753,805.6732144170167,6.04850157792388,70.86356645045109,9.908627932673786,108.7956094651972
49.636981256765786,0.5708786629453513,750.0584125789276,5.866620677472656,71.26820170761442,9.894020189990309,103.28618272490905
54.52418212817629,0.620312951213561,780.2282379134374,5.851277055351138,64.48495438140768,9.066485160262115,104.71502089800443
53.5447872020458,0.8182262001284875,891.3043481854198,5.83179996383874,91.75096516186694,7.980879502706418,104.534456988305
53.42249787639206,0.668479586711522,785.6020140843202,4.849975945259249,74.33323530586321,10.388595207513212,100.97154495547002
50.387692613514474,0.7082163440514125,776.3736497433276,5.075455855854529,74.68057483155383,11.138709450282377,108.11189534308878
53.37027140760142,0.7452684933942413,747.6973110282171,5.643121782866829,65.5578777696111,8.876527870596323,93.52679558170459
46.42596213063944,0.7966696393009739,790.5407206833761,5.921052137258555,84.34801521879277,8.404839051982698,112.65642618918868
51.629419636826526,0.5239801079779001,683.9706108924382,6.741689320693036,66.38274954216122,9.343772062570746,106.16891177674385
41.28183032285925,0.5532942731570989,622.1811417155627,4.91927544852013,61.910436167187626,9.453929742549803,111.33649832651652
46.268957313386245,0.586678773339297,960.0145773052283,6.360281193880818,72.77537896487961,8.632618720499053,104.86442183899699
44.64157206639293,0.5939337885733884,782.1829684006728,5.2056328378337975,80.50527106164176,8.673112825425111,103.59087061805587
